SubjectID,researchdate,BrandID,Brand,CategoryDelivery,daily_ots,score,threshold,reason
792639191900656642,2025-06-01,221942,xiaomi,Смартфоны,47320.628,12.178,10.0,"CombinedScore=12.18; OTS_Z=12.18; COUNT_Z=0.71; daily_ots=47320.6 > thresh=39628.5 (median=4310.7, MAD=2382.2, n=3163)"
1306806058556077568,2025-06-01,207447,honor,Смартфоны,285217.91,75.7784,10.0,"CombinedScore=75.78; OTS_Z=75.78; COUNT_Z=5.82; daily_ots=285217.9 > thresh=41345.0 (median=4270.0, MAD=2500.7, n=4464)"
1306806058556077568,2025-06-01,207543,huawei,Смартфоны,57043.582,17.1969,10.0,"CombinedScore=17.20; OTS_Z=17.20; COUNT_Z=0.76; daily_ots=57043.6 > thresh=34773.1 (median=3828.5, MAD=2087.2, n=1984)"
1306806058556077568,2025-06-01,215234,poco,Смартфоны,85565.373,20.9207,10.0,"CombinedScore=20.92; OTS_Z=20.92; COUNT_Z=1.14; daily_ots=85565.4 > thresh=43228.0 (median=4459.8, MAD=2614.9, n=3221)"
1306806058556077568,2025-06-01,221942,xiaomi,Смартфоны,85565.373,23.0067,10.0,"CombinedScore=23.01; OTS_Z=23.01; COUNT_Z=1.42; daily_ots=85565.4 > thresh=39628.5 (median=4310.7, MAD=2382.2, n=3163)"
1585271561336916995,2025-06-01,219306,tcl (техника),Крупная техника,77179.518,23.5553,10.0,"CombinedScore=23.56; OTS_Z=23.56; COUNT_Z=2.61; daily_ots=77179.5 > thresh=34879.3 (median=3673.6, MAD=2104.8, n=372)"
2243906939957421696,2025-06-01,281079,samsung galaxy,Смартфоны,69262.016,15.7716,10.0,"CombinedScore=15.77; OTS_Z=15.77; COUNT_Z=4.12; daily_ots=69262.0 > thresh=45631.7 (median=4689.4, MAD=2761.6, n=7433)"
2594080773626549762,2025-06-01,215268,polar (бытовая техника),Смарт-часы и браслеты,10002.148,11.6609,10.0,"CombinedScore=11.66; OTS_Z=11.66; COUNT_Z=0.00; daily_ots=10002.1 > thresh=8795.3 (median=1529.0, MAD=490.1, n=119)"
4827866083748770688,2025-06-01,281079,samsung galaxy,Смартфоны,63042.254,14.2524,10.0,"CombinedScore=14.25; OTS_Z=14.25; COUNT_Z=5.89; daily_ots=63042.3 > thresh=45631.7 (median=4689.4, MAD=2761.6, n=7433)"
5188154264055124614,2025-06-01,214853,perfect fit,Корм для кошек,39425.625,14.3865,10.0,"CombinedScore=14.39; OTS_Z=14.39; COUNT_Z=4.14; daily_ots=39425.6 > thresh=28452.7 (median=3437.7, MAD=1687.3, n=234)"
5269223972552621314,2025-06-01,213474,nike,Обувь,72661.206,18.2196,10.0,"CombinedScore=18.22; OTS_Z=18.22; COUNT_Z=2.99; daily_ots=72661.2 > thresh=41879.1 (median=4429.4, MAD=2526.0, n=1795)"
6341074104264852368,2025-06-01,221942,xiaomi,Смартфоны,103951.57,28.2127,10.0,"CombinedScore=28.21; OTS_Z=28.21; COUNT_Z=2.85; daily_ots=103951.6 > thresh=39628.5 (median=4310.7, MAD=2382.2, n=3163)"
8791033531835245126,2025-06-01,217082,samsung,Смартфоны,42798.715,13.0727,10.0,"CombinedScore=13.07; OTS_Z=13.07; COUNT_Z=6.60; daily_ots=42798.7 > thresh=33612.7 (median=3716.5, MAD=2016.5, n=1421)"
5034735007817,2025-06-02,207543,huawei,Смарт-часы и браслеты,47631.573,13.3587,10.0,"CombinedScore=13.36; OTS_Z=13.36; COUNT_Z=6.91; daily_ots=47631.6 > thresh=36711.3 (median=4198.1, MAD=2193.0, n=956)"
225608272464491072,2025-06-02,213474,nike,Обувь,74966.995,18.8353,10.0,"CombinedScore=18.84; OTS_Z=18.84; COUNT_Z=2.40; daily_ots=74967.0 > thresh=41879.1 (median=4429.4, MAD=2526.0, n=1795)"
1306806058556077568,2025-06-02,207447,honor,Смартфоны,361926.604,96.4685,10.0,"CombinedScore=96.47; OTS_Z=96.47; COUNT_Z=7.76; daily_ots=361926.6 > thresh=41345.0 (median=4270.0, MAD=2500.7, n=4464)"
1585271561336924298,2025-06-02,205948,gefest (бытовая техника),Крупная техника,47262.024,13.6908,10.0,"CombinedScore=13.69; OTS_Z=13.69; COUNT_Z=3.47; daily_ots=47262.0 > thresh=35543.9 (median=3794.3, MAD=2141.5, n=302)"
1585271561336939603,2025-06-02,208353,jarvi elaman,Корм для кошек,23518.067,10.897,10.0,"CombinedScore=10.90; OTS_Z=10.90; COUNT_Z=0.00; daily_ots=23518.1 > thresh=21788.3 (median=2504.5, MAD=1300.7, n=58)"
1585271561336940537,2025-06-02,215234,poco,Смартфоны,79383.051,19.326,10.0,"CombinedScore=19.33; OTS_Z=19.33; COUNT_Z=12.55; daily_ots=79383.1 > thresh=43228.0 (median=4459.8, MAD=2614.9, n=3221)"
1585271561336940537,2025-06-02,216114,realme,Смартфоны,55222.992,13.3214,10.0,"CombinedScore=13.32; OTS_Z=13.32; COUNT_Z=9.43; daily_ots=55223.0 > thresh=42576.5 (median=4500.5, MAD=2568.2, n=3843)"
2243906939957421696,2025-06-02,281079,samsung galaxy,Смартфоны,56225.316,12.5874,10.0,"CombinedScore=12.59; OTS_Z=12.59; COUNT_Z=3.53; daily_ots=56225.3 > thresh=45631.7 (median=4689.4, MAD=2761.6, n=7433)"
2603089841281918144,2025-06-02,208796,kappa,Одежда,49040.334,14.648,10.0,"CombinedScore=14.65; OTS_Z=14.65; COUNT_Z=0.85; daily_ots=49040.3 > thresh=34742.7 (median=3981.8, MAD=2074.8, n=159)"
2963380814038313473,2025-06-02,215020,pierre cardin,Одежда,30888.536,10.4125,10.0,"CombinedScore=10.41; OTS_Z=10.41; COUNT_Z=4.29; daily_ots=30888.5 > thresh=29814.9 (median=3789.7, MAD=1755.4, n=22)"
4107288419676846144,2025-06-02,202744,dc shoes,Обувь,50983.556,11.2987,10.0,"CombinedScore=11.30; OTS_Z=11.30; COUNT_Z=1.74; daily_ots=50983.6 > thresh=45623.3 (median=4348.5, MAD=2784.0, n=21)"
4548647573216187331,2025-06-02,219362,tecno,Смартфоны,53672.548,23.5161,10.0,"CombinedScore=23.52; OTS_Z=23.52; COUNT_Z=6.81; daily_ots=53672.5 > thresh=24489.9 (median=2898.9, MAD=1456.3, n=869)"
4692759896965140290,2025-06-02,214973,philips,Малая техника,161227.84,40.0802,10.0,"CombinedScore=40.08; OTS_Z=40.08; COUNT_Z=8.47; daily_ots=161227.8 > thresh=43979.5 (median=5000.9, MAD=2629.1, n=702)"
4827866083748752640,2025-06-02,216779,rowenta,Малая техника,35912.7,10.0,10.0,"CombinedScore=10.00; OTS_Z=10.00; COUNT_Z=2.22; daily_ots=35912.7 > thresh=35912.7 (median=4104.4, MAD=2145.5, n=87)"
4908934708435070415,2025-06-02,198484,apple iphone,Смартфоны,55699.505,10.3846,10.0,"CombinedScore=10.38; OTS_Z=10.38; COUNT_Z=2.45; daily_ots=55699.5 > thresh=53838.7 (median=5457.4, MAD=3263.3, n=9860)"
6629304165209877741,2025-06-02,208375,jbl (аудиотехника),Аудиотехника,126099.407,36.7343,10.0,"CombinedScore=36.73; OTS_Z=36.73; COUNT_Z=4.75; daily_ots=126099.4 > thresh=37287.4 (median=4067.2, MAD=2240.7, n=1174)"
1306806058556077568,2025-06-03,207447,honor,Смартфоны,254045.88,67.3705,10.0,"CombinedScore=67.37; OTS_Z=67.37; COUNT_Z=5.17; daily_ots=254045.9 > thresh=41345.0 (median=4270.0, MAD=2500.7, n=4464)"
1306806058556077568,2025-06-03,207543,huawei,Смартфоны,56454.64,17.0066,10.0,"CombinedScore=17.01; OTS_Z=17.01; COUNT_Z=0.76; daily_ots=56454.6 > thresh=34773.1 (median=3828.5, MAD=2087.2, n=1984)"
1585271561336762631,2025-06-03,200656,bosch,Крупная техника,45202.46,13.56,10.0,"CombinedScore=13.56; OTS_Z=13.56; COUNT_Z=3.18; daily_ots=45202.5 > thresh=34353.4 (median=3878.4, MAD=2055.5, n=351)"
1585271561337022332,2025-06-03,214142,oneplus,Смартфоны,49365.316,12.2786,10.0,"CombinedScore=12.28; OTS_Z=12.28; COUNT_Z=6.20; daily_ots=49365.3 > thresh=41004.4 (median=4311.5, MAD=2474.9, n=851)"
1585271561337022332,2025-06-03,281079,samsung galaxy,Смартфоны,112193.9,26.2575,10.0,"CombinedScore=26.26; OTS_Z=26.26; COUNT_Z=14.14; daily_ots=112193.9 > thresh=45631.7 (median=4689.4, MAD=2761.6, n=7433)"
1729388589032331985,2025-06-03,197627,adidas,Одежда,89033.858,25.0235,10.0,"CombinedScore=25.02; OTS_Z=25.02; COUNT_Z=0.55; daily_ots=89033.9 > thresh=38075.3 (median=4156.0, MAD=2287.9, n=697)"
1729388589032331985,2025-06-03,197627,adidas,Обувь,222584.645,73.5582,10.0,"CombinedScore=73.56; OTS_Z=73.56; COUNT_Z=2.70; daily_ots=222584.6 > thresh=33583.1 (median=3846.3, MAD=2005.7, n=1525)"
2315718326334908096,2025-06-03,202423,crocs,Обувь,56454.64,17.3386,10.0,"CombinedScore=17.34; OTS_Z=17.34; COUNT_Z=1.31; daily_ots=56454.6 > thresh=34287.2 (median=4080.8, MAD=2037.4, n=1343)"
3828751370547352448,2025-06-03,215234,poco,Смартфоны,50005.116,11.7481,10.0,"CombinedScore=11.75; OTS_Z=11.75; COUNT_Z=1.14; daily_ots=50005.1 > thresh=43228.0 (median=4459.8, MAD=2614.9, n=3221)"
3972183818959580032,2025-06-03,202423,crocs,Обувь,40643.236,12.1042,10.0,"CombinedScore=12.10; OTS_Z=12.10; COUNT_Z=1.31; daily_ots=40643.2 > thresh=34287.2 (median=4080.8, MAD=2037.4, n=1343)"
4548647573216187331,2025-06-03,198484,apple iphone,Смартфоны,66677.716,12.6537,10.0,"CombinedScore=12.65; OTS_Z=12.65; COUNT_Z=3.68; daily_ots=66677.7 > thresh=53838.7 (median=5457.4, MAD=3263.3, n=9860)"
4692759896965140290,2025-06-03,214973,philips,Малая техника,80256.392,19.3069,10.0,"CombinedScore=19.31; OTS_Z=19.31; COUNT_Z=3.95; daily_ots=80256.4 > thresh=43979.5 (median=5000.9, MAD=2629.1, n=702)"
5629511854270500800,2025-06-03,202423,crocs,Обувь,84821.961,26.7298,10.0,"CombinedScore=26.73; OTS_Z=26.73; COUNT_Z=2.61; daily_ots=84822.0 > thresh=34287.2 (median=4080.8, MAD=2037.4, n=1343)"
6196961100373024751,2025-06-03,240354,фрутоняня,Детское питание,31725.246,10.2808,10.0,"CombinedScore=10.28; OTS_Z=10.28; COUNT_Z=1.79; daily_ots=31725.2 > thresh=30971.5 (median=4130.2, MAD=1810.4, n=485)"
8430746051069922433,2025-06-03,232327,микки маус,Одежда,25529.255,12.9563,10.0,"CombinedScore=12.96; OTS_Z=12.96; COUNT_Z=0.00; daily_ots=25529.3 > thresh=20188.5 (median=2122.6, MAD=1218.5, n=22)"
8872103851395035073,2025-06-03,214393,oukitel,Смартфоны,35728.548,12.5879,10.0,"CombinedScore=12.59; OTS_Z=12.59; COUNT_Z=5.05; daily_ots=35728.5 > thresh=29034.8 (median=3169.0, MAD=1744.6, n=265)"
1585271561336678840,2025-06-04,207543,huawei,Смарт-часы и браслеты,38358.918,10.5067,10.0,"CombinedScore=10.51; OTS_Z=10.51; COUNT_Z=3.46; daily_ots=38358.9 > thresh=36711.3 (median=4198.1, MAD=2193.0, n=956)"
1729388589032331985,2025-06-04,197627,adidas,Одежда,178340.024,51.3524,10.0,"CombinedScore=51.35; OTS_Z=51.35; COUNT_Z=1.66; daily_ots=178340.0 > thresh=38075.3 (median=4156.0, MAD=2287.9, n=697)"
1729388589032331985,2025-06-04,197627,adidas,Обувь,579605.078,193.6184,10.0,"CombinedScore=193.62; OTS_Z=193.62; COUNT_Z=8.11; daily_ots=579605.1 > thresh=33583.1 (median=3846.3, MAD=2005.7, n=1525)"
1954574044080790082,2025-06-04,215234,poco,Смартфоны,68139.304,16.4257,10.0,"CombinedScore=16.43; OTS_Z=16.43; COUNT_Z=3.99; daily_ots=68139.3 > thresh=43228.0 (median=4459.8, MAD=2614.9, n=3221)"
5269222877690299204,2025-06-04,216114,realme,Смартфоны,75814.179,18.7293,10.0,"CombinedScore=18.73; OTS_Z=18.73; COUNT_Z=3.77; daily_ots=75814.2 > thresh=42576.5 (median=4500.5, MAD=2568.2, n=3843)"
5332267584642577300,2025-06-04,198484,apple iphone,Смартфоны,153372.876,30.5729,10.0,"CombinedScore=30.57; OTS_Z=30.57; COUNT_Z=3.07; daily_ots=153372.9 > thresh=53838.7 (median=5457.4, MAD=3263.3, n=9860)"
5764614858704116186,2025-06-04,369276,iqoo,Смартфоны,54085.515,14.6832,10.0,"CombinedScore=14.68; OTS_Z=14.68; COUNT_Z=2.93; daily_ots=54085.5 > thresh=38107.0 (median=3987.8, MAD=2301.3, n=858)"
6133915001473537536,2025-06-04,198476,apple airpods,Аудиотехника,45974.984,10.6168,10.0,"CombinedScore=10.62; OTS_Z=10.62; COUNT_Z=2.66; daily_ots=45975.0 > thresh=43568.0 (median=4544.8, MAD=2632.1, n=531)"
6196961000847502784,2025-06-04,216621,rocs,Уход за полостью рта,42638.812,13.2555,10.0,"CombinedScore=13.26; OTS_Z=13.26; COUNT_Z=0.00; daily_ots=42638.8 > thresh=33200.9 (median=4210.5, MAD=1955.4, n=284)"
6998872468341592896,2025-06-04,206402,google pixel,Смартфоны,83212.197,18.4477,10.0,"CombinedScore=18.45; OTS_Z=18.45; COUNT_Z=1.31; daily_ots=83212.2 > thresh=47325.1 (median=4843.7, MAD=2865.4, n=681)"
7214779111113443649,2025-06-04,220157,тресемме,Средства для волос,27505.695,10.6688,10.0,"CombinedScore=10.67; OTS_Z=10.67; COUNT_Z=0.00; daily_ots=27505.7 > thresh=25967.5 (median=2968.0, MAD=1551.3, n=94)"
504410216844887574,2025-06-05,201581,chappi,Корм для собак,63901.71,26.8103,10.0,"CombinedScore=26.81; OTS_Z=26.81; COUNT_Z=2.95; daily_ots=63901.7 > thresh=26127.8 (median=3657.2, MAD=1515.6, n=141)"
648524241621891017,2025-06-05,197548,asics,Обувь,122836.833,32.7399,10.0,"CombinedScore=32.74; OTS_Z=32.74; COUNT_Z=8.60; daily_ots=122836.8 > thresh=40678.3 (median=4548.6, MAD=2436.9, n=512)"
1297043030334348571,2025-06-05,198484,apple iphone,Смартфоны,137033.841,27.1957,10.0,"CombinedScore=27.20; OTS_Z=27.20; COUNT_Z=1.23; daily_ots=137033.8 > thresh=53838.7 (median=5457.4, MAD=3263.3, n=9860)"
1585271561337043360,2025-06-05,201225,candy,Малая техника,15749.03,12.462,10.0,"CombinedScore=12.46; OTS_Z=12.46; COUNT_Z=3.24; daily_ots=15749.0 > thresh=13079.6 (median=2237.0, MAD=731.3, n=12)"
1729388589032331985,2025-06-05,197627,adidas,Обувь,1610180.64,540.1843,10.0,"CombinedScore=540.18; OTS_Z=540.18; COUNT_Z=23.66; daily_ots=1610180.6 > thresh=33583.1 (median=3846.3, MAD=2005.7, n=1525)"
1954573939019829505,2025-06-05,198484,apple iphone,Смартфоны,168450.018,33.6892,10.0,"CombinedScore=33.69; OTS_Z=33.69; COUNT_Z=3.07; daily_ots=168450.0 > thresh=53838.7 (median=5457.4, MAD=3263.3, n=9860)"
2243906939957421696,2025-06-05,281079,samsung galaxy,Смартфоны,51287.15,11.3813,10.0,"CombinedScore=11.38; OTS_Z=11.38; COUNT_Z=5.30; daily_ots=51287.2 > thresh=45631.7 (median=4689.4, MAD=2761.6, n=7433)"
2305848744076623212,2025-06-05,281079,samsung galaxy,Смартфоны,57310.887,12.8526,10.0,"CombinedScore=12.85; OTS_Z=12.85; COUNT_Z=1.18; daily_ots=57310.9 > thresh=45631.7 (median=4689.4, MAD=2761.6, n=7433)"
2305848744076623288,2025-06-05,230938,лесной бальзам,Уход за полостью рта,26604.366,11.1748,10.0,"CombinedScore=11.17; OTS_Z=11.17; COUNT_Z=2.31; daily_ots=26604.4 > thresh=24183.8 (median=3579.7, MAD=1389.7, n=125)"
2882311520272393920,2025-06-05,242139,яндекс,Аудиотехника,89641.242,25.9653,10.0,"CombinedScore=25.97; OTS_Z=25.97; COUNT_Z=0.00; daily_ots=89641.2 > thresh=36944.9 (median=3938.1, MAD=2226.3, n=2495)"
4620705504559293121,2025-06-05,206669,gsd,Обувь,36711.52,14.3161,10.0,"CombinedScore=14.32; OTS_Z=14.32; COUNT_Z=2.21; daily_ots=36711.5 > thresh=26821.8 (median=3908.1, MAD=1545.5, n=14)"
5764614858704116186,2025-06-05,369276,iqoo,Смартфоны,39089.152,10.2879,10.0,"CombinedScore=10.29; OTS_Z=10.29; COUNT_Z=2.20; daily_ots=39089.2 > thresh=38107.0 (median=3987.8, MAD=2301.3, n=858)"
5917742103239452545,2025-06-05,320820,neva (сантехника),Крупная техника,26506.164,22.8969,10.0,"CombinedScore=22.90; OTS_Z=22.90; COUNT_Z=6.25; daily_ots=26506.2 > thresh=12831.5 (median=2228.5, MAD=715.2, n=79)"
6052843423965704272,2025-06-05,236432,родные корма,Корм для собак,23106.033,12.0637,10.0,"CombinedScore=12.06; OTS_Z=12.06; COUNT_Z=3.34; daily_ots=23106.0 > thresh=19527.1 (median=2184.9, MAD=1169.7, n=16)"
6701361217345430749,2025-06-05,221942,xiaomi,Смартфоны,47003.92,12.0883,10.0,"CombinedScore=12.09; OTS_Z=12.09; COUNT_Z=2.13; daily_ots=47003.9 > thresh=39628.5 (median=4310.7, MAD=2382.2, n=3163)"
7710168402041500482,2025-06-05,213159,natura siberica (косметика),Средства для умывания и ухода за лицом,49151.91,18.7127,10.0,"CombinedScore=18.71; OTS_Z=18.71; COUNT_Z=4.47; daily_ots=49151.9 > thresh=27726.0 (median=3134.4, MAD=1658.7, n=34)"
504410216844887574,2025-06-06,201581,chappi,Корм для собак,43463.907,17.715,10.0,"CombinedScore=17.71; OTS_Z=17.71; COUNT_Z=2.95; daily_ots=43463.9 > thresh=26127.8 (median=3657.2, MAD=1515.6, n=141)"
1585271561336883308,2025-06-06,211883,mesomatrix,Средства для умывания и ухода за лицом,23095.884,10.0628,10.0,"CombinedScore=10.06; OTS_Z=10.06; COUNT_Z=2.57; daily_ots=23095.9 > thresh=22975.1 (median=3734.3, MAD=1297.8, n=27)"
1585271561336903348,2025-06-06,221535,weissgauff,Крупная техника,51793.448,16.0469,10.0,"CombinedScore=16.05; OTS_Z=16.05; COUNT_Z=4.27; daily_ots=51793.4 > thresh=33757.1 (median=3929.9, MAD=2011.8, n=227)"
1585271561336921966,2025-06-06,241980,юничел,Обувь,22734.414,11.3094,10.0,"CombinedScore=11.31; OTS_Z=11.31; COUNT_Z=3.26; daily_ots=22734.4 > thresh=20396.4 (median=2541.7, MAD=1204.3, n=19)"
1585271561337014587,2025-06-06,234881,персил,Товары для стирки,39523.008,12.3266,10.0,"CombinedScore=12.33; OTS_Z=12.33; COUNT_Z=1.45; daily_ots=39523.0 > thresh=32816.3 (median=3990.5, MAD=1944.3, n=354)"
1585271561337035030,2025-06-06,207447,honor,Аудиотехника,48486.854,14.2893,10.0,"CombinedScore=14.29; OTS_Z=14.29; COUNT_Z=0.00; daily_ots=48486.9 > thresh=34952.9 (median=3400.1, MAD=2128.2, n=175)"
1729388589032331985,2025-06-06,197627,adidas,Обувь,357638.12,118.9745,10.0,"CombinedScore=118.97; OTS_Z=118.97; COUNT_Z=4.73; daily_ots=357638.1 > thresh=33583.1 (median=3846.3, MAD=2005.7, n=1525)"
1954573939019829505,2025-06-06,198484,apple iphone,Смартфоны,166115.058,33.2066,10.0,"CombinedScore=33.21; OTS_Z=33.21; COUNT_Z=3.07; daily_ots=166115.1 > thresh=53838.7 (median=5457.4, MAD=3263.3, n=9860)"
2233791780476071135,2025-06-06,213565,nivea,Дезодоранты,33767.631,10.9105,10.0,"CombinedScore=10.91; OTS_Z=10.91; COUNT_Z=2.49; daily_ots=33767.6 > thresh=31242.5 (median=3510.4, MAD=1870.5, n=132)"
2305848744076623212,2025-06-06,281079,samsung galaxy,Смартфоны,91275.03,21.1482,10.0,"CombinedScore=21.15; OTS_Z=21.15; COUNT_Z=2.94; daily_ots=91275.0 > thresh=45631.7 (median=4689.4, MAD=2761.6, n=7433)"
3098483135638259014,2025-06-06,207763,ig skin decision,Средства для умывания и ухода за лицом,8645.806,20.8373,10.0,"CombinedScore=20.84; OTS_Z=20.84; COUNT_Z=0.00; daily_ots=8645.8 > thresh=5585.0 (median=2760.7, MAD=190.5, n=15)"
8214571128982578588,2025-06-06,216114,realme,Смартфоны,43947.668,10.3601,10.0,"CombinedScore=10.36; OTS_Z=10.36; COUNT_Z=0.63; daily_ots=43947.7 > thresh=42576.5 (median=4500.5, MAD=2568.2, n=3843)"
9019569075743616,2025-06-07,201793,cif,Универсальные чистящие средства,42644.824,14.3988,10.0,"CombinedScore=14.40; OTS_Z=14.40; COUNT_Z=3.93; daily_ots=42644.8 > thresh=30818.6 (median=3933.3, MAD=1813.4, n=43)"
1161942649620631617,2025-06-07,216114,realme,Смартфоны,45573.318,10.7871,10.0,"CombinedScore=10.79; OTS_Z=10.79; COUNT_Z=1.26; daily_ots=45573.3 > thresh=42576.5 (median=4500.5, MAD=2568.2, n=3843)"
1297043030334348571,2025-06-07,217082,samsung,Смартфоны,49588.159,15.3437,10.0,"CombinedScore=15.34; OTS_Z=15.34; COUNT_Z=0.00; daily_ots=49588.2 > thresh=33612.7 (median=3716.5, MAD=2016.5, n=1421)"
1297043030334348571,2025-06-07,281079,samsung galaxy,Смартфоны,99176.318,23.078,10.0,"CombinedScore=23.08; OTS_Z=23.08; COUNT_Z=0.59; daily_ots=99176.3 > thresh=45631.7 (median=4689.4, MAD=2761.6, n=7433)"
1450169730127850278,2025-06-07,198484,apple iphone,Смартфоны,62793.88,11.851,10.0,"CombinedScore=11.85; OTS_Z=11.85; COUNT_Z=1.84; daily_ots=62793.9 > thresh=53838.7 (median=5457.4, MAD=3263.3, n=9860)"
1585271561336659765,2025-06-07,217033,salamander,Обувь,20719.176,10.3026,10.0,"CombinedScore=10.30; OTS_Z=10.30; COUNT_Z=3.65; daily_ots=20719.2 > thresh=20191.1 (median=2737.9, MAD=1177.2, n=201)"
1585271561336985866,2025-06-07,202423,crocs,Обувь,57430.596,17.6617,10.0,"CombinedScore=17.66; OTS_Z=17.66; COUNT_Z=2.61; daily_ots=57430.6 > thresh=34287.2 (median=4080.8, MAD=2037.4, n=1343)"
1585271561337011960,2025-06-07,203071,dexp,Крупная техника,43953.89,12.731,10.0,"CombinedScore=12.73; OTS_Z=12.73; COUNT_Z=0.73; daily_ots=43953.9 > thresh=35394.4 (median=4052.1, MAD=2114.0, n=246)"
1585271561337012029,2025-06-07,215234,poco,Смартфоны,57391.29,13.6533,10.0,"CombinedScore=13.65; OTS_Z=13.65; COUNT_Z=0.00; daily_ots=57391.3 > thresh=43228.0 (median=4459.8, MAD=2614.9, n=3221)"
1585271561337028331,2025-06-07,216181,redmi,Смартфоны,103886.132,27.7567,10.0,"CombinedScore=27.76; OTS_Z=27.76; COUNT_Z=2.28; daily_ots=103886.1 > thresh=40150.5 (median=4256.6, MAD=2421.0, n=4609)"
1585271561337034979,2025-06-07,197557,acoola,Детские одежда и обувь,55804.095,24.141,10.0,"CombinedScore=24.14; OTS_Z=24.14; COUNT_Z=3.39; daily_ots=55804.1 > thresh=25567.7 (median=4185.6, MAD=1442.2, n=203)"
1882516134850618573,2025-06-07,206058,gerry weber,Одежда,183410.465,35.6806,10.0,"CombinedScore=35.68; OTS_Z=35.68; COUNT_Z=2.83; daily_ots=183410.5 > thresh=55753.1 (median=6043.4, MAD=3352.9, n=30)"
1882516134850618573,2025-06-07,206058,gerry weber,Обувь,26201.495,11.7677,10.0,"CombinedScore=11.77; OTS_Z=11.77; COUNT_Z=0.00; daily_ots=26201.5 > thresh=22929.0 (median=4415.8, MAD=1248.7, n=20)"
1882516134850618573,2025-06-07,222286,zara,Одежда,131007.475,41.5605,10.0,"CombinedScore=41.56; OTS_Z=41.56; COUNT_Z=3.53; daily_ots=131007.5 > thresh=34570.0 (median=4013.7, MAD=2061.0, n=171)"
3891117339130576500,2025-06-07,281079,samsung galaxy,Смартфоны,55466.33,12.4021,10.0,"CombinedScore=12.40; OTS_Z=12.40; COUNT_Z=0.59; daily_ots=55466.3 > thresh=45631.7 (median=4689.4, MAD=2761.6, n=7433)"
5764614858704116186,2025-06-07,369276,iqoo,Смартфоны,77124.372,21.4356,10.0,"CombinedScore=21.44; OTS_Z=21.44; COUNT_Z=3.66; daily_ots=77124.4 > thresh=38107.0 (median=3987.8, MAD=2301.3, n=858)"
6052843423965704632,2025-06-07,215539,pro plan,Корм для кошек,29788.04,11.1152,10.0,"CombinedScore=11.12; OTS_Z=11.12; COUNT_Z=3.83; daily_ots=29788.0 > thresh=27127.5 (median=3270.1, MAD=1609.2, n=291)"
6998605659912808066,2025-06-07,214279,oriflame,Макияж для губ,26860.156,10.6994,10.0,"CombinedScore=10.70; OTS_Z=10.70; COUNT_Z=0.00; daily_ots=26860.2 > thresh=25414.1 (median=4737.4, MAD=1394.6, n=10)"
7854284809238590800,2025-06-07,207447,honor,Смартфоны,53902.326,13.387,10.0,"CombinedScore=13.39; OTS_Z=13.39; COUNT_Z=0.65; daily_ots=53902.3 > thresh=41345.0 (median=4270.0, MAD=2500.7, n=4464)"
8502804186997688729,2025-06-07,214142,oneplus,Смартфоны,92554.65,24.0491,10.0,"CombinedScore=24.05; OTS_Z=24.05; COUNT_Z=4.96; daily_ots=92554.7 > thresh=41004.4 (median=4311.5, MAD=2474.9, n=851)"
8502804186997688729,2025-06-07,215234,poco,Смартфоны,205677.0,51.9027,10.0,"CombinedScore=51.90; OTS_Z=51.90; COUNT_Z=10.84; daily_ots=205677.0 > thresh=43228.0 (median=4459.8, MAD=2614.9, n=3221)"
8502804186997688729,2025-06-07,221942,xiaomi,Смартфоны,102838.5,27.8975,10.0,"CombinedScore=27.90; OTS_Z=27.90; COUNT_Z=6.40; daily_ots=102838.5 > thresh=39628.5 (median=4310.7, MAD=2382.2, n=3163)"
8800699037240317312,2025-06-07,213474,nike,Одежда,70300.269,20.4858,10.0,"CombinedScore=20.49; OTS_Z=20.49; COUNT_Z=2.09; daily_ots=70300.3 > thresh=36294.6 (median=3864.3, MAD=2187.4, n=707)"
1513216560753935319,2025-06-08,207447,honor,Смартфоны,61762.992,15.5072,10.0,"CombinedScore=15.51; OTS_Z=15.51; COUNT_Z=4.52; daily_ots=61763.0 > thresh=41345.0 (median=4270.0, MAD=2500.7, n=4464)"
1585271561336642216,2025-06-08,198071,alphapet,Корм для кошек,44784.34,15.7299,10.0,"CombinedScore=15.73; OTS_Z=15.73; COUNT_Z=1.15; daily_ots=44784.3 > thresh=29887.5 (median=3889.1, MAD=1753.6, n=169)"
1585271561336642216,2025-06-08,236432,родные корма,Корм для кошек,44784.34,17.3325,10.0,"CombinedScore=17.33; OTS_Z=17.33; COUNT_Z=2.80; daily_ots=44784.3 > thresh=27612.1 (median=4192.8, MAD=1579.6, n=20)"
1585271561336724594,2025-06-08,206041,geox,Обувь,47922.925,13.0224,10.0,"CombinedScore=13.02; OTS_Z=13.02; COUNT_Z=2.52; daily_ots=47922.9 > thresh=37677.2 (median=3777.8, MAD=2286.5, n=59)"
1585271561336862731,2025-06-08,221942,xiaomi,Смартфоны,64308.384,16.988,10.0,"CombinedScore=16.99; OTS_Z=16.99; COUNT_Z=5.69; daily_ots=64308.4 > thresh=39628.5 (median=4310.7, MAD=2382.2, n=3163)"
1585271561336921966,2025-06-08,216436,riche,Средства для умывания и ухода за лицом,25073.736,10.2202,10.0,"CombinedScore=10.22; OTS_Z=10.22; COUNT_Z=3.62; daily_ots=25073.7 > thresh=24607.3 (median=3423.5, MAD=1428.8, n=12)"
1585271561337034979,2025-06-08,206252,gloria jeans,Детские одежда и обувь,35294.544,15.8222,10.0,"CombinedScore=15.82; OTS_Z=15.82; COUNT_Z=1.34; daily_ots=35294.5 > thresh=23697.2 (median=3778.0, MAD=1343.5, n=199)"
1585271561337034979,2025-06-08,210965,maag,Одежда,17647.272,11.0477,10.0,"CombinedScore=11.05; OTS_Z=11.05; COUNT_Z=0.00; daily_ots=17647.3 > thresh=16248.8 (median=2900.4, MAD=900.4, n=37)"
1585271561337034979,2025-06-08,214365,ostin,Детские одежда и обувь,52941.816,26.6839,10.0,"CombinedScore=26.68; OTS_Z=26.68; COUNT_Z=3.43; daily_ots=52941.8 > thresh=22484.7 (median=4229.3, MAD=1231.3, n=39)"
1729388589032331985,2025-06-08,197627,adidas,Одежда,1737474.336,511.0119,10.0,"CombinedScore=511.01; OTS_Z=511.01; COUNT_Z=21.01; daily_ots=1737474.3 > thresh=38075.3 (median=4156.0, MAD=2287.9, n=697)"
1954573939019829505,2025-06-08,198484,apple iphone,Смартфоны,102230.612,20.0022,10.0,"CombinedScore=20.00; OTS_Z=20.00; COUNT_Z=1.84; daily_ots=102230.6 > thresh=53838.7 (median=5457.4, MAD=3263.3, n=9860)"
2305848744076622427,2025-06-08,239900,фарадей,Обувь,25810.91,11.6117,10.0,"CombinedScore=11.61; OTS_Z=11.61; COUNT_Z=1.94; daily_ots=25810.9 > thresh=22641.1 (median=2973.5, MAD=1326.6, n=27)"
2531033574337167351,2025-06-08,198484,apple iphone,Смартфоны,61781.38,11.6417,10.0,"CombinedScore=11.64; OTS_Z=11.64; COUNT_Z=5.52; daily_ots=61781.4 > thresh=53838.7 (median=5457.4, MAD=3263.3, n=9860)"
2738194092690289674,2025-06-08,198484,apple iphone,Смартфоны,85669.374,16.5791,10.0,"CombinedScore=16.58; OTS_Z=16.58; COUNT_Z=3.68; daily_ots=85669.4 > thresh=53838.7 (median=5457.4, MAD=3263.3, n=9860)"
3251610565345318400,2025-06-08,209759,lacoste,Одежда,39807.588,12.0089,10.0,"CombinedScore=12.01; OTS_Z=12.01; COUNT_Z=4.39; daily_ots=39807.6 > thresh=33784.2 (median=3800.2, MAD=2022.4, n=133)"
5764614858704116186,2025-06-08,369276,iqoo,Смартфоны,60044.49,16.4297,10.0,"CombinedScore=16.43; OTS_Z=16.43; COUNT_Z=2.93; daily_ots=60044.5 > thresh=38107.0 (median=3987.8, MAD=2301.3, n=858)"
7782225973962771416,2025-06-08,220740,vans,Обувь,51628.758,10.3289,10.0,"CombinedScore=10.33; OTS_Z=10.33; COUNT_Z=1.64; daily_ots=51628.8 > thresh=50149.8 (median=5185.2, MAD=3032.9, n=148)"
7791241212634245504,2025-06-08,220740,vans,Обувь,83783.175,17.48,10.0,"CombinedScore=17.48; OTS_Z=17.48; COUNT_Z=3.28; daily_ots=83783.2 > thresh=50149.8 (median=5185.2, MAD=3032.9, n=148)"
936756002501340111,2025-06-09,207943,infinix,Смартфоны,61232.229,16.6041,10.0,"CombinedScore=16.60; OTS_Z=16.60; COUNT_Z=5.69; daily_ots=61232.2 > thresh=38467.1 (median=3995.5, MAD=2325.1, n=1831)"
1297043030334348571,2025-06-09,198484,apple iphone,Смартфоны,229379.77,46.2829,10.0,"CombinedScore=46.28; OTS_Z=46.28; COUNT_Z=2.45; daily_ots=229379.8 > thresh=53838.7 (median=5457.4, MAD=3263.3, n=9860)"
1369101741337282579,2025-06-09,281079,samsung galaxy,Смартфоны,108400.296,25.331,10.0,"CombinedScore=25.33; OTS_Z=25.33; COUNT_Z=1.77; daily_ots=108400.3 > thresh=45631.7 (median=4689.4, MAD=2761.6, n=7433)"
1585271561336724594,2025-06-09,206041,geox,Обувь,105623.694,30.0436,10.0,"CombinedScore=30.04; OTS_Z=30.04; COUNT_Z=6.30; daily_ots=105623.7 > thresh=37677.2 (median=3777.8, MAD=2286.5, n=59)"
1585271561336738103,2025-06-09,208474,jimmy,Малая техника,11709.42,11.1963,10.0,"CombinedScore=11.20; OTS_Z=11.20; COUNT_Z=1.42; daily_ots=11709.4 > thresh=10712.2 (median=2376.3, MAD=562.3, n=12)"
1585271561336939603,2025-06-09,207655,hyundai,Малая техника,51045.728,13.0436,10.0,"CombinedScore=13.04; OTS_Z=13.04; COUNT_Z=1.31; daily_ots=51045.7 > thresh=40095.8 (median=4119.2, MAD=2426.6, n=54)"
1585271561336963868,2025-06-09,242139,яндекс,Аудиотехника,47627.766,13.2366,10.0,"CombinedScore=13.24; OTS_Z=13.24; COUNT_Z=5.82; daily_ots=47627.8 > thresh=36944.9 (median=3938.1, MAD=2226.3, n=2495)"
1585271561337041337,2025-06-09,215539,pro plan,Корм для собак,52463.904,27.6603,10.0,"CombinedScore=27.66; OTS_Z=27.66; COUNT_Z=3.82; daily_ots=52463.9 > thresh=20871.9 (median=2983.2, MAD=1206.6, n=66)"
1729388589032331985,2025-06-09,197627,adidas,Одежда,490250.563,143.309,10.0,"CombinedScore=143.31; OTS_Z=143.31; COUNT_Z=5.53; daily_ots=490250.6 > thresh=38075.3 (median=4156.0, MAD=2287.9, n=697)"
1729388589032331985,2025-06-09,197627,adidas,Обувь,44568.233,13.6941,10.0,"CombinedScore=13.69; OTS_Z=13.69; COUNT_Z=0.00; daily_ots=44568.2 > thresh=33583.1 (median=3846.3, MAD=2005.7, n=1525)"
1954573939019829505,2025-06-09,198484,apple iphone,Смартфоны,329091.54,66.8925,10.0,"CombinedScore=66.89; OTS_Z=66.89; COUNT_Z=6.75; daily_ots=329091.5 > thresh=53838.7 (median=5457.4, MAD=3263.3, n=9860)"
3891115984388077834,2025-06-09,216181,redmi,Смартфоны,47287.476,11.9884,10.0,"CombinedScore=11.99; OTS_Z=11.99; COUNT_Z=2.28; daily_ots=47287.5 > thresh=40150.5 (median=4256.6, MAD=2421.0, n=4609)"
4548647573216187331,2025-06-09,198484,apple iphone,Смартфоны,103492.01,20.2629,10.0,"CombinedScore=20.26; OTS_Z=20.26; COUNT_Z=5.52; daily_ots=103492.0 > thresh=53838.7 (median=5457.4, MAD=3263.3, n=9860)"
5125154805357923008,2025-06-09,197548,asics,Обувь,56202.808,14.2969,10.0,"CombinedScore=14.30; OTS_Z=14.30; COUNT_Z=7.53; daily_ots=56202.8 > thresh=40678.3 (median=4548.6, MAD=2436.9, n=512)"
6854489498627102104,2025-06-09,207447,honor,Смартфоны,52799.404,13.0895,10.0,"CombinedScore=13.09; OTS_Z=13.09; COUNT_Z=0.65; daily_ots=52799.4 > thresh=41345.0 (median=4270.0, MAD=2500.7, n=4464)"
7782225973962771416,2025-06-09,213474,nike,Обувь,251358.89,65.9364,10.0,"CombinedScore=65.94; OTS_Z=65.94; COUNT_Z=5.39; daily_ots=251358.9 > thresh=41879.1 (median=4429.4, MAD=2526.0, n=1795)"
8502803222098581352,2025-06-09,217082,samsung,Крупная техника,84010.218,29.1303,10.0,"CombinedScore=29.13; OTS_Z=29.13; COUNT_Z=2.24; daily_ots=84010.2 > thresh=31154.3 (median=3524.9, MAD=1863.6, n=1271)"
792639191900656652,2025-06-10,281079,samsung galaxy,Смартфоны,104716.866,24.4313,10.0,"CombinedScore=24.43; OTS_Z=24.43; COUNT_Z=0.00; daily_ots=104716.9 > thresh=45631.7 (median=4689.4, MAD=2761.6, n=7433)"
1585271561336642047,2025-06-10,207447,honor,Смартфоны,47378.328,11.6273,10.0,"CombinedScore=11.63; OTS_Z=11.63; COUNT_Z=4.52; daily_ots=47378.3 > thresh=41345.0 (median=4270.0, MAD=2500.7, n=4464)"
1585271561336724594,2025-06-10,206041,geox,Обувь,67734.478,18.8666,10.0,"CombinedScore=18.87; OTS_Z=18.87; COUNT_Z=3.78; daily_ots=67734.5 > thresh=37677.2 (median=3777.8, MAD=2286.5, n=59)"
1585271561336738103,2025-06-10,208474,jimmy,Малая техника,30272.495,33.4652,10.0,"CombinedScore=33.47; OTS_Z=33.47; COUNT_Z=3.56; daily_ots=30272.5 > thresh=10712.2 (median=2376.3, MAD=562.3, n=12)"
1585271561336999721,2025-06-10,200770,brandfree,Универсальные чистящие средства,40698.306,13.1602,10.0,"CombinedScore=13.16; OTS_Z=13.16; COUNT_Z=4.39; daily_ots=40698.3 > thresh=31848.8 (median=3846.1, MAD=1888.8, n=296)"
1585271561337012029,2025-06-10,215234,poco,Смартфоны,101085.678,24.924,10.0,"CombinedScore=24.92; OTS_Z=24.92; COUNT_Z=0.57; daily_ots=101085.7 > thresh=43228.0 (median=4459.8, MAD=2614.9, n=3221)"
4476589022556912544,2025-06-10,198484,apple iphone,Смартфоны,67807.808,12.8873,10.0,"CombinedScore=12.89; OTS_Z=12.89; COUNT_Z=1.84; daily_ots=67807.8 > thresh=53838.7 (median=5457.4, MAD=3263.3, n=9860)"
5764614858704116186,2025-06-10,216114,realme,Смартфоны,52706.192,12.6604,10.0,"CombinedScore=12.66; OTS_Z=12.66; COUNT_Z=3.77; daily_ots=52706.2 > thresh=42576.5 (median=4500.5, MAD=2568.2, n=3843)"
6341074104264852173,2025-06-10,230759,ласка,Товары для стирки,41234.7,15.5225,10.0,"CombinedScore=15.52; OTS_Z=15.52; COUNT_Z=3.02; daily_ots=41234.7 > thresh=27885.8 (median=3713.9, MAD=1630.4, n=267)"
6998605980629640196,2025-06-10,210219,lenovo,Смартфоны,55319.15,20.0842,10.0,"CombinedScore=20.08; OTS_Z=20.08; COUNT_Z=1.50; daily_ots=55319.2 > thresh=29100.0 (median=3099.8, MAD=1753.7, n=35)"
7719181970776511680,2025-06-10,200770,brandfree,Универсальные чистящие средства,34918.95,11.0964,10.0,"CombinedScore=11.10; OTS_Z=11.10; COUNT_Z=4.39; daily_ots=34918.9 > thresh=31848.8 (median=3846.1, MAD=1888.8, n=296)"
874855854027596352,2025-06-11,200770,brandfree,Универсальные чистящие средства,55058.484,18.2884,10.0,"CombinedScore=18.29; OTS_Z=18.29; COUNT_Z=2.19; daily_ots=55058.5 > thresh=31848.8 (median=3846.1, MAD=1888.8, n=296)"
1080870969472001738,2025-06-11,221694,winner,Корм для собак,52333.47,25.2198,10.0,"CombinedScore=25.22; OTS_Z=25.22; COUNT_Z=7.87; daily_ots=52333.5 > thresh=22864.2 (median=3501.8, MAD=1306.0, n=74)"
1585271561336667188,2025-06-11,204933,felix (корм),Корм для кошек,44405.886,17.4523,10.0,"CombinedScore=17.45; OTS_Z=17.45; COUNT_Z=2.71; daily_ots=44405.9 > thresh=26882.5 (median=3368.5, MAD=1586.0, n=725)"
1585271561336807521,2025-06-11,216187,redragon,Аудиотехника,28514.552,13.3884,10.0,"CombinedScore=13.39; OTS_Z=13.39; COUNT_Z=2.59; daily_ots=28514.6 > thresh=22213.7 (median=3618.1, MAD=1254.3, n=11)"
1585271561336992295,2025-06-11,209225,kitekat,Корм для кошек,35721.883,11.7969,10.0,"CombinedScore=11.80; OTS_Z=11.80; COUNT_Z=0.00; daily_ots=35721.9 > thresh=30863.0 (median=3823.3, MAD=1823.8, n=376)"
1585271561337020491,2025-06-11,201225,candy,Крупная техника,73181.936,24.325,10.0,"CombinedScore=24.33; OTS_Z=24.33; COUNT_Z=3.26; daily_ots=73181.9 > thresh=32256.2 (median=3686.8, MAD=1927.0, n=221)"
1729388589032331985,2025-06-11,206505,grandorf,Корм для собак,44421.358,11.6138,10.0,"CombinedScore=11.61; OTS_Z=11.61; COUNT_Z=0.00; daily_ots=44421.4 > thresh=38801.1 (median=3975.3, MAD=2349.0, n=44)"
1729388589032331985,2025-06-11,215761,purina one,Корм для кошек,44421.358,13.9546,10.0,"CombinedScore=13.95; OTS_Z=13.95; COUNT_Z=0.00; daily_ots=44421.4 > thresh=32929.7 (median=3870.9, MAD=1960.0, n=465)"
1729388589032331985,2025-06-11,221622,whiskas,Корм для кошек,888427.16,380.3774,10.0,"CombinedScore=380.38; OTS_Z=380.38; COUNT_Z=18.45; daily_ots=888427.2 > thresh=26625.4 (median=3357.2, MAD=1569.4, n=656)"
2242805481916280257,2025-06-11,281079,samsung galaxy,Смартфоны,156200.8,37.006,10.0,"CombinedScore=37.01; OTS_Z=37.01; COUNT_Z=11.19; daily_ots=156200.8 > thresh=45631.7 (median=4689.4, MAD=2761.6, n=7433)"
3963174731014708819,2025-06-11,281079,samsung galaxy,Смартфоны,63729.996,14.4204,10.0,"CombinedScore=14.42; OTS_Z=14.42; COUNT_Z=1.18; daily_ots=63730.0 > thresh=45631.7 (median=4689.4, MAD=2761.6, n=7433)"
6061855903379450688,2025-06-11,206416,gorenje,Крупная техника,38217.976,12.8757,10.0,"CombinedScore=12.88; OTS_Z=12.88; COUNT_Z=1.93; daily_ots=38218.0 > thresh=30537.5 (median=3829.3, MAD=1801.5, n=318)"
6494202667536140096,2025-06-11,198484,apple iphone,Смартфоны,87779.9,17.0154,10.0,"CombinedScore=17.02; OTS_Z=17.02; COUNT_Z=5.52; daily_ots=87779.9 > thresh=53838.7 (median=5457.4, MAD=3263.3, n=9860)"
6557246880847484935,2025-06-11,216181,redmi,Смартфоны,103618.926,27.6823,10.0,"CombinedScore=27.68; OTS_Z=27.68; COUNT_Z=3.80; daily_ots=103618.9 > thresh=40150.5 (median=4256.6, MAD=2421.0, n=4609)"
6998872468341592896,2025-06-11,198484,apple iphone,Смартфоны,55413.648,10.3255,10.0,"CombinedScore=10.33; OTS_Z=10.33; COUNT_Z=0.61; daily_ots=55413.6 > thresh=53838.7 (median=5457.4, MAD=3263.3, n=9860)"
7998397832613031942,2025-06-11,216181,redmi,Смартфоны,168327.25,45.7099,10.0,"CombinedScore=45.71; OTS_Z=45.71; COUNT_Z=9.11; daily_ots=168327.2 > thresh=40150.5 (median=4256.6, MAD=2421.0, n=4609)"
8583871661534034304,2025-06-11,219362,tecno,Смартфоны,26004.486,10.7015,10.0,"CombinedScore=10.70; OTS_Z=10.70; COUNT_Z=0.00; daily_ots=26004.5 > thresh=24489.9 (median=2898.9, MAD=1456.3, n=869)"
792639191900656750,2025-06-12,281079,samsung galaxy,Смартфоны,169878.268,40.3467,10.0,"CombinedScore=40.35; OTS_Z=40.35; COUNT_Z=3.53; daily_ots=169878.3 > thresh=45631.7 (median=4689.4, MAD=2761.6, n=7433)"
1297043030334348571,2025-06-12,216114,realme,Смартфоны,46282.536,10.9733,10.0,"CombinedScore=10.97; OTS_Z=10.97; COUNT_Z=0.00; daily_ots=46282.5 > thresh=42576.5 (median=4500.5, MAD=2568.2, n=3843)"
1585271561336820883,2025-06-12,216194,reebok,Обувь,94998.933,33.6002,10.0,"CombinedScore=33.60; OTS_Z=33.60; COUNT_Z=4.70; daily_ots=94998.9 > thresh=31015.5 (median=3904.1, MAD=1828.7, n=356)"
1585271561336969923,2025-06-12,281079,samsung galaxy,Смарт-часы и браслеты,58790.52,16.7465,10.0,"CombinedScore=16.75; OTS_Z=16.75; COUNT_Z=2.06; daily_ots=58790.5 > thresh=36694.5 (median=3942.5, MAD=2209.1, n=395)"
1585271561337012029,2025-06-12,221942,xiaomi,Крупная техника,100853.526,34.1665,10.0,"CombinedScore=34.17; OTS_Z=34.17; COUNT_Z=0.99; daily_ots=100853.5 > thresh=32179.4 (median=3762.4, MAD=1916.7, n=413)"
1729388589032331985,2025-06-12,200656,bosch,Малая техника,43690.462,18.1625,10.0,"CombinedScore=18.16; OTS_Z=18.16; COUNT_Z=0.00; daily_ots=43690.5 > thresh=25553.8 (median=3334.2, MAD=1498.7, n=255)"
1729388589032331985,2025-06-12,201496,centek,Малая техника,43690.462,13.2015,10.0,"CombinedScore=13.20; OTS_Z=13.20; COUNT_Z=0.00; daily_ots=43690.5 > thresh=34111.9 (median=4193.0, MAD=2018.0, n=59)"
1729388589032331985,2025-06-12,219742,timberk,Крупная техника,43690.462,14.5561,10.0,"CombinedScore=14.56; OTS_Z=14.56; COUNT_Z=0.00; daily_ots=43690.5 > thresh=31104.6 (median=3480.0, MAD=1863.3, n=14)"
1729388589032331985,2025-06-12,219742,timberk,Малая техника,131071.386,37.3597,10.0,"CombinedScore=37.36; OTS_Z=37.36; COUNT_Z=1.61; daily_ots=131071.4 > thresh=38781.1 (median=5048.8, MAD=2275.2, n=34)"
5044039385649898752,2025-06-12,217470,sennheiser,Аудиотехника,85988.682,16.6512,10.0,"CombinedScore=16.65; OTS_Z=16.65; COUNT_Z=1.16; daily_ots=85988.7 > thresh=53783.4 (median=5363.2, MAD=3265.9, n=123)"
7998400403885849124,2025-06-12,216194,reebok,Обувь,34623.828,11.3309,10.0,"CombinedScore=11.33; OTS_Z=11.33; COUNT_Z=2.94; daily_ots=34623.8 > thresh=31015.5 (median=3904.1, MAD=1828.7, n=356)"
369305952269615221,2025-06-13,214142,oneplus,Смартфоны,41123.52,10.0325,10.0,"CombinedScore=10.03; OTS_Z=10.03; COUNT_Z=3.10; daily_ots=41123.5 > thresh=41004.4 (median=4311.5, MAD=2474.9, n=851)"
1297043030334348571,2025-06-13,198484,apple iphone,Смартфоны,94220.808,18.3467,10.0,"CombinedScore=18.35; OTS_Z=18.35; COUNT_Z=0.61; daily_ots=94220.8 > thresh=53838.7 (median=5457.4, MAD=3263.3, n=9860)"
1297043030334348571,2025-06-13,216114,realme,Смартфоны,94220.808,23.5635,10.0,"CombinedScore=23.56; OTS_Z=23.56; COUNT_Z=0.63; daily_ots=94220.8 > thresh=42576.5 (median=4500.5, MAD=2568.2, n=3843)"
1513216560753935319,2025-06-13,214199,oppo (электроника),Смартфоны,61256.86,16.667,10.0,"CombinedScore=16.67; OTS_Z=16.67; COUNT_Z=4.96; daily_ots=61256.9 > thresh=38433.0 (median=4198.8, MAD=2309.1, n=872)"
1585271561336723110,2025-06-13,216114,realme,Смартфоны,48954.123,11.675,10.0,"CombinedScore=11.67; OTS_Z=11.67; COUNT_Z=5.03; daily_ots=48954.1 > thresh=42576.5 (median=4500.5, MAD=2568.2, n=3843)"
1585271561336876209,2025-06-13,281079,samsung galaxy,Смартфоны,141355.18,33.38,10.0,"CombinedScore=33.38; OTS_Z=33.38; COUNT_Z=2.36; daily_ots=141355.2 > thresh=45631.7 (median=4689.4, MAD=2761.6, n=7433)"
1585271561337036442,2025-06-13,197627,adidas,Обувь,44441.82,13.6516,10.0,"CombinedScore=13.65; OTS_Z=13.65; COUNT_Z=2.03; daily_ots=44441.8 > thresh=33583.1 (median=3846.3, MAD=2005.7, n=1525)"
1585271561337040209,2025-06-13,219383,tefal,Малая техника,35013.27,12.8599,10.0,"CombinedScore=12.86; OTS_Z=12.86; COUNT_Z=1.11; daily_ots=35013.3 > thresh=28025.4 (median=3591.3, MAD=1648.1, n=498)"
2819265587255210048,2025-06-13,281079,samsung galaxy,Смартфоны,57262.322,12.8407,10.0,"CombinedScore=12.84; OTS_Z=12.84; COUNT_Z=0.59; daily_ots=57262.3 > thresh=45631.7 (median=4689.4, MAD=2761.6, n=7433)"
4764820692635344322,2025-06-13,238974,tecno spark,Смартфоны,44005.234,12.4031,10.0,"CombinedScore=12.40; OTS_Z=12.40; COUNT_Z=0.89; daily_ots=44005.2 > thresh=36237.5 (median=3913.1, MAD=2180.3, n=1254)"
4899922101829706304,2025-06-13,211535,matrix,Краски для волос,44927.374,14.4795,10.0,"CombinedScore=14.48; OTS_Z=14.48; COUNT_Z=1.47; daily_ots=44927.4 > thresh=32283.3 (median=4057.2, MAD=1903.9, n=35)"
5044039385649898752,2025-06-13,215085,pioneer,Аудиотехника,114529.568,26.5886,10.0,"CombinedScore=26.59; OTS_Z=26.59; COUNT_Z=3.38; daily_ots=114529.6 > thresh=45876.8 (median=4491.3, MAD=2791.5, n=84)"
5476384795035394075,2025-06-13,206505,grandorf,Корм для кошек,34826.694,15.893,10.0,"CombinedScore=15.89; OTS_Z=15.89; COUNT_Z=3.68; daily_ots=34826.7 > thresh=23097.5 (median=3193.7, MAD=1342.5, n=118)"
6341074104264852173,2025-06-13,208828,karmy,Корм для кошек,13386.841,22.7205,10.0,"CombinedScore=22.72; OTS_Z=22.72; COUNT_Z=0.00; daily_ots=13386.8 > thresh=6954.3 (median=1897.4, MAD=341.1, n=56)"
6557248561836698767,2025-06-13,209895,lancome,Средства для маникюра,27980.146,10.6449,10.0,"CombinedScore=10.64; OTS_Z=10.64; COUNT_Z=0.00; daily_ots=27980.1 > thresh=26482.3 (median=3255.1, MAD=1566.7, n=211)"
7791241212634245504,2025-06-13,198484,apple iphone,Смартфоны,85898.337,16.6265,10.0,"CombinedScore=16.63; OTS_Z=16.63; COUNT_Z=1.23; daily_ots=85898.3 > thresh=53838.7 (median=5457.4, MAD=3263.3, n=9860)"
7998400403885849124,2025-06-13,216194,reebok,Обувь,65761.408,22.816,10.0,"CombinedScore=22.82; OTS_Z=22.82; COUNT_Z=4.11; daily_ots=65761.4 > thresh=31015.5 (median=3904.1, MAD=1828.7, n=356)"
8295642745197945921,2025-06-13,207543,huawei,Аудиотехника,104221.792,26.2085,10.0,"CombinedScore=26.21; OTS_Z=26.21; COUNT_Z=5.06; daily_ots=104221.8 > thresh=42545.0 (median=4492.8, MAD=2566.6, n=295)"
9312040921243712,2025-06-14,216181,redmi,Смартфоны,52238.16,13.3676,10.0,"CombinedScore=13.37; OTS_Z=13.37; COUNT_Z=6.08; daily_ots=52238.2 > thresh=40150.5 (median=4256.6, MAD=2421.0, n=4609)"
9312040921243712,2025-06-14,281079,samsung galaxy,Смартфоны,46433.92,10.1959,10.0,"CombinedScore=10.20; OTS_Z=10.20; COUNT_Z=4.12; daily_ots=46433.9 > thresh=45631.7 (median=4689.4, MAD=2761.6, n=7433)"
297251194917919616,2025-06-14,198484,apple iphone,Смартфоны,58218.435,10.9053,10.0,"CombinedScore=10.91; OTS_Z=10.91; COUNT_Z=1.23; daily_ots=58218.4 > thresh=53838.7 (median=5457.4, MAD=3263.3, n=9860)"
360295281038589837,2025-06-14,220740,vans,Обувь,53142.814,10.6656,10.0,"CombinedScore=10.67; OTS_Z=10.67; COUNT_Z=1.64; daily_ots=53142.8 > thresh=50149.8 (median=5185.2, MAD=3032.9, n=148)"
369305952269615221,2025-06-14,207543,huawei,Смартфоны,36646.83,10.6055,10.0,"CombinedScore=10.61; OTS_Z=10.61; COUNT_Z=0.76; daily_ots=36646.8 > thresh=34773.1 (median=3828.5, MAD=2087.2, n=1984)"
441361688982367554,2025-06-14,201165,calvin klein,Одежда,85357.239,27.5235,10.0,"CombinedScore=27.52; OTS_Z=27.52; COUNT_Z=2.49; daily_ots=85357.2 > thresh=33586.4 (median=4042.7, MAD=1992.7, n=187)"
576467810957597744,2025-06-14,219103,synergetic,Универсальные чистящие средства,46330.146,10.2459,10.0,"CombinedScore=10.25; OTS_Z=10.25; COUNT_Z=1.31; daily_ots=46330.1 > thresh=45339.2 (median=5041.0, MAD=2718.1, n=41)"
648524241621891017,2025-06-14,197548,asics,Обувь,70084.335,18.139,10.0,"CombinedScore=18.14; OTS_Z=18.14; COUNT_Z=4.30; daily_ots=70084.3 > thresh=40678.3 (median=4548.6, MAD=2436.9, n=512)"
1513216533926154380,2025-06-14,219306,tcl (техника),Крупная техника,134911.15,42.0556,10.0,"CombinedScore=42.06; OTS_Z=42.06; COUNT_Z=8.35; daily_ots=134911.1 > thresh=34879.3 (median=3673.6, MAD=2104.8, n=372)"
1585271561336624659,2025-06-14,217082,samsung,Смартфоны,118156.276,38.2791,10.0,"CombinedScore=38.28; OTS_Z=38.28; COUNT_Z=9.90; daily_ots=118156.3 > thresh=33612.7 (median=3716.5, MAD=2016.5, n=1421)"
1585271561336627208,2025-06-14,217082,samsung,Крупная техника,34925.208,11.3648,10.0,"CombinedScore=11.36; OTS_Z=11.36; COUNT_Z=3.36; daily_ots=34925.2 > thresh=31154.3 (median=3524.9, MAD=1863.6, n=1271)"
1585271561336999191,2025-06-14,203587,dreame,Малая техника,47884.62,10.8293,10.0,"CombinedScore=10.83; OTS_Z=10.83; COUNT_Z=2.07; daily_ots=47884.6 > thresh=44574.9 (median=4666.7, MAD=2691.8, n=509)"
1729388589032331985,2025-06-14,201496,centek,Малая техника,42594.545,12.8352,10.0,"CombinedScore=12.84; OTS_Z=12.84; COUNT_Z=0.00; daily_ots=42594.5 > thresh=34111.9 (median=4193.0, MAD=2018.0, n=59)"
1729388589032331985,2025-06-14,207655,hyundai,Малая техника,42594.545,10.6945,10.0,"CombinedScore=10.69; OTS_Z=10.69; COUNT_Z=0.00; daily_ots=42594.5 > thresh=40095.8 (median=4119.2, MAD=2426.6, n=54)"
1729388589032331985,2025-06-14,219742,timberk,Малая техника,127783.635,36.385,10.0,"CombinedScore=36.39; OTS_Z=36.39; COUNT_Z=1.61; daily_ots=127783.6 > thresh=38781.1 (median=5048.8, MAD=2275.2, n=34)"
1882516134850618573,2025-06-14,198476,apple airpods,Аудиотехника,54043.532,12.6844,10.0,"CombinedScore=12.68; OTS_Z=12.68; COUNT_Z=0.89; daily_ots=54043.5 > thresh=43568.0 (median=4544.8, MAD=2632.1, n=531)"
1954573939019829505,2025-06-14,221015,vichy,Средства для умывания и ухода за лицом,27134.892,11.9637,10.0,"CombinedScore=11.96; OTS_Z=11.96; COUNT_Z=0.00; daily_ots=27134.9 > thresh=23154.8 (median=2886.3, MAD=1367.1, n=56)"
1954573939019829505,2025-06-14,228578,золотой шелк,Средства для волос,27134.892,15.7861,10.0,"CombinedScore=15.79; OTS_Z=15.79; COUNT_Z=0.00; daily_ots=27134.9 > thresh=18558.4 (median=3735.9, MAD=999.8, n=19)"
2738194092690289029,2025-06-14,202423,crocs,Обувь,84856.992,26.7414,10.0,"CombinedScore=26.74; OTS_Z=26.74; COUNT_Z=2.61; daily_ots=84857.0 > thresh=34287.2 (median=4080.8, MAD=2037.4, n=1343)"
2738194092690289029,2025-06-14,239221,тофа,Обувь,28285.664,27.6386,10.0,"CombinedScore=27.64; OTS_Z=27.64; COUNT_Z=0.00; daily_ots=28285.7 > thresh=12020.0 (median=2798.4, MAD=622.0, n=33)"
2738194092690289029,2025-06-14,389750,luni,Малая техника,56571.328,13.7097,10.0,"CombinedScore=13.71; OTS_Z=13.71; COUNT_Z=3.10; daily_ots=56571.3 > thresh=42488.8 (median=4527.7, MAD=2560.5, n=17)"
2748907845476333312,2025-06-14,215234,poco,Смартфоны,49237.17,11.55,10.0,"CombinedScore=11.55; OTS_Z=11.55; COUNT_Z=2.28; daily_ots=49237.2 > thresh=43228.0 (median=4459.8, MAD=2614.9, n=3221)"
5332267584642577230,2025-06-14,220512,unihertz,Смартфоны,49932.532,14.7876,10.0,"CombinedScore=14.79; OTS_Z=14.79; COUNT_Z=1.65; daily_ots=49932.5 > thresh=34962.3 (median=3693.4, MAD=2109.1, n=96)"
5764614858704116186,2025-06-14,214142,oneplus,Смартфоны,41166.144,10.0441,10.0,"CombinedScore=10.04; OTS_Z=10.04; COUNT_Z=1.86; daily_ots=41166.1 > thresh=41004.4 (median=4311.5, MAD=2474.9, n=851)"
7277824441388353957,2025-06-14,213887,obba,Обувь,24638.692,10.3844,10.0,"CombinedScore=10.38; OTS_Z=10.38; COUNT_Z=0.00; daily_ots=24638.7 > thresh=23854.5 (median=3451.1, MAD=1376.2, n=231)"
7998400403885849124,2025-06-14,216194,reebok,Обувь,43213.576,14.4992,10.0,"CombinedScore=14.50; OTS_Z=14.50; COUNT_Z=3.53; daily_ots=43213.6 > thresh=31015.5 (median=3904.1, MAD=1828.7, n=356)"
8502804186997688729,2025-06-14,221942,xiaomi,Смартфоны,67194.972,17.8053,10.0,"CombinedScore=17.81; OTS_Z=17.81; COUNT_Z=5.69; daily_ots=67195.0 > thresh=39628.5 (median=4310.7, MAD=2382.2, n=3163)"
8935147025123495532,2025-06-14,207447,honor,Смартфоны,70768.086,17.9361,10.0,"CombinedScore=17.94; OTS_Z=17.94; COUNT_Z=3.23; daily_ots=70768.1 > thresh=41345.0 (median=4270.0, MAD=2500.7, n=4464)"
504410762191816834,2025-06-15,213619,nokia,Смартфоны,62851.449,16.1823,10.0,"CombinedScore=16.18; OTS_Z=16.18; COUNT_Z=1.52; daily_ots=62851.4 > thresh=40449.0 (median=4212.6, MAD=2444.1, n=693)"
648524241621891086,2025-06-15,197715,agm,Смартфоны,135540.174,118.3826,10.0,"CombinedScore=118.38; OTS_Z=118.38; COUNT_Z=3.33; daily_ots=135540.2 > thresh=13336.9 (median=2061.7, MAD=760.5, n=10)"
792640588831739528,2025-06-15,216181,redmi,Смартфоны,96012.675,25.5632,10.0,"CombinedScore=25.56; OTS_Z=25.56; COUNT_Z=6.08; daily_ots=96012.7 > thresh=40150.5 (median=4256.6, MAD=2421.0, n=4609)"
1513216533926154380,2025-06-15,219306,tcl (техника),Крупная техника,51808.012,15.4249,10.0,"CombinedScore=15.42; OTS_Z=15.42; COUNT_Z=1.57; daily_ots=51808.0 > thresh=34879.3 (median=3673.6, MAD=2104.8, n=372)"
1585271561336614331,2025-06-15,199669,baykar,Детские одежда и обувь,111865.722,19.6074,10.0,"CombinedScore=19.61; OTS_Z=19.61; COUNT_Z=4.96; daily_ots=111865.7 > thresh=59777.6 (median=5560.9, MAD=3656.9, n=25)"
1585271561336888673,2025-06-15,214553,panasonic,Малая техника,88508.16,33.2281,10.0,"CombinedScore=33.23; OTS_Z=33.23; COUNT_Z=1.88; daily_ots=88508.2 > thresh=29090.8 (median=3510.9, MAD=1725.4, n=261)"
1585271561336999191,2025-06-15,203587,dreame,Малая техника,59578.01,13.7594,10.0,"CombinedScore=13.76; OTS_Z=13.76; COUNT_Z=4.66; daily_ots=59578.0 > thresh=44574.9 (median=4666.7, MAD=2691.8, n=509)"
1729388589032331985,2025-06-15,201496,centek,Малая техника,43384.698,13.0993,10.0,"CombinedScore=13.10; OTS_Z=13.10; COUNT_Z=0.00; daily_ots=43384.7 > thresh=34111.9 (median=4193.0, MAD=2018.0, n=59)"
1729388589032331985,2025-06-15,203755,dyson,Малая техника,43384.698,14.0911,10.0,"CombinedScore=14.09; OTS_Z=14.09; COUNT_Z=0.00; daily_ots=43384.7 > thresh=31873.6 (median=3737.0, MAD=1897.8, n=454)"
2738194092690289029,2025-06-15,202423,crocs,Обувь,57059.86,17.539,10.0,"CombinedScore=17.54; OTS_Z=17.54; COUNT_Z=1.31; daily_ots=57059.9 > thresh=34287.2 (median=4080.8, MAD=2037.4, n=1343)"
3251612677654324864,2025-06-15,197627,adidas,Обувь,37991.214,11.4824,10.0,"CombinedScore=11.48; OTS_Z=11.48; COUNT_Z=0.68; daily_ots=37991.2 > thresh=33583.1 (median=3846.3, MAD=2005.7, n=1525)"
3251612677654324864,2025-06-15,213360,new balance,Обувь,37991.214,10.5909,10.0,"CombinedScore=10.59; OTS_Z=10.59; COUNT_Z=0.97; daily_ots=37991.2 > thresh=36096.0 (median=4020.5, MAD=2163.5, n=482)"
4611694214010660315,2025-06-15,216114,realme,Смартфоны,51885.04,12.4447,10.0,"CombinedScore=12.44; OTS_Z=12.44; COUNT_Z=2.52; daily_ots=51885.0 > thresh=42576.5 (median=4500.5, MAD=2568.2, n=3843)"
5629511854270500800,2025-06-15,206222,глисс кур,Средства для волос,28529.865,12.6773,10.0,"CombinedScore=12.68; OTS_Z=12.68; COUNT_Z=0.00; daily_ots=28529.9 > thresh=23280.4 (median=3673.2, MAD=1322.5, n=74)"
6701361217345430741,2025-06-15,198484,apple iphone,Смартфоны,90882.444,17.6566,10.0,"CombinedScore=17.66; OTS_Z=17.66; COUNT_Z=1.84; daily_ots=90882.4 > thresh=53838.7 (median=5457.4, MAD=3263.3, n=9860)"
5034735007627,2025-06-16,219709,tide,Товары для стирки,27983.463,11.2035,10.0,"CombinedScore=11.20; OTS_Z=11.20; COUNT_Z=2.94; daily_ots=27983.5 > thresh=25350.0 (median=3469.1, MAD=1475.9, n=233)"
1585271561336736404,2025-06-16,215234,poco,Смартфоны,71960.856,17.4115,10.0,"CombinedScore=17.41; OTS_Z=17.41; COUNT_Z=3.99; daily_ots=71960.9 > thresh=43228.0 (median=4459.8, MAD=2614.9, n=3221)"
1585271561336736404,2025-06-16,216114,realme,Смартфоны,80955.963,20.0797,10.0,"CombinedScore=20.08; OTS_Z=20.08; COUNT_Z=5.03; daily_ots=80956.0 > thresh=42576.5 (median=4500.5, MAD=2568.2, n=3843)"
1585271561336762631,2025-06-16,216114,realme,Смартфоны,43695.995,10.294,10.0,"CombinedScore=10.29; OTS_Z=10.29; COUNT_Z=2.52; daily_ots=43696.0 > thresh=42576.5 (median=4500.5, MAD=2568.2, n=3843)"
1585271561336876209,2025-06-16,281079,samsung galaxy,Смартфоны,56172.62,12.5746,10.0,"CombinedScore=12.57; OTS_Z=12.57; COUNT_Z=0.59; daily_ots=56172.6 > thresh=45631.7 (median=4689.4, MAD=2761.6, n=7433)"
1585271561336969686,2025-06-16,207943,infinix,Смартфоны,63690.916,17.3173,10.0,"CombinedScore=17.32; OTS_Z=17.32; COUNT_Z=2.13; daily_ots=63690.9 > thresh=38467.1 (median=3995.5, MAD=2325.1, n=1831)"
1585271561336969686,2025-06-16,311362,tecno pova,Смартфоны,47768.187,13.2512,10.0,"CombinedScore=13.25; OTS_Z=13.25; COUNT_Z=1.74; daily_ots=47768.2 > thresh=37011.2 (median=3924.7, MAD=2231.7, n=1104)"
1585271561337036299,2025-06-16,214544,pampers,Подгузники,56123.594,16.7577,10.0,"CombinedScore=16.76; OTS_Z=16.76; COUNT_Z=1.45; daily_ots=56123.6 > thresh=35283.4 (median=4444.3, MAD=2080.1, n=985)"
1585271561337037325,2025-06-16,214544,pampers,Подгузники,41266.374,11.9401,10.0,"CombinedScore=11.94; OTS_Z=11.94; COUNT_Z=2.90; daily_ots=41266.4 > thresh=35283.4 (median=4444.3, MAD=2080.1, n=985)"
4261580498707044544,2025-06-16,207447,honor,Смартфоны,53707.661,13.3345,10.0,"CombinedScore=13.33; OTS_Z=13.33; COUNT_Z=3.88; daily_ots=53707.7 > thresh=41345.0 (median=4270.0, MAD=2500.7, n=4464)"
6341074104264852773,2025-06-16,215761,purina one,Корм для кошек,42207.732,13.1928,10.0,"CombinedScore=13.19; OTS_Z=13.19; COUNT_Z=3.64; daily_ots=42207.7 > thresh=32929.7 (median=3870.9, MAD=1960.0, n=465)"
6629304165209877571,2025-06-16,197804,aiyima,Аудиотехника,49621.542,31.6589,10.0,"CombinedScore=31.66; OTS_Z=31.66; COUNT_Z=3.90; daily_ots=49621.5 > thresh=17626.6 (median=2854.4, MAD=996.4, n=25)"
8656108611308985408,2025-06-16,213816,nutrilak,Детское питание,37803.664,10.1375,10.0,"CombinedScore=10.14; OTS_Z=10.14; COUNT_Z=1.57; daily_ots=37803.7 > thresh=37349.4 (median=4301.5, MAD=2229.1, n=230)"
5034735007627,2025-06-17,206186,glade,Освежители для воздуха,38962.08,12.7079,10.0,"CombinedScore=12.71; OTS_Z=12.71; COUNT_Z=3.42; daily_ots=38962.1 > thresh=31476.2 (median=3831.5, MAD=1864.6, n=103)"
875163993763721408,2025-06-17,207447,honor,Смартфоны,71146.614,18.0382,10.0,"CombinedScore=18.04; OTS_Z=18.04; COUNT_Z=3.23; daily_ots=71146.6 > thresh=41345.0 (median=4270.0, MAD=2500.7, n=4464)"
1450169730127850278,2025-06-17,221942,xiaomi,Смарт-часы и браслеты,42023.652,11.7355,10.0,"CombinedScore=11.74; OTS_Z=11.74; COUNT_Z=0.79; daily_ots=42023.7 > thresh=36417.1 (median=4113.1, MAD=2178.9, n=862)"
1585271561336584729,2025-06-17,212017,midea,Крупная техника,41286.216,12.7426,10.0,"CombinedScore=12.74; OTS_Z=12.74; COUNT_Z=6.56; daily_ots=41286.2 > thresh=33249.5 (median=3946.2, MAD=1976.5, n=216)"
1585271561336736404,2025-06-17,215234,poco,Смартфоны,53292.696,12.5961,10.0,"CombinedScore=12.60; OTS_Z=12.60; COUNT_Z=2.85; daily_ots=53292.7 > thresh=43228.0 (median=4459.8, MAD=2614.9, n=3221)"
1585271561336736404,2025-06-17,216114,realme,Смартфоны,79939.044,19.8126,10.0,"CombinedScore=19.81; OTS_Z=19.81; COUNT_Z=5.03; daily_ots=79939.0 > thresh=42576.5 (median=4500.5, MAD=2568.2, n=3843)"
1585271561336790289,2025-06-17,242139,яндекс,Аудиотехника,44838.444,12.3915,10.0,"CombinedScore=12.39; OTS_Z=12.39; COUNT_Z=4.37; daily_ots=44838.4 > thresh=36944.9 (median=3938.1, MAD=2226.3, n=2495)"
1585271561336920304,2025-06-17,199462,ballu,Малая техника,34470.07,15.6509,10.0,"CombinedScore=15.65; OTS_Z=15.65; COUNT_Z=6.30; daily_ots=34470.1 > thresh=23168.2 (median=3168.1, MAD=1349.0, n=119)"
1585271561337003723,2025-06-17,215234,poco,Смартфоны,55787.684,13.2397,10.0,"CombinedScore=13.24; OTS_Z=13.24; COUNT_Z=0.57; daily_ots=55787.7 > thresh=43228.0 (median=4459.8, MAD=2614.9, n=3221)"
2963380814038309056,2025-06-17,207447,honor,Смартфоны,52602.516,13.0364,10.0,"CombinedScore=13.04; OTS_Z=13.04; COUNT_Z=1.29; daily_ots=52602.5 > thresh=41345.0 (median=4270.0, MAD=2500.7, n=4464)"
3828751370547352448,2025-06-17,216114,realme,Смартфоны,50908.137,12.1882,10.0,"CombinedScore=12.19; OTS_Z=12.19; COUNT_Z=1.26; daily_ots=50908.1 > thresh=42576.5 (median=4500.5, MAD=2568.2, n=3843)"
3828751370547352448,2025-06-17,216181,redmi,Смартфоны,67877.516,17.7247,10.0,"CombinedScore=17.72; OTS_Z=17.72; COUNT_Z=2.28; daily_ots=67877.5 > thresh=40150.5 (median=4256.6, MAD=2421.0, n=4609)"
4980991965168188033,2025-06-17,217082,samsung,Смарт-часы и браслеты,32998.038,14.4335,10.0,"CombinedScore=14.43; OTS_Z=14.43; COUNT_Z=2.02; daily_ots=32998.0 > thresh=23944.5 (median=3524.0, MAD=1377.4, n=125)"
5701568878757408000,2025-06-17,200461,bmw,Одежда,73283.388,27.2475,10.0,"CombinedScore=27.25; OTS_Z=27.25; COUNT_Z=3.72; daily_ots=73283.4 > thresh=29635.9 (median=4329.2, MAD=1706.9, n=22)"
5991025196473750720,2025-06-17,200746,bq,Крупная техника,21901.406,24.0176,10.0,"CombinedScore=24.02; OTS_Z=24.02; COUNT_Z=1.53; daily_ots=21901.4 > thresh=10385.3 (median=2169.9, MAD=554.1, n=11)"
6052843423965704462,2025-06-17,216268,remez,Малая техника,24885.01,10.8352,10.0,"CombinedScore=10.84; OTS_Z=10.84; COUNT_Z=0.00; daily_ots=24885.0 > thresh=23180.9 (median=2778.0, MAD=1376.2, n=23)"
6061857247078127296,2025-06-17,198484,apple iphone,Смартфоны,56427.0,10.535,10.0,"CombinedScore=10.53; OTS_Z=10.53; COUNT_Z=2.45; daily_ots=56427.0 > thresh=53838.7 (median=5457.4, MAD=3263.3, n=9860)"
6413133733194254145,2025-06-17,206505,grandorf,Корм для кошек,36252.702,16.6094,10.0,"CombinedScore=16.61; OTS_Z=16.61; COUNT_Z=1.84; daily_ots=36252.7 > thresh=23097.5 (median=3193.7, MAD=1342.5, n=118)"
6629304165209877571,2025-06-17,212598,montana,Одежда,49194.402,16.4543,10.0,"CombinedScore=16.45; OTS_Z=16.45; COUNT_Z=3.12; daily_ots=49194.4 > thresh=31402.5 (median=3836.5, MAD=1859.3, n=41)"
8872102557463947648,2025-06-17,213474,nike,Одежда,76346.109,22.35,10.0,"CombinedScore=22.35; OTS_Z=22.35; COUNT_Z=2.09; daily_ots=76346.1 > thresh=36294.6 (median=3864.3, MAD=2187.4, n=707)"
504410216844887574,2025-06-18,201581,chappi,Корм для собак,56120.304,23.3474,10.0,"CombinedScore=23.35; OTS_Z=23.35; COUNT_Z=1.48; daily_ots=56120.3 > thresh=26127.8 (median=3657.2, MAD=1515.6, n=141)"
648524241621891017,2025-06-18,197548,asics,Обувь,41874.3,10.331,10.0,"CombinedScore=10.33; OTS_Z=10.33; COUNT_Z=2.15; daily_ots=41874.3 > thresh=40678.3 (median=4548.6, MAD=2436.9, n=512)"
1234000039061637954,2025-06-18,198484,apple iphone,Смартфоны,84181.017,16.2715,10.0,"CombinedScore=16.27; OTS_Z=16.27; COUNT_Z=1.23; daily_ots=84181.0 > thresh=53838.7 (median=5457.4, MAD=3263.3, n=9860)"
1585271561336660303,2025-06-18,214199,oppo (электроника),Смартфоны,45107.164,11.9496,10.0,"CombinedScore=11.95; OTS_Z=11.95; COUNT_Z=2.48; daily_ots=45107.2 > thresh=38433.0 (median=4198.8, MAD=2309.1, n=872)"
1585271561336660303,2025-06-18,221229,vivo (электроника),Смартфоны,112767.91,26.7873,10.0,"CombinedScore=26.79; OTS_Z=26.79; COUNT_Z=7.02; daily_ots=112767.9 > thresh=45028.8 (median=4677.5, MAD=2721.7, n=1154)"
1585271561336937810,2025-06-18,207286,hisense,Крупная техника,42459.072,13.2457,10.0,"CombinedScore=13.25; OTS_Z=13.25; COUNT_Z=1.77; daily_ots=42459.1 > thresh=33063.7 (median=4116.5, MAD=1952.5, n=262)"
1585271561337001691,2025-06-18,207902,indesit,Крупная техника,208544.574,85.5563,10.0,"CombinedScore=85.56; OTS_Z=85.56; COUNT_Z=2.20; daily_ots=208544.6 > thresh=27149.4 (median=3141.5, MAD=1619.3, n=417)"
2738194092690289787,2025-06-18,201090,cp company,Одежда,31352.334,18.4766,10.0,"CombinedScore=18.48; OTS_Z=18.48; COUNT_Z=2.71; daily_ots=31352.3 > thresh=18342.6 (median=2994.8, MAD=1035.2, n=168)"
2810263319524575168,2025-06-18,211554,maunfeld,Крупная техника,35994.938,11.4377,10.0,"CombinedScore=11.44; OTS_Z=11.44; COUNT_Z=4.28; daily_ots=35994.9 > thresh=32009.0 (median=4283.7, MAD=1870.1, n=76)"
4188358369920040000,2025-06-18,198484,apple iphone,Смартфоны,61285.962,11.5393,10.0,"CombinedScore=11.54; OTS_Z=11.54; COUNT_Z=1.23; daily_ots=61286.0 > thresh=53838.7 (median=5457.4, MAD=3263.3, n=9860)"
6052843423965704462,2025-06-18,208794,kapous,Средства для волос,77093.04,25.9515,10.0,"CombinedScore=25.95; OTS_Z=25.95; COUNT_Z=2.61; daily_ots=77093.0 > thresh=32046.3 (median=3806.5, MAD=1904.8, n=117)"
6052843423965704462,2025-06-18,216268,remez,Малая техника,25697.68,11.2335,10.0,"CombinedScore=11.23; OTS_Z=11.23; COUNT_Z=0.00; daily_ots=25697.7 > thresh=23180.9 (median=2778.0, MAD=1376.2, n=23)"
6052843423965704511,2025-06-18,197548,asics,Обувь,93012.192,24.485,10.0,"CombinedScore=24.49; OTS_Z=24.49; COUNT_Z=3.23; daily_ots=93012.2 > thresh=40678.3 (median=4548.6, MAD=2436.9, n=512)"
6052843423965704632,2025-06-18,203180,dino ricci,Обувь,31379.709,18.1435,10.0,"CombinedScore=18.14; OTS_Z=18.14; COUNT_Z=4.09; daily_ots=31379.7 > thresh=18662.0 (median=3045.0, MAD=1053.4, n=22)"
6557246880847484935,2025-06-18,369276,iqoo,Смартфоны,56106.148,15.2754,10.0,"CombinedScore=15.28; OTS_Z=15.28; COUNT_Z=0.73; daily_ots=56106.1 > thresh=38107.0 (median=3987.8, MAD=2301.3, n=858)"
6566260261574333184,2025-06-18,231633,малютка,Детское питание,64051.104,18.8971,10.0,"CombinedScore=18.90; OTS_Z=18.90; COUNT_Z=5.93; daily_ots=64051.1 > thresh=36102.2 (median=4688.6, MAD=2118.8, n=126)"
6629304165209876826,2025-06-18,281079,samsung galaxy,Аудиотехника,56120.678,14.1011,10.0,"CombinedScore=14.10; OTS_Z=14.10; COUNT_Z=0.97; daily_ots=56120.7 > thresh=41040.3 (median=4268.5, MAD=2480.3, n=197)"
7421937771504245301,2025-06-18,281079,samsung galaxy,Смартфоны,74534.579,17.0594,10.0,"CombinedScore=17.06; OTS_Z=17.06; COUNT_Z=3.53; daily_ots=74534.6 > thresh=45631.7 (median=4689.4, MAD=2761.6, n=7433)"
8872102557463947648,2025-06-18,197557,acoola,Детские одежда и обувь,26918.248,10.6316,10.0,"CombinedScore=10.63; OTS_Z=10.63; COUNT_Z=0.00; daily_ots=26918.2 > thresh=25567.7 (median=4185.6, MAD=1442.2, n=203)"
8872102557463947648,2025-06-18,207563,hugo boss,Одежда,53836.496,19.0671,10.0,"CombinedScore=19.07; OTS_Z=19.07; COUNT_Z=1.58; daily_ots=53836.5 > thresh=29804.3 (median=3299.4, MAD=1787.8, n=53)"
1585271561336762631,2025-06-19,360351,mijia,Малая техника,34717.476,12.4191,10.0,"CombinedScore=12.42; OTS_Z=12.42; COUNT_Z=4.33; daily_ots=34717.5 > thresh=28598.1 (median=3301.9, MAD=1706.2, n=181)"
1585271561336863782,2025-06-19,281079,samsung galaxy,Смартфоны,55448.94,12.3978,10.0,"CombinedScore=12.40; OTS_Z=12.40; COUNT_Z=8.25; daily_ots=55448.9 > thresh=45631.7 (median=4689.4, MAD=2761.6, n=7433)"
1585271561336931686,2025-06-19,208828,karmy,Корм для кошек,26404.164,48.4623,10.0,"CombinedScore=48.46; OTS_Z=48.46; COUNT_Z=5.12; daily_ots=26404.2 > thresh=6954.3 (median=1897.4, MAD=341.1, n=56)"
1585271561336969686,2025-06-19,311362,tecno pova,Смартфоны,48947.394,13.6076,10.0,"CombinedScore=13.61; OTS_Z=13.61; COUNT_Z=1.74; daily_ots=48947.4 > thresh=37011.2 (median=3924.7, MAD=2231.7, n=1104)"
1585271561337001691,2025-06-19,207501,hotpoint,Крупная техника,69166.334,21.9343,10.0,"CombinedScore=21.93; OTS_Z=21.93; COUNT_Z=0.00; daily_ots=69166.3 > thresh=33827.6 (median=4216.4, MAD=1997.3, n=170)"
1585271561337001691,2025-06-19,207902,indesit,Крупная техника,138332.668,56.311,10.0,"CombinedScore=56.31; OTS_Z=56.31; COUNT_Z=1.10; daily_ots=138332.7 > thresh=27149.4 (median=3141.5, MAD=1619.3, n=417)"
1585271561337012029,2025-06-19,219362,tecno,Смартфоны,49753.47,21.701,10.0,"CombinedScore=21.70; OTS_Z=21.70; COUNT_Z=0.00; daily_ots=49753.5 > thresh=24489.9 (median=2898.9, MAD=1456.3, n=869)"
1585271561337012029,2025-06-19,219647,thermex,Крупная техника,49753.47,21.0818,10.0,"CombinedScore=21.08; OTS_Z=21.08; COUNT_Z=0.00; daily_ots=49753.5 > thresh=25267.8 (median=3172.4, MAD=1490.3, n=133)"
1585271561337012029,2025-06-19,221942,xiaomi,Смартфоны,49753.47,12.8668,10.0,"CombinedScore=12.87; OTS_Z=12.87; COUNT_Z=0.00; daily_ots=49753.5 > thresh=39628.5 (median=4310.7, MAD=2382.2, n=3163)"
1585271561337040624,2025-06-19,208375,jbl (аудиотехника),Аудиотехника,70468.229,19.9881,10.0,"CombinedScore=19.99; OTS_Z=19.99; COUNT_Z=9.51; daily_ots=70468.2 > thresh=37287.4 (median=4067.2, MAD=2240.7, n=1174)"
1585271561337041337,2025-06-19,242139,яндекс,Крупная техника,55480.596,19.2534,10.0,"CombinedScore=19.25; OTS_Z=19.25; COUNT_Z=2.32; daily_ots=55480.6 > thresh=30553.4 (median=3615.0, MAD=1817.0, n=311)"
1873514873511094208,2025-06-19,207543,huawei,Смартфоны,41419.175,12.1477,10.0,"CombinedScore=12.15; OTS_Z=12.15; COUNT_Z=3.04; daily_ots=41419.2 > thresh=34773.1 (median=3828.5, MAD=2087.2, n=1984)"
2604256311380796096,2025-06-19,207097,hello kitty,Детские одежда и обувь,21948.826,10.0038,10.0,"CombinedScore=10.00; OTS_Z=10.00; COUNT_Z=0.00; daily_ots=21948.8 > thresh=21942.2 (median=4338.3, MAD=1187.4, n=21)"
3891115984388077661,2025-06-19,198484,apple iphone,Смартфоны,57102.105,10.6745,10.0,"CombinedScore=10.67; OTS_Z=10.67; COUNT_Z=2.45; daily_ots=57102.1 > thresh=53838.7 (median=5457.4, MAD=3263.3, n=9860)"
3891115984388077709,2025-06-19,237729,снежная королева,Одежда,34817.561,20.106,10.0,"CombinedScore=20.11; OTS_Z=20.11; COUNT_Z=0.00; daily_ots=34817.6 > thresh=18830.5 (median=3011.2, MAD=1067.0, n=43)"
6196958805535046283,2025-06-19,207543,huawei,Смарт-часы и браслеты,48072.042,13.4942,10.0,"CombinedScore=13.49; OTS_Z=13.49; COUNT_Z=0.00; daily_ots=48072.0 > thresh=36711.3 (median=4198.1, MAD=2193.0, n=956)"
7286836179836408576,2025-06-19,215530,pro brite,Универсальные чистящие средства,27824.584,10.1756,10.0,"CombinedScore=10.18; OTS_Z=10.18; COUNT_Z=1.56; daily_ots=27824.6 > thresh=27389.2 (median=2602.1, MAD=1671.9, n=10)"
7782225973962771416,2025-06-19,213474,nike,Обувь,83241.06,21.0447,10.0,"CombinedScore=21.04; OTS_Z=21.04; COUNT_Z=1.80; daily_ots=83241.1 > thresh=41879.1 (median=4429.4, MAD=2526.0, n=1795)"
8367698818594834445,2025-06-19,207943,infinix,Смартфоны,50579.276,13.5137,10.0,"CombinedScore=13.51; OTS_Z=13.51; COUNT_Z=2.13; daily_ots=50579.3 > thresh=38467.1 (median=3995.5, MAD=2325.1, n=1831)"
9079264347632290320,2025-06-19,221622,whiskas,Корм для кошек,27636.831,10.4347,10.0,"CombinedScore=10.43; OTS_Z=10.43; COUNT_Z=1.94; daily_ots=27636.8 > thresh=26625.4 (median=3357.2, MAD=1569.4, n=656)"
576465923186619467,2025-06-20,206252,gloria jeans,Одежда,54466.942,17.7302,10.0,"CombinedScore=17.73; OTS_Z=17.73; COUNT_Z=1.39; daily_ots=54466.9 > thresh=32536.1 (median=4165.8, MAD=1913.6, n=595)"
801649609405801345,2025-06-20,209759,lacoste,Обувь,25266.552,10.797,10.0,"CombinedScore=10.80; OTS_Z=10.80; COUNT_Z=6.78; daily_ots=25266.6 > thresh=23625.8 (median=3038.7, MAD=1388.6, n=58)"
1585271561336762631,2025-06-20,215274,polaris (бытовая техника),Малая техника,34544.688,10.4717,10.0,"CombinedScore=10.47; OTS_Z=10.47; COUNT_Z=3.03; daily_ots=34544.7 > thresh=33163.6 (median=3887.0, MAD=1974.7, n=593)"
1585271561336985149,2025-06-20,207447,honor,Смартфоны,67191.145,16.9713,10.0,"CombinedScore=16.97; OTS_Z=16.97; COUNT_Z=2.59; daily_ots=67191.1 > thresh=41345.0 (median=4270.0, MAD=2500.7, n=4464)"
1585271561337012029,2025-06-20,209960,lassie,Обувь,47176.115,14.006,10.0,"CombinedScore=14.01; OTS_Z=14.01; COUNT_Z=0.00; daily_ots=47176.1 > thresh=34813.6 (median=3953.6, MAD=2081.5, n=5)"
1585271561337012029,2025-06-20,211419,marshall (электроника),Аудиотехника,47176.115,10.7321,10.0,"CombinedScore=10.73; OTS_Z=10.73; COUNT_Z=0.00; daily_ots=47176.1 > thresh=44253.0 (median=4326.2, MAD=2693.1, n=199)"
2748907845476333312,2025-06-20,215234,poco,Смартфоны,73703.455,17.861,10.0,"CombinedScore=17.86; OTS_Z=17.86; COUNT_Z=3.42; daily_ots=73703.5 > thresh=43228.0 (median=4459.8, MAD=2614.9, n=3221)"
2963380775332161280,2025-06-20,207543,huawei,Смарт-часы и браслеты,67591.839,19.4978,10.0,"CombinedScore=19.50; OTS_Z=19.50; COUNT_Z=4.15; daily_ots=67591.8 > thresh=36711.3 (median=4198.1, MAD=2193.0, n=956)"
3098483602160404038,2025-06-20,204459,estel,Краски для волос,53116.791,16.0062,10.0,"CombinedScore=16.01; OTS_Z=16.01; COUNT_Z=1.87; daily_ots=53116.8 > thresh=34785.8 (median=4265.9, MAD=2058.6, n=412)"
3098483602160404038,2025-06-20,210685,loreal,Краски для волос,53116.791,24.8309,10.0,"CombinedScore=24.83; OTS_Z=24.83; COUNT_Z=2.70; daily_ots=53116.8 > thresh=23493.8 (median=3520.1, MAD=1347.2, n=204)"
3891115984388077661,2025-06-20,198484,apple iphone,Смартфоны,60105.555,11.2953,10.0,"CombinedScore=11.30; OTS_Z=11.30; COUNT_Z=2.45; daily_ots=60105.6 > thresh=53838.7 (median=5457.4, MAD=3263.3, n=9860)"
7647124459683657921,2025-06-20,198590,aravia,Средства для умывания и ухода за лицом,58930.684,16.5784,10.0,"CombinedScore=16.58; OTS_Z=16.58; COUNT_Z=5.40; daily_ots=58930.7 > thresh=37225.9 (median=4231.9, MAD=2225.4, n=310)"
7782225973962770785,2025-06-20,217082,samsung,Крупная техника,37056.29,12.1361,10.0,"CombinedScore=12.14; OTS_Z=12.14; COUNT_Z=1.12; daily_ots=37056.3 > thresh=31154.3 (median=3524.9, MAD=1863.6, n=1271)"
8872102004503143605,2025-06-20,212714,motorola,Смартфоны,43702.412,12.6185,10.0,"CombinedScore=12.62; OTS_Z=12.62; COUNT_Z=0.96; daily_ots=43702.4 > thresh=35356.1 (median=3481.7, MAD=2149.9, n=269)"
8872102004503143605,2025-06-20,217082,samsung,Смартфоны,65553.618,20.684,10.0,"CombinedScore=20.68; OTS_Z=20.68; COUNT_Z=3.30; daily_ots=65553.6 > thresh=33612.7 (median=3716.5, MAD=2016.5, n=1421)"
5034735006047,2025-06-21,200549,bona fide,Одежда,31750.32,18.4716,10.0,"CombinedScore=18.47; OTS_Z=18.47; COUNT_Z=5.24; daily_ots=31750.3 > thresh=18984.8 (median=3916.2, MAD=1016.4, n=50)"
1522327548243721536,2025-06-21,213474,nike,Обувь,51705.561,12.6239,10.0,"CombinedScore=12.62; OTS_Z=12.62; COUNT_Z=1.20; daily_ots=51705.6 > thresh=41879.1 (median=4429.4, MAD=2526.0, n=1795)"
1585271561336828598,2025-06-21,203210,discreet,Женская гигиена,31638.258,11.9798,10.0,"CombinedScore=11.98; OTS_Z=11.98; COUNT_Z=3.50; daily_ots=31638.3 > thresh=26966.3 (median=3367.8, MAD=1591.7, n=89)"
1585271561337012029,2025-06-21,224637,бирюса,Крупная техника,47293.806,12.829,10.0,"CombinedScore=12.83; OTS_Z=12.83; COUNT_Z=0.00; daily_ots=47293.8 > thresh=37765.0 (median=4082.5, MAD=2271.9, n=295)"
1585271561337025775,2025-06-21,214142,oneplus,Смарт-часы и браслеты,95320.864,21.6313,10.0,"CombinedScore=21.63; OTS_Z=21.63; COUNT_Z=3.66; daily_ots=95320.9 > thresh=47594.9 (median=6562.4, MAD=2767.6, n=12)"
1585271561337041337,2025-06-21,207286,hisense,Крупная техника,35468.298,10.8307,10.0,"CombinedScore=10.83; OTS_Z=10.83; COUNT_Z=0.59; daily_ots=35468.3 > thresh=33063.7 (median=4116.5, MAD=1952.5, n=262)"
3107700341612065664,2025-06-21,216181,redmi,Смартфоны,75569.292,19.8677,10.0,"CombinedScore=19.87; OTS_Z=19.87; COUNT_Z=3.80; daily_ots=75569.3 > thresh=40150.5 (median=4256.6, MAD=2421.0, n=4609)"
3828751370547352448,2025-06-21,219362,tecno,Смартфоны,33569.97,14.2055,10.0,"CombinedScore=14.21; OTS_Z=14.21; COUNT_Z=2.27; daily_ots=33570.0 > thresh=24489.9 (median=2898.9, MAD=1456.3, n=869)"
4035232106963127754,2025-06-21,207447,honor,Смартфоны,47950.014,11.7815,10.0,"CombinedScore=11.78; OTS_Z=11.78; COUNT_Z=3.23; daily_ots=47950.0 > thresh=41345.0 (median=4270.0, MAD=2500.7, n=4464)"
4261580498707044544,2025-06-21,207447,honor,Смартфоны,63043.805,15.8527,10.0,"CombinedScore=15.85; OTS_Z=15.85; COUNT_Z=2.59; daily_ots=63043.8 > thresh=41345.0 (median=4270.0, MAD=2500.7, n=4464)"
4611691438142762186,2025-06-21,198484,apple iphone,Смартфоны,62850.067,11.8626,10.0,"CombinedScore=11.86; OTS_Z=11.86; COUNT_Z=3.68; daily_ots=62850.1 > thresh=53838.7 (median=5457.4, MAD=3263.3, n=9860)"
6341074104264852368,2025-06-21,281079,samsung galaxy,Смартфоны,113299.045,26.5275,10.0,"CombinedScore=26.53; OTS_Z=26.53; COUNT_Z=2.36; daily_ots=113299.0 > thresh=45631.7 (median=4689.4, MAD=2761.6, n=7433)"
6341074104264854520,2025-06-21,228029,елизар,Товары для стирки,36355.658,14.159,10.0,"CombinedScore=14.16; OTS_Z=14.16; COUNT_Z=3.23; daily_ots=36355.7 > thresh=26655.0 (median=3330.8, MAD=1573.2, n=140)"
8214571128982578588,2025-06-21,200371,blackview,Смартфоны,41838.522,13.164,10.0,"CombinedScore=13.16; OTS_Z=13.16; COUNT_Z=1.47; daily_ots=41838.5 > thresh=32645.1 (median=3588.6, MAD=1959.9, n=145)"
8214571128982578588,2025-06-21,207447,honor,Смартфоны,42685.238,10.3615,10.0,"CombinedScore=10.36; OTS_Z=10.36; COUNT_Z=0.65; daily_ots=42685.2 > thresh=41345.0 (median=4270.0, MAD=2500.7, n=4464)"
1585271561336642216,2025-06-22,208353,jarvi elaman,Корм для кошек,22725.424,10.4859,10.0,"CombinedScore=10.49; OTS_Z=10.49; COUNT_Z=0.00; daily_ots=22725.4 > thresh=21788.3 (median=2504.5, MAD=1300.7, n=58)"
1585271561337041337,2025-06-22,209232,kivi,Крупная техника,17872.212,22.651,10.0,"CombinedScore=22.65; OTS_Z=22.65; COUNT_Z=0.00; daily_ots=17872.2 > thresh=9683.6 (median=3210.8, MAD=436.6, n=14)"
1585271561337041337,2025-06-22,210322,lg,Крупная техника,53616.636,17.5176,10.0,"CombinedScore=17.52; OTS_Z=17.52; COUNT_Z=1.70; daily_ots=53616.6 > thresh=32222.6 (median=3764.0, MAD=1919.5, n=942)"
1585271561337041337,2025-06-22,220328,tuvio,Крупная техника,71488.848,24.72,10.0,"CombinedScore=24.72; OTS_Z=24.72; COUNT_Z=2.87; daily_ots=71488.8 > thresh=31157.3 (median=3758.2, MAD=1848.1, n=153)"
1585271561337041337,2025-06-22,329617,hi (бытовая техника),Крупная техника,71488.848,19.014,10.0,"CombinedScore=19.01; OTS_Z=19.01; COUNT_Z=4.51; daily_ots=71488.8 > thresh=39542.5 (median=4101.9, MAD=2390.5, n=51)"
1585271561337051825,2025-06-22,206634,grizzly,Детские одежда и обувь,30167.358,16.418,10.0,"CombinedScore=16.42; OTS_Z=16.42; COUNT_Z=4.75; daily_ots=30167.4 > thresh=19956.6 (median=4047.0, MAD=1073.1, n=25)"
1585271561337054131,2025-06-22,224637,бирюса,Крупная техника,40679.154,10.8652,10.0,"CombinedScore=10.87; OTS_Z=10.87; COUNT_Z=2.35; daily_ots=40679.2 > thresh=37765.0 (median=4082.5, MAD=2271.9, n=295)"
1729388589032331985,2025-06-22,206505,grandorf,Корм для собак,41363.21,10.7357,10.0,"CombinedScore=10.74; OTS_Z=10.74; COUNT_Z=0.00; daily_ots=41363.2 > thresh=38801.1 (median=3975.3, MAD=2349.0, n=44)"
1729388589032331985,2025-06-22,206505,grandorf,Корм для кошек,82726.42,39.9587,10.0,"CombinedScore=39.96; OTS_Z=39.96; COUNT_Z=1.84; daily_ots=82726.4 > thresh=23097.5 (median=3193.7, MAD=1342.5, n=118)"
1729388589032331985,2025-06-22,232457,мираторг,Корм для кошек,41363.21,12.8637,10.0,"CombinedScore=12.86; OTS_Z=12.86; COUNT_Z=0.00; daily_ots=41363.2 > thresh=32998.5 (median=3789.4, MAD=1970.2, n=192)"
2305848744076622362,2025-06-22,206804,haier,Крупная техника,73004.598,22.3215,10.0,"CombinedScore=22.32; OTS_Z=22.32; COUNT_Z=1.37; daily_ots=73004.6 > thresh=34924.6 (median=4019.2, MAD=2084.6, n=729)"
2963380775332161280,2025-06-22,207543,huawei,Смарт-часы и браслеты,57908.778,16.5196,10.0,"CombinedScore=16.52; OTS_Z=16.52; COUNT_Z=3.46; daily_ots=57908.8 > thresh=36711.3 (median=4198.1, MAD=2193.0, n=956)"
3828751370547352448,2025-06-22,215234,poco,Смартфоны,45252.884,10.5223,10.0,"CombinedScore=10.52; OTS_Z=10.52; COUNT_Z=0.57; daily_ots=45252.9 > thresh=43228.0 (median=4459.8, MAD=2614.9, n=3221)"
3828751370547352448,2025-06-22,221942,xiaomi,Смартфоны,45252.884,11.5925,10.0,"CombinedScore=11.59; OTS_Z=11.59; COUNT_Z=0.71; daily_ots=45252.9 > thresh=39628.5 (median=4310.7, MAD=2382.2, n=3163)"
4467576858342743369,2025-06-22,281079,samsung galaxy,Смартфоны,94382.808,21.9072,10.0,"CombinedScore=21.91; OTS_Z=21.91; COUNT_Z=7.07; daily_ots=94382.8 > thresh=45631.7 (median=4689.4, MAD=2761.6, n=7433)"
5044039385649898752,2025-06-22,230759,ласка,Товары для стирки,28428.283,10.2244,10.0,"CombinedScore=10.22; OTS_Z=10.22; COUNT_Z=0.00; daily_ots=28428.3 > thresh=27885.8 (median=3713.9, MAD=1630.4, n=267)"
6341074104264852368,2025-06-22,198484,apple iphone,Смартфоны,89006.06,17.2688,10.0,"CombinedScore=17.27; OTS_Z=17.27; COUNT_Z=1.84; daily_ots=89006.1 > thresh=53838.7 (median=5457.4, MAD=3263.3, n=9860)"
6629304165209877199,2025-06-22,198484,apple iphone,Смартфоны,391327.182,79.7561,10.0,"CombinedScore=79.76; OTS_Z=79.76; COUNT_Z=10.43; daily_ots=391327.2 > thresh=53838.7 (median=5457.4, MAD=3263.3, n=9860)"
7791241212634245504,2025-06-22,202423,crocs,Обувь,55232.548,16.934,10.0,"CombinedScore=16.93; OTS_Z=16.93; COUNT_Z=1.31; daily_ots=55232.5 > thresh=34287.2 (median=4080.8, MAD=2037.4, n=1343)"
8502804186997688729,2025-06-22,221942,xiaomi,Смартфоны,78822.504,21.0975,10.0,"CombinedScore=21.10; OTS_Z=21.10; COUNT_Z=4.98; daily_ots=78822.5 > thresh=39628.5 (median=4310.7, MAD=2382.2, n=3163)"
1585271561336915000,2025-06-23,210322,lg,Смартфоны,28037.225,10.3742,10.0,"CombinedScore=10.37; OTS_Z=10.37; COUNT_Z=0.00; daily_ots=28037.2 > thresh=27142.9 (median=3241.4, MAD=1612.2, n=59)"
1585271561337013256,2025-06-23,216114,realme,Смартфоны,47194.3,11.2128,10.0,"CombinedScore=11.21; OTS_Z=11.21; COUNT_Z=0.63; daily_ots=47194.3 > thresh=42576.5 (median=4500.5, MAD=2568.2, n=3843)"
1729388589032331985,2025-06-23,208792,kapika,Детские одежда и обувь,41343.225,18.9024,10.0,"CombinedScore=18.90; OTS_Z=18.90; COUNT_Z=0.00; daily_ots=41343.2 > thresh=23610.7 (median=3691.9, MAD=1343.5, n=63)"
2305848744076622362,2025-06-23,206804,haier,Крупная техника,72849.993,22.2714,10.0,"CombinedScore=22.27; OTS_Z=22.27; COUNT_Z=1.37; daily_ots=72850.0 > thresh=34924.6 (median=4019.2, MAD=2084.6, n=729)"
2738194092690289675,2025-06-23,201536,cesar,Корм для собак,44147.64,41.7326,10.0,"CombinedScore=41.73; OTS_Z=41.73; COUNT_Z=1.97; daily_ots=44147.6 > thresh=12394.5 (median=2388.0, MAD=674.9, n=46)"
2747206450459321889,2025-06-23,198484,apple iphone,Смартфоны,77739.92,14.9402,10.0,"CombinedScore=14.94; OTS_Z=14.94; COUNT_Z=1.84; daily_ots=77739.9 > thresh=53838.7 (median=5457.4, MAD=3263.3, n=9860)"
3107495819638266880,2025-06-23,307362,чистая линия (косметика),Средства для умывания и ухода за лицом,28458.78,11.1123,10.0,"CombinedScore=11.11; OTS_Z=11.11; COUNT_Z=2.21; daily_ots=28458.8 > thresh=25941.9 (median=3314.1, MAD=1526.2, n=75)"
3530830270264483540,2025-06-23,216114,realme,Смартфоны,56074.45,13.545,10.0,"CombinedScore=13.54; OTS_Z=13.54; COUNT_Z=0.63; daily_ots=56074.4 > thresh=42576.5 (median=4500.5, MAD=2568.2, n=3843)"
4404534342618501632,2025-06-23,207447,honor,Смартфоны,45062.915,11.0028,10.0,"CombinedScore=11.00; OTS_Z=11.00; COUNT_Z=2.59; daily_ots=45062.9 > thresh=41345.0 (median=4270.0, MAD=2500.7, n=4464)"
5764614858704116186,2025-06-23,214142,oneplus,Смартфоны,42921.784,10.5226,10.0,"CombinedScore=10.52; OTS_Z=10.52; COUNT_Z=1.86; daily_ots=42921.8 > thresh=41004.4 (median=4311.5, MAD=2474.9, n=851)"
6196958805535046283,2025-06-23,208375,jbl (аудиотехника),Аудиотехника,47305.1,13.0155,10.0,"CombinedScore=13.02; OTS_Z=13.02; COUNT_Z=0.00; daily_ots=47305.1 > thresh=37287.4 (median=4067.2, MAD=2240.7, n=1174)"
6701361217345429307,2025-06-23,207543,huawei,Смарт-часы и браслеты,52644.996,14.9007,10.0,"CombinedScore=14.90; OTS_Z=14.90; COUNT_Z=5.53; daily_ots=52645.0 > thresh=36711.3 (median=4198.1, MAD=2193.0, n=956)"
6998605980629640196,2025-06-23,206804,haier,Крупная техника,38892.31,11.2838,10.0,"CombinedScore=11.28; OTS_Z=11.28; COUNT_Z=0.69; daily_ots=38892.3 > thresh=34924.6 (median=4019.2, MAD=2084.6, n=729)"
7215494154939420416,2025-06-23,207943,infinix,Смартфоны,38724.852,10.0748,10.0,"CombinedScore=10.07; OTS_Z=10.07; COUNT_Z=2.13; daily_ots=38724.9 > thresh=38467.1 (median=3995.5, MAD=2325.1, n=1831)"
7782225973962771416,2025-06-23,213474,nike,Обувь,49963.966,12.1589,10.0,"CombinedScore=12.16; OTS_Z=12.16; COUNT_Z=0.60; daily_ots=49964.0 > thresh=41879.1 (median=4429.4, MAD=2526.0, n=1795)"
8142515912690094339,2025-06-23,202423,crocs,Обувь,40157.372,11.9433,10.0,"CombinedScore=11.94; OTS_Z=11.94; COUNT_Z=3.92; daily_ots=40157.4 > thresh=34287.2 (median=4080.8, MAD=2037.4, n=1343)"
792639191900656642,2025-06-24,216114,realme,Смартфоны,49021.832,11.6927,10.0,"CombinedScore=11.69; OTS_Z=11.69; COUNT_Z=0.63; daily_ots=49021.8 > thresh=42576.5 (median=4500.5, MAD=2568.2, n=3843)"
1585271561336921162,2025-06-24,198484,apple iphone,Смартфоны,64007.678,12.1019,10.0,"CombinedScore=12.10; OTS_Z=12.10; COUNT_Z=3.68; daily_ots=64007.7 > thresh=53838.7 (median=5457.4, MAD=3263.3, n=9860)"
1585271561336939603,2025-06-24,213067,nestle nan,Детское питание,55523.534,12.8035,10.0,"CombinedScore=12.80; OTS_Z=12.80; COUNT_Z=1.33; daily_ots=55523.5 > thresh=44492.0 (median=5142.7, MAD=2654.1, n=230)"
1585271561337040881,2025-06-24,225843,восток сервис,Одежда,27762.849,13.7354,10.0,"CombinedScore=13.74; OTS_Z=13.74; COUNT_Z=0.00; daily_ots=27762.8 > thresh=21130.5 (median=3375.2, MAD=1197.6, n=30)"
2170747290681326786,2025-06-24,234881,персил,Товары для стирки,52199.625,16.7243,10.0,"CombinedScore=16.72; OTS_Z=16.72; COUNT_Z=5.78; daily_ots=52199.6 > thresh=32816.3 (median=3990.5, MAD=1944.3, n=354)"
2882311520272393922,2025-06-24,219383,tefal,Малая техника,33495.465,12.2387,10.0,"CombinedScore=12.24; OTS_Z=12.24; COUNT_Z=2.22; daily_ots=33495.5 > thresh=28025.4 (median=3591.3, MAD=1648.1, n=498)"
3107495819638272003,2025-06-24,203399,donella,Одежда,12366.372,10.4358,10.0,"CombinedScore=10.44; OTS_Z=10.44; COUNT_Z=0.00; daily_ots=12366.4 > thresh=11987.4 (median=3291.3, MAD=586.6, n=11)"
4683750671725055367,2025-06-24,281079,samsung galaxy,Смартфоны,55539.82,12.42,10.0,"CombinedScore=12.42; OTS_Z=12.42; COUNT_Z=2.36; daily_ots=55539.8 > thresh=45631.7 (median=4689.4, MAD=2761.6, n=7433)"
4693486955013172224,2025-06-24,209895,lancome,Средства для маникюра,26546.648,10.0277,10.0,"CombinedScore=10.03; OTS_Z=10.03; COUNT_Z=5.24; daily_ots=26546.6 > thresh=26482.3 (median=3255.1, MAD=1566.7, n=211)"
5270070211184864256,2025-06-24,200782,braun,Малая техника,68379.16,24.8925,10.0,"CombinedScore=24.89; OTS_Z=24.89; COUNT_Z=3.35; daily_ots=68379.2 > thresh=29583.7 (median=3533.4, MAD=1757.1, n=297)"
6629304165209877571,2025-06-24,218147,smsl,Аудиотехника,52769.04,26.0501,10.0,"CombinedScore=26.05; OTS_Z=26.05; COUNT_Z=2.86; daily_ots=52769.0 > thresh=21776.2 (median=2466.2, MAD=1302.5, n=14)"
8151714564325193472,2025-06-24,320820,neva (сантехника),Крупная техника,13005.066,10.1637,10.0,"CombinedScore=10.16; OTS_Z=10.16; COUNT_Z=2.08; daily_ots=13005.1 > thresh=12831.5 (median=2228.5, MAD=715.2, n=79)"
9007207445622427913,2025-06-24,197627,adidas,Обувь,36490.335,10.9777,10.0,"CombinedScore=10.98; OTS_Z=10.98; COUNT_Z=1.35; daily_ots=36490.3 > thresh=33583.1 (median=3846.3, MAD=2005.7, n=1525)"
432351254888983589,2025-06-25,214236,oralb,Малая техника,116290.902,43.1751,10.0,"CombinedScore=43.18; OTS_Z=43.18; COUNT_Z=5.90; daily_ots=116290.9 > thresh=29962.9 (median=3940.9, MAD=1755.2, n=192)"
648524241621891017,2025-06-25,197548,asics,Обувь,83769.81,21.9269,10.0,"CombinedScore=21.93; OTS_Z=21.93; COUNT_Z=5.38; daily_ots=83769.8 > thresh=40678.3 (median=4548.6, MAD=2436.9, n=512)"
1450169741182143061,2025-06-25,221229,vivo (электроника),Смартфоны,55004.17,12.4721,10.0,"CombinedScore=12.47; OTS_Z=12.47; COUNT_Z=0.78; daily_ots=55004.2 > thresh=45028.8 (median=4677.5, MAD=2721.7, n=1154)"
1585271561337001691,2025-06-25,199833,beko,Крупная техника,212973.876,61.9089,10.0,"CombinedScore=61.91; OTS_Z=61.91; COUNT_Z=1.72; daily_ots=212973.9 > thresh=38009.2 (median=4303.1, MAD=2273.5, n=312)"
1585271561337001691,2025-06-25,201496,centek,Крупная техника,70991.292,23.4847,10.0,"CombinedScore=23.48; OTS_Z=23.48; COUNT_Z=0.00; daily_ots=70991.3 > thresh=32445.0 (median=3859.7, MAD=1928.1, n=60)"
1585271561337001691,2025-06-25,206804,haier,Крупная техника,141982.584,44.6405,10.0,"CombinedScore=44.64; OTS_Z=44.64; COUNT_Z=0.69; daily_ots=141982.6 > thresh=34924.6 (median=4019.2, MAD=2084.6, n=729)"
1585271561337001691,2025-06-25,210322,lg,Крупная техника,70991.292,23.6228,10.0,"CombinedScore=23.62; OTS_Z=23.62; COUNT_Z=0.00; daily_ots=70991.3 > thresh=32222.6 (median=3764.0, MAD=1919.5, n=942)"
1585271561337001691,2025-06-25,212017,midea,Крупная техника,141982.584,47.106,10.0,"CombinedScore=47.11; OTS_Z=47.11; COUNT_Z=0.94; daily_ots=141982.6 > thresh=33249.5 (median=3946.2, MAD=1976.5, n=216)"
1585271561337012029,2025-06-25,216114,realme,Смартфоны,89421.496,22.303,10.0,"CombinedScore=22.30; OTS_Z=22.30; COUNT_Z=0.63; daily_ots=89421.5 > thresh=42576.5 (median=4500.5, MAD=2568.2, n=3843)"
1585271561337041337,2025-06-25,220077,tox,Крупная техника,53593.68,26.4745,10.0,"CombinedScore=26.47; OTS_Z=26.47; COUNT_Z=3.66; daily_ots=53593.7 > thresh=22290.5 (median=3289.6, MAD=1281.6, n=19)"
1585271561337041337,2025-06-25,221942,xiaomi,Крупная техника,53593.68,17.5357,10.0,"CombinedScore=17.54; OTS_Z=17.54; COUNT_Z=1.97; daily_ots=53593.7 > thresh=32179.4 (median=3762.4, MAD=1916.7, n=413)"
1729390231323622656,2025-06-25,232327,микки маус,Детские одежда и обувь,22130.522,11.1718,10.0,"CombinedScore=11.17; OTS_Z=11.17; COUNT_Z=2.25; daily_ots=22130.5 > thresh=20106.7 (median=2835.0, MAD=1165.0, n=11)"
2449965110012013060,2025-06-25,218758,stone island,Одежда,25105.619,12.0737,10.0,"CombinedScore=12.07; OTS_Z=12.07; COUNT_Z=0.00; daily_ots=25105.6 > thresh=21324.7 (median=3092.1, MAD=1229.8, n=219)"
2882311404140241876,2025-06-25,218758,stone island,Одежда,31635.65,15.6552,10.0,"CombinedScore=15.66; OTS_Z=15.66; COUNT_Z=5.77; daily_ots=31635.7 > thresh=21324.7 (median=3092.1, MAD=1229.8, n=219)"
3674944142301961984,2025-06-25,221942,xiaomi,Малая техника,83650.788,30.1325,10.0,"CombinedScore=30.13; OTS_Z=30.13; COUNT_Z=7.88; daily_ots=83650.8 > thresh=30191.1 (median=3637.1, MAD=1791.1, n=919)"
3972187335165675456,2025-06-25,198484,apple iphone,Смартфоны,84407.655,16.3184,10.0,"CombinedScore=16.32; OTS_Z=16.32; COUNT_Z=1.23; daily_ots=84407.7 > thresh=53838.7 (median=5457.4, MAD=3263.3, n=9860)"
4260416422919966855,2025-06-25,213474,nike,Обувь,46123.895,11.1335,10.0,"CombinedScore=11.13; OTS_Z=11.13; COUNT_Z=2.40; daily_ots=46123.9 > thresh=41879.1 (median=4429.4, MAD=2526.0, n=1795)"
6052843423965704118,2025-06-25,201116,cafe mimi,Средства для волос,19603.508,11.1836,10.0,"CombinedScore=11.18; OTS_Z=11.18; COUNT_Z=2.64; daily_ots=19603.5 > thresh=17879.7 (median=3315.6, MAD=982.3, n=23)"
6061857291315688320,2025-06-25,218981,supra,Крупная техника,33508.185,13.5041,10.0,"CombinedScore=13.50; OTS_Z=13.50; COUNT_Z=2.48; daily_ots=33508.2 > thresh=25732.5 (median=3542.2, MAD=1496.7, n=54)"
7863297125675401793,2025-06-25,221942,xiaomi,Смартфоны,50749.223,13.1488,10.0,"CombinedScore=13.15; OTS_Z=13.15; COUNT_Z=4.27; daily_ots=50749.2 > thresh=39628.5 (median=4310.7, MAD=2382.2, n=3163)"
8007412236336258369,2025-06-25,198484,apple iphone,Смартфоны,70177.833,13.3772,10.0,"CombinedScore=13.38; OTS_Z=13.38; COUNT_Z=1.23; daily_ots=70177.8 > thresh=53838.7 (median=5457.4, MAD=3263.3, n=9860)"
8007412236336258369,2025-06-25,207447,honor,Смартфоны,46785.222,11.4674,10.0,"CombinedScore=11.47; OTS_Z=11.47; COUNT_Z=0.65; daily_ots=46785.2 > thresh=41345.0 (median=4270.0, MAD=2500.7, n=4464)"
8007412236336258369,2025-06-25,216181,redmi,Смартфоны,46785.222,11.8484,10.0,"CombinedScore=11.85; OTS_Z=11.85; COUNT_Z=0.76; daily_ots=46785.2 > thresh=40150.5 (median=4256.6, MAD=2421.0, n=4609)"
648524241621891017,2025-06-26,197548,asics,Обувь,84150.204,22.0322,10.0,"CombinedScore=22.03; OTS_Z=22.03; COUNT_Z=5.38; daily_ots=84150.2 > thresh=40678.3 (median=4548.6, MAD=2436.9, n=512)"
1585271561336611199,2025-06-26,198504,apple watch,Смарт-часы и браслеты,50923.263,16.6958,10.0,"CombinedScore=16.70; OTS_Z=16.70; COUNT_Z=2.07; daily_ots=50923.3 > thresh=32006.2 (median=3753.9, MAD=1905.6, n=323)"
1585271561336920304,2025-06-26,218309,sony,Аудиотехника,42088.99,12.4514,10.0,"CombinedScore=12.45; OTS_Z=12.45; COUNT_Z=2.93; daily_ots=42089.0 > thresh=34510.6 (median=3596.3, MAD=2085.2, n=486)"
1585271561337001691,2025-06-26,199833,beko,Крупная техника,283985.964,82.9769,10.0,"CombinedScore=82.98; OTS_Z=82.98; COUNT_Z=2.59; daily_ots=283986.0 > thresh=38009.2 (median=4303.1, MAD=2273.5, n=312)"
1585271561337001691,2025-06-26,206804,haier,Крупная техника,70996.491,21.6717,10.0,"CombinedScore=21.67; OTS_Z=21.67; COUNT_Z=0.00; daily_ots=70996.5 > thresh=34924.6 (median=4019.2, MAD=2084.6, n=729)"
1585271561337012029,2025-06-26,206959,hartens,Крупная техника,90824.814,28.6193,10.0,"CombinedScore=28.62; OTS_Z=28.62; COUNT_Z=1.30; daily_ots=90824.8 > thresh=33954.4 (median=3410.5, MAD=2060.2, n=110)"
2747957778956732736,2025-06-26,198484,apple iphone,Смартфоны,55121.676,10.2652,10.0,"CombinedScore=10.27; OTS_Z=10.27; COUNT_Z=1.23; daily_ots=55121.7 > thresh=53838.7 (median=5457.4, MAD=3263.3, n=9860)"
4476590604025634241,2025-06-26,204747,fairy,Средства для мытья посуды,45860.822,18.0455,10.0,"CombinedScore=18.05; OTS_Z=18.05; COUNT_Z=2.01; daily_ots=45860.8 > thresh=26900.7 (median=3334.4, MAD=1589.5, n=377)"
5991025196473750720,2025-06-26,200746,bq,Крупная техника,11595.158,11.4726,10.0,"CombinedScore=11.47; OTS_Z=11.47; COUNT_Z=0.00; daily_ots=11595.2 > thresh=10385.3 (median=2169.9, MAD=554.1, n=11)"
6341074104264852368,2025-06-26,198484,apple iphone,Смартфоны,109557.0,21.5165,10.0,"CombinedScore=21.52; OTS_Z=21.52; COUNT_Z=2.45; daily_ots=109557.0 > thresh=53838.7 (median=5457.4, MAD=3263.3, n=9860)"
6629304165209877199,2025-06-26,198484,apple iphone,Смартфоны,286049.64,57.9961,10.0,"CombinedScore=58.00; OTS_Z=58.00; COUNT_Z=6.75; daily_ots=286049.6 > thresh=53838.7 (median=5457.4, MAD=3263.3, n=9860)"
7277824441388353957,2025-06-26,204252,enchen,Малая техника,44005.641,18.164,10.0,"CombinedScore=18.16; OTS_Z=18.16; COUNT_Z=4.00; daily_ots=44005.6 > thresh=25464.7 (median=2754.2, MAD=1531.8, n=18)"
873711825569141888,2025-06-27,219103,synergetic,Уход за полостью рта,31864.446,17.5251,10.0,"CombinedScore=17.53; OTS_Z=17.53; COUNT_Z=3.87; daily_ots=31864.4 > thresh=19467.2 (median=2992.8, MAD=1111.2, n=36)"
1306055321721055769,2025-06-27,281079,samsung galaxy,Смартфоны,85866.464,19.8272,10.0,"CombinedScore=19.83; OTS_Z=19.83; COUNT_Z=4.12; daily_ots=85866.5 > thresh=45631.7 (median=4689.4, MAD=2761.6, n=7433)"
1585271561336585138,2025-06-27,348123,craftia,Корм для кошек,22745.666,23.6126,10.0,"CombinedScore=23.61; OTS_Z=23.61; COUNT_Z=3.62; daily_ots=22745.7 > thresh=11862.3 (median=3867.3, MAD=539.3, n=12)"
1585271561336724594,2025-06-27,222286,zara,Одежда,37695.132,11.0227,10.0,"CombinedScore=11.02; OTS_Z=11.02; COUNT_Z=2.65; daily_ots=37695.1 > thresh=34570.0 (median=4013.7, MAD=2061.0, n=171)"
1585271561336792168,2025-06-27,215234,poco,Смартфоны,57527.898,13.6886,10.0,"CombinedScore=13.69; OTS_Z=13.69; COUNT_Z=2.85; daily_ots=57527.9 > thresh=43228.0 (median=4459.8, MAD=2614.9, n=3221)"
1585271561337001691,2025-06-27,199833,beko,Крупная техника,138379.768,39.7782,10.0,"CombinedScore=39.78; OTS_Z=39.78; COUNT_Z=0.86; daily_ots=138379.8 > thresh=38009.2 (median=4303.1, MAD=2273.5, n=312)"
1585271561337012029,2025-06-27,216114,realme,Смартфоны,46307.306,10.9798,10.0,"CombinedScore=10.98; OTS_Z=10.98; COUNT_Z=0.00; daily_ots=46307.3 > thresh=42576.5 (median=4500.5, MAD=2568.2, n=3843)"
1585271561337036739,2025-06-27,219103,synergetic,Средства для мытья посуды,35719.654,12.6139,10.0,"CombinedScore=12.61; OTS_Z=12.61; COUNT_Z=1.64; daily_ots=35719.7 > thresh=29087.1 (median=3713.3, MAD=1711.5, n=187)"
1585271561337050126,2025-06-27,281079,samsung galaxy,Смартфоны,48736.24,10.7583,10.0,"CombinedScore=10.76; OTS_Z=10.76; COUNT_Z=8.83; daily_ots=48736.2 > thresh=45631.7 (median=4689.4, MAD=2761.6, n=7433)"
2233791780476071135,2025-06-27,237869,сомат,Средства для мытья посуды,44312.244,15.5096,10.0,"CombinedScore=15.51; OTS_Z=15.51; COUNT_Z=4.89; daily_ots=44312.2 > thresh=29893.2 (median=3722.6, MAD=1765.2, n=78)"
2531035227693137728,2025-06-27,217082,samsung,Смартфоны,45462.968,13.9638,10.0,"CombinedScore=13.96; OTS_Z=13.96; COUNT_Z=1.65; daily_ots=45463.0 > thresh=33612.7 (median=3716.5, MAD=2016.5, n=1421)"
4755806029018135186,2025-06-27,221942,xiaomi,Смарт-часы и браслеты,38685.028,10.702,10.0,"CombinedScore=10.70; OTS_Z=10.70; COUNT_Z=2.36; daily_ots=38685.0 > thresh=36417.1 (median=4113.1, MAD=2178.9, n=862)"
4764817325728903810,2025-06-27,240354,фрутоняня,Детское питание,55580.388,19.1683,10.0,"CombinedScore=19.17; OTS_Z=19.17; COUNT_Z=1.79; daily_ots=55580.4 > thresh=30971.5 (median=4130.2, MAD=1810.4, n=485)"
5764614858704116186,2025-06-27,214199,oppo (электроника),Смартфоны,44029.515,11.6348,10.0,"CombinedScore=11.63; OTS_Z=11.63; COUNT_Z=3.30; daily_ots=44029.5 > thresh=38433.0 (median=4198.8, MAD=2309.1, n=872)"
6629304165209877199,2025-06-27,198484,apple iphone,Смартфоны,96926.908,18.906,10.0,"CombinedScore=18.91; OTS_Z=18.91; COUNT_Z=1.84; daily_ots=96926.9 > thresh=53838.7 (median=5457.4, MAD=3263.3, n=9860)"
6629304165209877317,2025-06-27,221942,xiaomi,Смарт-часы и браслеты,57079.764,16.3963,10.0,"CombinedScore=16.40; OTS_Z=16.40; COUNT_Z=3.94; daily_ots=57079.8 > thresh=36417.1 (median=4113.1, MAD=2178.9, n=862)"
1017826200793646913,2025-06-28,281079,samsung galaxy,Смартфоны,88410.006,20.4484,10.0,"CombinedScore=20.45; OTS_Z=20.45; COUNT_Z=2.94; daily_ots=88410.0 > thresh=45631.7 (median=4689.4, MAD=2761.6, n=7433)"
1585271561336680874,2025-06-28,200371,blackview,Смартфоны,53753.14,17.2645,10.0,"CombinedScore=17.26; OTS_Z=17.26; COUNT_Z=9.58; daily_ots=53753.1 > thresh=32645.1 (median=3588.6, MAD=1959.9, n=145)"
1585271561336994462,2025-06-28,281079,samsung galaxy,Смартфоны,155813.664,36.9115,10.0,"CombinedScore=36.91; OTS_Z=36.91; COUNT_Z=1.18; daily_ots=155813.7 > thresh=45631.7 (median=4689.4, MAD=2761.6, n=7433)"
1585271561337012029,2025-06-28,311362,tecno pova,Смартфоны,91556.91,26.4858,10.0,"CombinedScore=26.49; OTS_Z=26.49; COUNT_Z=0.87; daily_ots=91556.9 > thresh=37011.2 (median=3924.7, MAD=2231.7, n=1104)"
1594711382926345728,2025-06-28,215234,poco,Смартфоны,80063.49,19.5015,10.0,"CombinedScore=19.50; OTS_Z=19.50; COUNT_Z=1.14; daily_ots=80063.5 > thresh=43228.0 (median=4459.8, MAD=2614.9, n=3221)"
1729388589032331985,2025-06-28,210322,lg,Аудиотехника,42206.276,15.4574,10.0,"CombinedScore=15.46; OTS_Z=15.46; COUNT_Z=0.00; daily_ots=42206.3 > thresh=28365.3 (median=3003.1, MAD=1710.7, n=97)"
1729388589032331985,2025-06-28,219813,titbit,Корм для собак,42206.276,14.0099,10.0,"CombinedScore=14.01; OTS_Z=14.01; COUNT_Z=0.00; daily_ots=42206.3 > thresh=31016.0 (median=3109.2, MAD=1882.3, n=27)"
1873504623131540673,2025-06-28,210322,lg,Крупная техника,49716.078,16.147,10.0,"CombinedScore=16.15; OTS_Z=16.15; COUNT_Z=1.70; daily_ots=49716.1 > thresh=32222.6 (median=3764.0, MAD=1919.5, n=942)"
2738194092690289729,2025-06-28,242139,яндекс,Аудиотехника,50620.488,14.1433,10.0,"CombinedScore=14.14; OTS_Z=14.14; COUNT_Z=0.73; daily_ots=50620.5 > thresh=36944.9 (median=3938.1, MAD=2226.3, n=2495)"
3684346221097551104,2025-06-28,210747,love republic,Одежда,57593.706,16.3061,10.0,"CombinedScore=16.31; OTS_Z=16.31; COUNT_Z=1.31; daily_ots=57593.7 > thresh=36923.5 (median=4145.3, MAD=2210.9, n=153)"
3828751370547352448,2025-06-28,216114,realme,Смартфоны,128618.67,32.5975,10.0,"CombinedScore=32.60; OTS_Z=32.60; COUNT_Z=3.14; daily_ots=128618.7 > thresh=42576.5 (median=4500.5, MAD=2568.2, n=3843)"
5764614858704116186,2025-06-28,214142,oneplus,Смартфоны,79925.094,20.6071,10.0,"CombinedScore=20.61; OTS_Z=20.61; COUNT_Z=4.96; daily_ots=79925.1 > thresh=41004.4 (median=4311.5, MAD=2474.9, n=851)"
6196961100373024751,2025-06-28,198590,aravia,Средства для умывания и ухода за лицом,49636.734,13.7615,10.0,"CombinedScore=13.76; OTS_Z=13.76; COUNT_Z=3.60; daily_ots=49636.7 > thresh=37225.9 (median=4231.9, MAD=2225.4, n=310)"
6629304165209876419,2025-06-28,206416,gorenje,Крупная техника,40544.383,13.7467,10.0,"CombinedScore=13.75; OTS_Z=13.75; COUNT_Z=6.44; daily_ots=40544.4 > thresh=30537.5 (median=3829.3, MAD=1801.5, n=318)"
8430746051069925056,2025-06-28,217082,samsung,Малая техника,33117.465,10.03,10.0,"CombinedScore=10.03; OTS_Z=10.03; COUNT_Z=2.01; daily_ots=33117.5 > thresh=33029.7 (median=3746.9, MAD=1975.1, n=205)"
153134419846816512,2025-06-29,215815,qin,Смартфоны,25903.758,12.3855,10.0,"CombinedScore=12.39; OTS_Z=12.39; COUNT_Z=4.04; daily_ots=25903.8 > thresh=21516.7 (median=3126.6, MAD=1240.4, n=30)"
1089884978166964928,2025-06-29,221942,xiaomi,Смарт-часы и браслеты,56208.078,16.1264,10.0,"CombinedScore=16.13; OTS_Z=16.13; COUNT_Z=3.94; daily_ots=56208.1 > thresh=36417.1 (median=4113.1, MAD=2178.9, n=862)"
1306055918923481346,2025-06-29,215234,poco,Смартфоны,49609.96,11.6462,10.0,"CombinedScore=11.65; OTS_Z=11.65; COUNT_Z=0.57; daily_ots=49610.0 > thresh=43228.0 (median=4459.8, MAD=2614.9, n=3221)"
1306199128137519168,2025-06-29,216181,redmi,Смартфоны,50629.168,12.9194,10.0,"CombinedScore=12.92; OTS_Z=12.92; COUNT_Z=2.28; daily_ots=50629.2 > thresh=40150.5 (median=4256.6, MAD=2421.0, n=4609)"
1585271561336746677,2025-06-29,214973,philips,Малая техника,49981.98,11.5399,10.0,"CombinedScore=11.54; OTS_Z=11.54; COUNT_Z=5.08; daily_ots=49982.0 > thresh=43979.5 (median=5000.9, MAD=2629.1, n=702)"
1585271561336792168,2025-06-29,215234,poco,Смартфоны,47679.94,11.1484,10.0,"CombinedScore=11.15; OTS_Z=11.15; COUNT_Z=2.28; daily_ots=47679.9 > thresh=43228.0 (median=4459.8, MAD=2614.9, n=3221)"
1585271561336850951,2025-06-29,199661,baxi,Крупная техника,32863.276,14.1156,10.0,"CombinedScore=14.12; OTS_Z=14.12; COUNT_Z=2.61; daily_ots=32863.3 > thresh=24397.7 (median=3828.2, MAD=1387.4, n=116)"
1585271561336992295,2025-06-29,206519,grass,Универсальные чистящие средства,40523.076,14.1441,10.0,"CombinedScore=14.14; OTS_Z=14.14; COUNT_Z=0.00; daily_ots=40523.1 > thresh=29722.7 (median=3660.9, MAD=1757.9, n=602)"
1585271561336992295,2025-06-29,213565,nivea,Товары для мытья тела,40523.076,20.1603,10.0,"CombinedScore=20.16; OTS_Z=20.16; COUNT_Z=0.00; daily_ots=40523.1 > thresh=21771.5 (median=3315.8, MAD=1244.8, n=41)"
1585271561337033691,2025-06-29,216181,redmi,Смартфоны,167005.02,45.3416,10.0,"CombinedScore=45.34; OTS_Z=45.34; COUNT_Z=4.56; daily_ots=167005.0 > thresh=40150.5 (median=4256.6, MAD=2421.0, n=4609)"
1729388589032331985,2025-06-29,197175,1more,Аудиотехника,41849.109,17.0727,10.0,"CombinedScore=17.07; OTS_Z=17.07; COUNT_Z=0.00; daily_ots=41849.1 > thresh=25580.6 (median=2578.8, MAD=1551.5, n=11)"
1738403280270865088,2025-06-29,214544,pampers,Подгузники,44219.24,12.8976,10.0,"CombinedScore=12.90; OTS_Z=12.90; COUNT_Z=1.45; daily_ots=44219.2 > thresh=35283.4 (median=4444.3, MAD=2080.1, n=985)"
2233791780476071135,2025-06-29,206519,grass,Товары для стирки,34430.724,11.3219,10.0,"CombinedScore=11.32; OTS_Z=11.32; COUNT_Z=3.34; daily_ots=34430.7 > thresh=30882.5 (median=4040.6, MAD=1810.5, n=275)"
2819264099792802147,2025-06-29,213565,nivea,Средства для умывания и ухода за лицом,28342.242,12.6662,10.0,"CombinedScore=12.67; OTS_Z=12.67; COUNT_Z=4.16; daily_ots=28342.2 > thresh=22989.7 (median=2914.1, MAD=1354.1, n=212)"
3242598926442262465,2025-06-29,216114,realme,Смартфоны,43472.53,10.2353,10.0,"CombinedScore=10.24; OTS_Z=10.24; COUNT_Z=5.66; daily_ots=43472.5 > thresh=42576.5 (median=4500.5, MAD=2568.2, n=3843)"
3819059496266608833,2025-06-29,214544,pampers,Подгузники,54083.34,16.0961,10.0,"CombinedScore=16.10; OTS_Z=16.10; COUNT_Z=1.45; daily_ots=54083.3 > thresh=35283.4 (median=4444.3, MAD=2080.1, n=985)"
6052843423965704693,2025-06-29,198484,apple iphone,Смартфоны,64146.186,12.1305,10.0,"CombinedScore=12.13; OTS_Z=12.13; COUNT_Z=3.07; daily_ots=64146.2 > thresh=53838.7 (median=5457.4, MAD=3263.3, n=9860)"
6629304165209876419,2025-06-29,206416,gorenje,Крупная техника,58379.472,20.4245,10.0,"CombinedScore=20.42; OTS_Z=20.42; COUNT_Z=9.66; daily_ots=58379.5 > thresh=30537.5 (median=3829.3, MAD=1801.5, n=318)"
6638317131229860104,2025-06-29,198674,ariel,Товары для стирки,28398.292,10.1314,10.0,"CombinedScore=10.13; OTS_Z=10.13; COUNT_Z=0.00; daily_ots=28398.3 > thresh=28075.4 (median=3495.6, MAD=1657.9, n=259)"
6784000971139791808,2025-06-29,216181,redmi,Смартфоны,64576.195,16.805,10.0,"CombinedScore=16.80; OTS_Z=16.80; COUNT_Z=3.04; daily_ots=64576.2 > thresh=40150.5 (median=4256.6, MAD=2421.0, n=4609)"
7214778110251697675,2025-06-29,311362,tecno pova,Смартфоны,44572.59,12.2853,10.0,"CombinedScore=12.29; OTS_Z=12.29; COUNT_Z=1.74; daily_ots=44572.6 > thresh=37011.2 (median=3924.7, MAD=2231.7, n=1104)"
8502803222098581352,2025-06-29,206413,gopro,Малая техника,113593.168,39.8783,10.0,"CombinedScore=39.88; OTS_Z=39.88; COUNT_Z=3.19; daily_ots=113593.2 > thresh=31164.1 (median=3575.9, MAD=1860.8, n=136)"
8935147025123496488,2025-06-29,311362,tecno pova,Смартфоны,45602.026,12.5965,10.0,"CombinedScore=12.60; OTS_Z=12.60; COUNT_Z=0.87; daily_ots=45602.0 > thresh=37011.2 (median=3924.7, MAD=2231.7, n=1104)"
8935148650840696065,2025-06-29,215406,pozis,Крупная техника,21595.066,10.8112,10.0,"CombinedScore=10.81; OTS_Z=10.81; COUNT_Z=0.00; daily_ots=21595.1 > thresh=20222.7 (median=3304.8, MAD=1141.1, n=67)"
1008811907659198081,2025-06-30,198484,apple iphone,Смартфоны,54937.476,10.2271,10.0,"CombinedScore=10.23; OTS_Z=10.23; COUNT_Z=3.07; daily_ots=54937.5 > thresh=53838.7 (median=5457.4, MAD=3263.3, n=9860)"
1306055321721055829,2025-06-30,197627,adidas,Одежда,41617.116,11.0442,10.0,"CombinedScore=11.04; OTS_Z=11.04; COUNT_Z=1.66; daily_ots=41617.1 > thresh=38075.3 (median=4156.0, MAD=2287.9, n=697)"
1585271561336619618,2025-06-30,207543,huawei,Смартфоны,43798.896,12.9168,10.0,"CombinedScore=12.92; OTS_Z=12.92; COUNT_Z=8.35; daily_ots=43798.9 > thresh=34773.1 (median=3828.5, MAD=2087.2, n=1984)"
1729390231323623488,2025-06-30,207943,infinix,Смартфоны,99437.42,27.6872,10.0,"CombinedScore=27.69; OTS_Z=27.69; COUNT_Z=2.13; daily_ots=99437.4 > thresh=38467.1 (median=3995.5, MAD=2325.1, n=1831)"
2233791780476071135,2025-06-30,206519,grass,Товары для стирки,46139.196,15.6839,10.0,"CombinedScore=15.68; OTS_Z=15.68; COUNT_Z=5.01; daily_ots=46139.2 > thresh=30882.5 (median=4040.6, MAD=1810.5, n=275)"
2377906299442911070,2025-06-30,209227,kitfort,Малая техника,34430.223,10.8701,10.0,"CombinedScore=10.87; OTS_Z=10.87; COUNT_Z=2.49; daily_ots=34430.2 > thresh=31982.8 (median=3853.5, MAD=1897.3, n=830)"
2738194092690289087,2025-06-30,198484,apple iphone,Смартфоны,250339.062,50.615,10.0,"CombinedScore=50.61; OTS_Z=50.61; COUNT_Z=1.23; daily_ots=250339.1 > thresh=53838.7 (median=5457.4, MAD=3263.3, n=9860)"
2819265587255210048,2025-06-30,281079,samsung galaxy,Смартфоны,56981.336,12.7721,10.0,"CombinedScore=12.77; OTS_Z=12.77; COUNT_Z=0.59; daily_ots=56981.3 > thresh=45631.7 (median=4689.4, MAD=2761.6, n=7433)"
3747000630363940429,2025-06-30,217312,schwarzkopf,Средства для волос,57909.862,29.3228,10.0,"CombinedScore=29.32; OTS_Z=29.32; COUNT_Z=3.41; daily_ots=57909.9 > thresh=21771.2 (median=3068.5, MAD=1261.5, n=42)"
4332926112403708992,2025-06-30,307306,tecno camon,Смартфоны,50638.58,14.2192,10.0,"CombinedScore=14.22; OTS_Z=14.22; COUNT_Z=3.26; daily_ots=50638.6 > thresh=36701.5 (median=3668.9, MAD=2228.1, n=806)"
4548647573216187331,2025-06-30,198484,apple iphone,Смартфоны,135241.668,26.8253,10.0,"CombinedScore=26.83; OTS_Z=26.83; COUNT_Z=4.91; daily_ots=135241.7 > thresh=53838.7 (median=5457.4, MAD=3263.3, n=9860)"
4548647573216187331,2025-06-30,281079,samsung galaxy,Смартфоны,60107.408,13.5356,10.0,"CombinedScore=13.54; OTS_Z=13.54; COUNT_Z=1.77; daily_ots=60107.4 > thresh=45631.7 (median=4689.4, MAD=2761.6, n=7433)"
4692759896965140290,2025-06-30,214973,philips,Малая техника,173772.508,43.2985,10.0,"CombinedScore=43.30; OTS_Z=43.30; COUNT_Z=7.34; daily_ots=173772.5 > thresh=43979.5 (median=5000.9, MAD=2629.1, n=702)"
6052843423965704794,2025-06-30,198484,apple iphone,Смартфоны,87952.207,17.051,10.0,"CombinedScore=17.05; OTS_Z=17.05; COUNT_Z=13.50; daily_ots=87952.2 > thresh=53838.7 (median=5457.4, MAD=3263.3, n=9860)"
6341074104264856336,2025-06-30,207902,indesit,Крупная техника,30050.781,11.2085,10.0,"CombinedScore=11.21; OTS_Z=11.21; COUNT_Z=2.20; daily_ots=30050.8 > thresh=27149.4 (median=3141.5, MAD=1619.3, n=417)"
8214572793405073281,2025-06-30,216114,realme,Смартфоны,68972.932,16.9326,10.0,"CombinedScore=16.93; OTS_Z=16.93; COUNT_Z=1.89; daily_ots=68972.9 > thresh=42576.5 (median=4500.5, MAD=2568.2, n=3843)"
8935148650840696065,2025-06-30,215406,pozis,Крупная техника,23763.719,12.0931,10.0,"CombinedScore=12.09; OTS_Z=12.09; COUNT_Z=0.00; daily_ots=23763.7 > thresh=20222.7 (median=3304.8, MAD=1141.1, n=67)"
864698737912134848,2025-07-01,206402,google pixel,Смартфоны,65521.292,14.2833,10.0,"CombinedScore=14.28; OTS_Z=14.28; COUNT_Z=1.97; daily_ots=65521.3 > thresh=47325.1 (median=4843.7, MAD=2865.4, n=681)"
1585271561336618120,2025-07-01,242139,яндекс,Аудиотехника,38274.741,10.4029,10.0,"CombinedScore=10.40; OTS_Z=10.40; COUNT_Z=1.46; daily_ots=38274.7 > thresh=36944.9 (median=3938.1, MAD=2226.3, n=2495)"
1585271561336981327,2025-07-01,242139,яндекс,Аудиотехника,40141.398,10.9684,10.0,"CombinedScore=10.97; OTS_Z=10.97; COUNT_Z=1.46; daily_ots=40141.4 > thresh=36944.9 (median=3938.1, MAD=2226.3, n=2495)"
1585271561337038249,2025-07-01,212017,midea,Крупная техника,76842.64,24.8765,10.0,"CombinedScore=24.88; OTS_Z=24.88; COUNT_Z=3.75; daily_ots=76842.6 > thresh=33249.5 (median=3946.2, MAD=1976.5, n=216)"
1585271561337052322,2025-07-01,217082,samsung,Крупная техника,35974.954,11.7447,10.0,"CombinedScore=11.74; OTS_Z=11.74; COUNT_Z=1.12; daily_ots=35975.0 > thresh=31154.3 (median=3524.9, MAD=1863.6, n=1271)"
2738194092690289798,2025-07-01,197548,asics,Обувь,85173.312,22.3154,10.0,"CombinedScore=22.32; OTS_Z=22.32; COUNT_Z=3.23; daily_ots=85173.3 > thresh=40678.3 (median=4548.6, MAD=2436.9, n=512)"
6052843423965704794,2025-07-01,198484,apple iphone,Смартфоны,90405.224,17.558,10.0,"CombinedScore=17.56; OTS_Z=17.56; COUNT_Z=15.34; daily_ots=90405.2 > thresh=53838.7 (median=5457.4, MAD=3263.3, n=9860)"
6629304165209878803,2025-07-01,221942,xiaomi,Смарт-часы и браслеты,44411.21,12.4746,10.0,"CombinedScore=12.47; OTS_Z=12.47; COUNT_Z=3.15; daily_ots=44411.2 > thresh=36417.1 (median=4113.1, MAD=2178.9, n=862)"
7782225885427882401,2025-07-01,202042,colgate,Уход за полостью рта,22185.028,10.1098,10.0,"CombinedScore=10.11; OTS_Z=10.11; COUNT_Z=0.00; daily_ots=22185.0 > thresh=21974.8 (median=2831.9, MAD=1291.2, n=132)"
1018435448109585216,2025-07-02,207943,infinix,Смартфоны,54730.112,14.7178,10.0,"CombinedScore=14.72; OTS_Z=14.72; COUNT_Z=4.98; daily_ots=54730.1 > thresh=38467.1 (median=3995.5, MAD=2325.1, n=1831)"
1585271561336678240,2025-07-02,214973,philips,Малая техника,46590.731,10.6699,10.0,"CombinedScore=10.67; OTS_Z=10.67; COUNT_Z=5.65; daily_ots=46590.7 > thresh=43979.5 (median=5000.9, MAD=2629.1, n=702)"
1585271561336901830,2025-07-02,207447,honor,Смартфоны,42422.088,10.2905,10.0,"CombinedScore=10.29; OTS_Z=10.29; COUNT_Z=0.65; daily_ots=42422.1 > thresh=41345.0 (median=4270.0, MAD=2500.7, n=4464)"
1585271561336901830,2025-07-02,215234,poco,Смартфоны,190899.396,48.0909,10.0,"CombinedScore=48.09; OTS_Z=48.09; COUNT_Z=4.56; daily_ots=190899.4 > thresh=43228.0 (median=4459.8, MAD=2614.9, n=3221)"
1585271561337013050,2025-07-02,215234,poco,Смартфоны,63433.29,15.2118,10.0,"CombinedScore=15.21; OTS_Z=15.21; COUNT_Z=9.12; daily_ots=63433.3 > thresh=43228.0 (median=4459.8, MAD=2614.9, n=3221)"
1585271561337038249,2025-07-02,212017,midea,Крупная техника,59503.135,18.9593,10.0,"CombinedScore=18.96; OTS_Z=18.96; COUNT_Z=3.75; daily_ots=59503.1 > thresh=33249.5 (median=3946.2, MAD=1976.5, n=216)"
2233791780476071135,2025-07-02,207543,huawei,Смартфоны,109063.427,34.0075,10.0,"CombinedScore=34.01; OTS_Z=34.01; COUNT_Z=7.59; daily_ots=109063.4 > thresh=34773.1 (median=3828.5, MAD=2087.2, n=1984)"
2458979315686200704,2025-07-02,211868,merries,Подгузники,49418.152,14.8873,10.0,"CombinedScore=14.89; OTS_Z=14.89; COUNT_Z=1.53; daily_ots=49418.2 > thresh=34487.2 (median=3936.5, MAD=2060.6, n=37)"
2738194092690289068,2025-07-02,198484,apple iphone,Смартфоны,135994.04,26.9808,10.0,"CombinedScore=26.98; OTS_Z=26.98; COUNT_Z=2.45; daily_ots=135994.0 > thresh=53838.7 (median=5457.4, MAD=3263.3, n=9860)"
2738194092690289068,2025-07-02,208375,jbl (аудиотехника),Аудиотехника,54397.616,15.1505,10.0,"CombinedScore=15.15; OTS_Z=15.15; COUNT_Z=0.79; daily_ots=54397.6 > thresh=37287.4 (median=4067.2, MAD=2240.7, n=1174)"
4332926112403708992,2025-07-02,307306,tecno camon,Смартфоны,47493.49,13.2671,10.0,"CombinedScore=13.27; OTS_Z=13.27; COUNT_Z=7.34; daily_ots=47493.5 > thresh=36701.5 (median=3668.9, MAD=2228.1, n=806)"
6629304165209876517,2025-07-02,197548,asics,Обувь,45131.144,11.2325,10.0,"CombinedScore=11.23; OTS_Z=11.23; COUNT_Z=3.23; daily_ots=45131.1 > thresh=40678.3 (median=4548.6, MAD=2436.9, n=512)"
6629304165209876826,2025-07-02,205874,garnier,Краски для волос,51185.638,17.2409,10.0,"CombinedScore=17.24; OTS_Z=17.24; COUNT_Z=1.23; daily_ots=51185.6 > thresh=31267.7 (median=3759.9, MAD=1855.4, n=192)"
7000147901829877888,2025-07-02,199450,balenciaga,Одежда,42049.236,10.6958,10.0,"CombinedScore=10.70; OTS_Z=10.70; COUNT_Z=1.17; daily_ots=42049.2 > thresh=39589.4 (median=4234.4, MAD=2384.7, n=134)"
7000147901829877888,2025-07-02,199450,balenciaga,Обувь,126147.708,26.0018,10.0,"CombinedScore=26.00; OTS_Z=26.00; COUNT_Z=6.21; daily_ots=126147.7 > thresh=51449.7 (median=4768.5, MAD=3148.6, n=165)"
8152383067394922560,2025-07-02,220610,us polo assn,Одежда,36434.088,14.0837,10.0,"CombinedScore=14.08; OTS_Z=14.08; COUNT_Z=6.94; daily_ots=36434.1 > thresh=26968.0 (median=3787.7, MAD=1563.5, n=61)"
8502803222098580817,2025-07-02,214718,patrol,Обувь,21905.25,12.5027,10.0,"CombinedScore=12.50; OTS_Z=12.50; COUNT_Z=0.00; daily_ots=21905.2 > thresh=18146.9 (median=3129.8, MAD=1012.9, n=54)"
8502803222098581352,2025-07-02,208375,jbl (аудиотехника),Аудиотехника,47837.914,13.1759,10.0,"CombinedScore=13.18; OTS_Z=13.18; COUNT_Z=0.79; daily_ots=47837.9 > thresh=37287.4 (median=4067.2, MAD=2240.7, n=1174)"
1585271561336724594,2025-07-03,198484,apple iphone,Смартфоны,57589.609,10.7753,10.0,"CombinedScore=10.78; OTS_Z=10.78; COUNT_Z=3.68; daily_ots=57589.6 > thresh=53838.7 (median=5457.4, MAD=3263.3, n=9860)"
1585271561336804690,2025-07-03,221367,vulpes,Детские одежда и обувь,34869.07,15.5746,10.0,"CombinedScore=15.57; OTS_Z=15.57; COUNT_Z=3.71; daily_ots=34869.1 > thresh=23603.5 (median=3394.7, MAD=1363.1, n=35)"
1585271561336939603,2025-07-03,214544,pampers,Подгузники,80635.659,24.7061,10.0,"CombinedScore=24.71; OTS_Z=24.71; COUNT_Z=2.90; daily_ots=80635.7 > thresh=35283.4 (median=4444.3, MAD=2080.1, n=985)"
1585271561336965723,2025-07-03,215268,polar (бытовая техника),Смарт-часы и браслеты,9400.908,10.8334,10.0,"CombinedScore=10.83; OTS_Z=10.83; COUNT_Z=3.09; daily_ots=9400.9 > thresh=8795.3 (median=1529.0, MAD=490.1, n=119)"
1585271561337038249,2025-07-03,212017,midea,Крупная техника,55915.692,17.735,10.0,"CombinedScore=17.74; OTS_Z=17.74; COUNT_Z=1.88; daily_ots=55915.7 > thresh=33249.5 (median=3946.2, MAD=1976.5, n=216)"
7277824441388353957,2025-07-03,203587,dreame,Малая техника,52392.758,11.959,10.0,"CombinedScore=11.96; OTS_Z=11.96; COUNT_Z=0.52; daily_ots=52392.8 > thresh=44574.9 (median=4666.7, MAD=2691.8, n=509)"
8439756777586741417,2025-07-03,203755,dyson,Малая техника,42177.98,13.6623,10.0,"CombinedScore=13.66; OTS_Z=13.66; COUNT_Z=1.24; daily_ots=42178.0 > thresh=31873.6 (median=3737.0, MAD=1897.8, n=454)"
1523321506755270400,2025-07-04,202423,crocs,Обувь,50895.728,15.4983,10.0,"CombinedScore=15.50; OTS_Z=15.50; COUNT_Z=3.92; daily_ots=50895.7 > thresh=34287.2 (median=4080.8, MAD=2037.4, n=1343)"
1585271561336939603,2025-07-04,208353,jarvi elaman,Корм для кошек,32311.671,15.4571,10.0,"CombinedScore=15.46; OTS_Z=15.46; COUNT_Z=4.61; daily_ots=32311.7 > thresh=21788.3 (median=2504.5, MAD=1300.7, n=58)"
2315410463079109376,2025-07-04,281079,samsung galaxy,Смартфоны,72815.082,16.6394,10.0,"CombinedScore=16.64; OTS_Z=16.64; COUNT_Z=1.18; daily_ots=72815.1 > thresh=45631.7 (median=4689.4, MAD=2761.6, n=7433)"
2458979132178470784,2025-07-04,215274,polaris (бытовая техника),Малая техника,37606.74,11.5176,10.0,"CombinedScore=11.52; OTS_Z=11.52; COUNT_Z=1.01; daily_ots=37606.7 > thresh=33163.6 (median=3887.0, MAD=1974.7, n=593)"
2531033574337168760,2025-07-04,281079,samsung galaxy,Смартфоны,54435.996,12.1504,10.0,"CombinedScore=12.15; OTS_Z=12.15; COUNT_Z=0.59; daily_ots=54436.0 > thresh=45631.7 (median=4689.4, MAD=2761.6, n=7433)"
2738194092690289068,2025-07-04,198484,apple iphone,Смартфоны,326634.684,66.3847,10.0,"CombinedScore=66.38; OTS_Z=66.38; COUNT_Z=6.75; daily_ots=326634.7 > thresh=53838.7 (median=5457.4, MAD=3263.3, n=9860)"
2738194092690289068,2025-07-04,217082,samsung,Смартфоны,108878.228,35.1757,10.0,"CombinedScore=35.18; OTS_Z=35.18; COUNT_Z=4.95; daily_ots=108878.2 > thresh=33612.7 (median=3716.5, MAD=2016.5, n=1421)"
2882311520272393920,2025-07-04,219462,termit,Обувь,64747.492,13.1976,10.0,"CombinedScore=13.20; OTS_Z=13.20; COUNT_Z=0.00; daily_ots=64747.5 > thresh=50546.6 (median=6134.9, MAD=2995.6, n=26)"
3179555360094860800,2025-07-04,206352,goldstar,Крупная техника,30004.532,11.6132,10.0,"CombinedScore=11.61; OTS_Z=11.61; COUNT_Z=4.31; daily_ots=30004.5 > thresh=26297.1 (median=3314.7, MAD=1550.2, n=24)"
3674945297996420289,2025-07-04,214614,papia,Туалетная бумага,29941.646,11.3082,10.0,"CombinedScore=11.31; OTS_Z=11.31; COUNT_Z=2.08; daily_ots=29941.6 > thresh=26853.4 (median=3245.3, MAD=1592.4, n=103)"
3828751370547352448,2025-07-04,281079,samsung galaxy,Смартфоны,57396.645,12.8735,10.0,"CombinedScore=12.87; OTS_Z=12.87; COUNT_Z=2.36; daily_ots=57396.6 > thresh=45631.7 (median=4689.4, MAD=2761.6, n=7433)"
5332267584642577171,2025-07-04,217276,scarlett,Малая техника,41383.26,15.2706,10.0,"CombinedScore=15.27; OTS_Z=15.27; COUNT_Z=3.64; daily_ots=41383.3 > thresh=28202.1 (median=3193.4, MAD=1686.8, n=143)"
5629511306838413568,2025-07-04,219709,tide,Товары для стирки,53770.407,22.9887,10.0,"CombinedScore=22.99; OTS_Z=22.99; COUNT_Z=2.94; daily_ots=53770.4 > thresh=25350.0 (median=3469.1, MAD=1475.9, n=233)"
6999901611225248000,2025-07-04,219383,tefal,Малая техника,36819.807,13.5992,10.0,"CombinedScore=13.60; OTS_Z=13.60; COUNT_Z=2.22; daily_ots=36819.8 > thresh=28025.4 (median=3591.3, MAD=1648.1, n=498)"
4844634155853,2025-07-05,197801,aiwa,Аудиотехника,59426.364,19.9012,10.0,"CombinedScore=19.90; OTS_Z=19.90; COUNT_Z=1.75; daily_ots=59426.4 > thresh=31787.9 (median=3873.8, MAD=1882.8, n=37)"
1585271561336707200,2025-07-05,216575,roborock,Крупная техника,8270.454,55.3049,10.0,"CombinedScore=55.30; OTS_Z=55.30; COUNT_Z=3.48; daily_ots=8270.5 > thresh=2859.9 (median=1665.7, MAD=80.6, n=11)"
1585271561337038249,2025-07-05,212017,midea,Крупная техника,66930.414,21.4939,10.0,"CombinedScore=21.49; OTS_Z=21.49; COUNT_Z=1.88; daily_ots=66930.4 > thresh=33249.5 (median=3946.2, MAD=1976.5, n=216)"
1585271561337045199,2025-07-05,203189,dior,Одежда,13178.688,13.8655,10.0,"CombinedScore=13.87; OTS_Z=13.87; COUNT_Z=4.61; daily_ots=13178.7 > thresh=10165.9 (median=2371.7, MAD=525.7, n=47)"
3035436765780351298,2025-07-05,205729,futurino,Детские одежда и обувь,121040.085,59.0947,10.0,"CombinedScore=59.09; OTS_Z=59.09; COUNT_Z=3.19; daily_ots=121040.1 > thresh=23729.9 (median=3909.0, MAD=1336.9, n=110)"
3891117339130576665,2025-07-05,216181,redmi,Смартфоны,42496.324,10.6536,10.0,"CombinedScore=10.65; OTS_Z=10.65; COUNT_Z=2.28; daily_ots=42496.3 > thresh=40150.5 (median=4256.6, MAD=2421.0, n=4609)"
4910416013119984512,2025-07-05,345313,asus zenfone,Смартфоны,65158.3,16.3785,10.0,"CombinedScore=16.38; OTS_Z=16.38; COUNT_Z=3.22; daily_ots=65158.3 > thresh=41521.5 (median=4464.5, MAD=2499.5, n=38)"
5332267584642577308,2025-07-05,207447,honor,Смартфоны,56947.888,14.2085,10.0,"CombinedScore=14.21; OTS_Z=14.21; COUNT_Z=0.00; daily_ots=56947.9 > thresh=41345.0 (median=4270.0, MAD=2500.7, n=4464)"
5413337214202460341,2025-07-05,216461,rieker,Обувь,49690.904,21.4754,10.0,"CombinedScore=21.48; OTS_Z=21.48; COUNT_Z=1.05; daily_ots=49690.9 > thresh=24830.0 (median=3165.4, MAD=1461.3, n=316)"
6052843423965704462,2025-07-05,219533,tezenis,Одежда,53330.418,23.0856,10.0,"CombinedScore=23.09; OTS_Z=23.09; COUNT_Z=1.23; daily_ots=53330.4 > thresh=25086.8 (median=3503.1, MAD=1455.8, n=39)"
6052843423965704462,2025-07-05,334522,koton,Одежда,26665.209,10.9911,10.0,"CombinedScore=10.99; OTS_Z=10.99; COUNT_Z=0.00; daily_ots=26665.2 > thresh=24578.3 (median=3522.2, MAD=1420.2, n=74)"
6557246880847484935,2025-07-05,215234,poco,Смартфоны,57765.654,13.7499,10.0,"CombinedScore=13.75; OTS_Z=13.75; COUNT_Z=1.14; daily_ots=57765.7 > thresh=43228.0 (median=4459.8, MAD=2614.9, n=3221)"
6710896979337277376,2025-07-05,207943,infinix,Смартфоны,77245.115,21.2493,10.0,"CombinedScore=21.25; OTS_Z=21.25; COUNT_Z=2.85; daily_ots=77245.1 > thresh=38467.1 (median=3995.5, MAD=2325.1, n=1831)"
7719181224280448770,2025-07-05,207447,honor,Смартфоны,45271.476,11.0591,10.0,"CombinedScore=11.06; OTS_Z=11.06; COUNT_Z=7.11; daily_ots=45271.5 > thresh=41345.0 (median=4270.0, MAD=2500.7, n=4464)"
4844634155853,2025-07-06,238974,tecno spark,Смартфоны,60268.686,17.4344,10.0,"CombinedScore=17.43; OTS_Z=17.43; COUNT_Z=0.89; daily_ots=60268.7 > thresh=36237.5 (median=3913.1, MAD=2180.3, n=1254)"
648524241621891017,2025-07-06,197627,adidas,Обувь,76081.884,24.2917,10.0,"CombinedScore=24.29; OTS_Z=24.29; COUNT_Z=3.38; daily_ots=76081.9 > thresh=33583.1 (median=3846.3, MAD=2005.7, n=1525)"
1306055918923481346,2025-07-06,197548,asics,Одежда,111265.828,48.7668,10.0,"CombinedScore=48.77; OTS_Z=48.77; COUNT_Z=4.11; daily_ots=111265.8 > thresh=25501.0 (median=3377.7, MAD=1492.2, n=18)"
1585271561336914956,2025-07-06,207943,infinix,Смартфоны,50418.396,13.467,10.0,"CombinedScore=13.47; OTS_Z=13.47; COUNT_Z=11.38; daily_ots=50418.4 > thresh=38467.1 (median=3995.5, MAD=2325.1, n=1831)"
1585271561337038249,2025-07-06,212017,midea,Крупная техника,40691.398,12.5396,10.0,"CombinedScore=12.54; OTS_Z=12.54; COUNT_Z=0.94; daily_ots=40691.4 > thresh=33249.5 (median=3946.2, MAD=1976.5, n=216)"
1585271561337039694,2025-07-06,202979,deonica,Средства для волос,23593.555,11.1878,10.0,"CombinedScore=11.19; OTS_Z=11.19; COUNT_Z=0.00; daily_ots=23593.6 > thresh=21335.5 (median=2325.1, MAD=1282.3, n=11)"
1729388589032331985,2025-07-06,218117,smeg,Малая техника,30693.536,10.7289,10.0,"CombinedScore=10.73; OTS_Z=10.73; COUNT_Z=0.00; daily_ots=30693.5 > thresh=28833.0 (median=3308.6, MAD=1721.6, n=36)"
1738401389149752705,2025-07-06,221942,xiaomi,Смарт-часы и браслеты,51653.77,14.7166,10.0,"CombinedScore=14.72; OTS_Z=14.72; COUNT_Z=3.15; daily_ots=51653.8 > thresh=36417.1 (median=4113.1, MAD=2178.9, n=862)"
1738403280270865088,2025-07-06,219362,tecno,Смартфоны,29245.894,12.2028,10.0,"CombinedScore=12.20; OTS_Z=12.20; COUNT_Z=2.27; daily_ots=29245.9 > thresh=24489.9 (median=2898.9, MAD=1456.3, n=869)"
2017618760585039891,2025-07-06,281079,samsung galaxy,Смартфоны,73924.718,16.9104,10.0,"CombinedScore=16.91; OTS_Z=16.91; COUNT_Z=3.53; daily_ots=73924.7 > thresh=45631.7 (median=4689.4, MAD=2761.6, n=7433)"
2305848744076623062,2025-07-06,281079,samsung galaxy,Смартфоны,114048.682,26.7106,10.0,"CombinedScore=26.71; OTS_Z=26.71; COUNT_Z=12.37; daily_ots=114048.7 > thresh=45631.7 (median=4689.4, MAD=2761.6, n=7433)"
2531033574337167351,2025-07-06,217598,sharp,Смартфоны,42551.163,10.025,10.0,"CombinedScore=10.02; OTS_Z=10.02; COUNT_Z=3.85; daily_ots=42551.2 > thresh=42456.3 (median=4482.5, MAD=2561.3, n=16)"
2963380775332161280,2025-07-06,206213,glenfield,Одежда,23318.804,10.7821,10.0,"CombinedScore=10.78; OTS_Z=10.78; COUNT_Z=4.36; daily_ots=23318.8 > thresh=21907.3 (median=3860.3, MAD=1217.3, n=46)"
3035436765780351298,2025-07-06,214000,oldos,Одежда,21736.555,10.8804,10.0,"CombinedScore=10.88; OTS_Z=10.88; COUNT_Z=0.00; daily_ots=21736.6 > thresh=20247.9 (median=3340.5, MAD=1140.4, n=10)"
6557248337293371808,2025-07-06,222295,zarina,Одежда,29498.373,12.5625,10.0,"CombinedScore=12.56; OTS_Z=12.56; COUNT_Z=2.89; daily_ots=29498.4 > thresh=24247.9 (median=3757.8, MAD=1382.1, n=477)"
7864636896608235520,2025-07-06,215234,poco,Смартфоны,45170.235,10.501,10.0,"CombinedScore=10.50; OTS_Z=10.50; COUNT_Z=2.28; daily_ots=45170.2 > thresh=43228.0 (median=4459.8, MAD=2614.9, n=3221)"
226944985535436544,2025-07-07,198484,apple iphone,Смартфоны,66596.715,12.637,10.0,"CombinedScore=12.64; OTS_Z=12.64; COUNT_Z=2.45; daily_ots=66596.7 > thresh=53838.7 (median=5457.4, MAD=3263.3, n=9860)"
1585271561336611199,2025-07-07,216575,roborock,Крупная техника,12356.364,89.5182,10.0,"CombinedScore=89.52; OTS_Z=89.52; COUNT_Z=0.00; daily_ots=12356.4 > thresh=2859.9 (median=1665.7, MAD=80.6, n=11)"
1585271561337001691,2025-07-07,197175,1more,Аудиотехника,88351.1,37.2893,10.0,"CombinedScore=37.29; OTS_Z=37.29; COUNT_Z=1.28; daily_ots=88351.1 > thresh=25580.6 (median=2578.8, MAD=1551.5, n=11)"
1585271561337001691,2025-07-07,207328,hoco,Аудиотехника,176702.2,56.3825,10.0,"CombinedScore=56.38; OTS_Z=56.38; COUNT_Z=3.15; daily_ots=176702.2 > thresh=34731.6 (median=4122.9, MAD=2064.6, n=303)"
1585271561337030686,2025-07-07,207501,hotpoint,Крупная техника,153539.776,50.4281,10.0,"CombinedScore=50.43; OTS_Z=50.43; COUNT_Z=6.93; daily_ots=153539.8 > thresh=33827.6 (median=4216.4, MAD=1997.3, n=170)"
1585271561337036299,2025-07-07,203071,dexp,Крупная техника,55538.19,16.427,10.0,"CombinedScore=16.43; OTS_Z=16.43; COUNT_Z=0.73; daily_ots=55538.2 > thresh=35394.4 (median=4052.1, MAD=2114.0, n=246)"
1585271561337038249,2025-07-07,212017,midea,Крупная техника,45083.766,14.0385,10.0,"CombinedScore=14.04; OTS_Z=14.04; COUNT_Z=0.94; daily_ots=45083.8 > thresh=33249.5 (median=3946.2, MAD=1976.5, n=216)"
1729388589032331985,2025-07-07,227000,деревенские лакомства,Корм для собак,91741.812,42.5765,10.0,"CombinedScore=42.58; OTS_Z=42.58; COUNT_Z=3.62; daily_ots=91741.8 > thresh=24440.4 (median=3780.9, MAD=1393.5, n=12)"
2315410463079109376,2025-07-07,238736,твое,Одежда,37334.41,11.8389,10.0,"CombinedScore=11.84; OTS_Z=11.84; COUNT_Z=1.80; daily_ots=37334.4 > thresh=32172.6 (median=4103.2, MAD=1893.3, n=188)"
2531033574337168760,2025-07-07,197869,alaska (одежда),Одежда,27486.074,10.5737,10.0,"CombinedScore=10.57; OTS_Z=10.57; COUNT_Z=0.00; daily_ots=27486.1 > thresh=26166.6 (median=3166.2, MAD=1551.4, n=133)"
3467783911479848960,2025-07-07,204933,felix (корм),Корм для кошек,56288.079,22.5055,10.0,"CombinedScore=22.51; OTS_Z=22.51; COUNT_Z=2.71; daily_ots=56288.1 > thresh=26882.5 (median=3368.5, MAD=1586.0, n=725)"
4692759896965140290,2025-07-07,214973,philips,Малая техника,46847.22,10.7357,10.0,"CombinedScore=10.74; OTS_Z=10.74; COUNT_Z=2.26; daily_ots=46847.2 > thresh=43979.5 (median=5000.9, MAD=2629.1, n=702)"
4980991965168188033,2025-07-07,207543,huawei,Смартфоны,53844.177,16.163,10.0,"CombinedScore=16.16; OTS_Z=16.16; COUNT_Z=1.52; daily_ots=53844.2 > thresh=34773.1 (median=3828.5, MAD=2087.2, n=1984)"
6052843423965704808,2025-07-07,216822,royal thermo,Крупная техника,13818.974,12.0266,10.0,"CombinedScore=12.03; OTS_Z=12.03; COUNT_Z=1.25; daily_ots=13819.0 > thresh=11998.8 (median=3017.3, MAD=605.8, n=24)"
7493996866413375452,2025-07-07,208338,janome,Малая техника,28804.585,10.2627,10.0,"CombinedScore=10.26; OTS_Z=10.26; COUNT_Z=2.50; daily_ots=28804.6 > thresh=28154.2 (median=3400.5, MAD=1669.6, n=110)"
7926341023773842966,2025-07-07,200746,bq,Крупная техника,23673.26,26.1744,10.0,"CombinedScore=26.17; OTS_Z=26.17; COUNT_Z=1.53; daily_ots=23673.3 > thresh=10385.3 (median=2169.9, MAD=554.1, n=11)"
72064849589778856,2025-07-08,207943,infinix,Смартфоны,39555.819,10.3158,10.0,"CombinedScore=10.32; OTS_Z=10.32; COUNT_Z=5.69; daily_ots=39555.8 > thresh=38467.1 (median=3995.5, MAD=2325.1, n=1831)"
648524241621891017,2025-07-08,197627,adidas,Обувь,65558.705,20.7529,10.0,"CombinedScore=20.75; OTS_Z=20.75; COUNT_Z=2.70; daily_ots=65558.7 > thresh=33583.1 (median=3846.3, MAD=2005.7, n=1525)"
1585271561336724594,2025-07-08,210322,lg,Крупная техника,48023.142,15.5521,10.0,"CombinedScore=15.55; OTS_Z=15.55; COUNT_Z=4.26; daily_ots=48023.1 > thresh=32222.6 (median=3764.0, MAD=1919.5, n=942)"
1585271561336792168,2025-07-08,215234,poco,Смартфоны,44998.36,10.4567,10.0,"CombinedScore=10.46; OTS_Z=10.46; COUNT_Z=3.99; daily_ots=44998.4 > thresh=43228.0 (median=4459.8, MAD=2614.9, n=3221)"
1585271561336914367,2025-07-08,200584,bonprix,Одежда,50436.34,38.304,10.0,"CombinedScore=38.30; OTS_Z=38.30; COUNT_Z=3.91; daily_ots=50436.3 > thresh=15681.1 (median=3401.8, MAD=828.2, n=20)"
1594286234250459457,2025-07-08,207447,honor,Смартфоны,53697.76,13.3318,10.0,"CombinedScore=13.33; OTS_Z=13.33; COUNT_Z=1.94; daily_ots=53697.8 > thresh=41345.0 (median=4270.0, MAD=2500.7, n=4464)"
2449965110012013004,2025-07-08,216575,roborock,Малая техника,52392.945,12.0503,10.0,"CombinedScore=12.05; OTS_Z=12.05; COUNT_Z=6.07; daily_ots=52392.9 > thresh=44206.3 (median=4276.4, MAD=2693.3, n=176)"
2738194092690289674,2025-07-08,213997,old spice,Дезодоранты,67068.066,19.679,10.0,"CombinedScore=19.68; OTS_Z=19.68; COUNT_Z=6.73; daily_ots=67068.1 > thresh=35935.5 (median=3770.3, MAD=2169.5, n=221)"
4836877772415165249,2025-07-08,221942,xiaomi,Смартфоны,51656.493,13.4057,10.0,"CombinedScore=13.41; OTS_Z=13.41; COUNT_Z=4.27; daily_ots=51656.5 > thresh=39628.5 (median=4310.7, MAD=2382.2, n=3163)"
5332267584642577308,2025-07-08,210219,lenovo,Смартфоны,50842.721,18.3625,10.0,"CombinedScore=18.36; OTS_Z=18.36; COUNT_Z=0.00; daily_ots=50842.7 > thresh=29100.0 (median=3099.8, MAD=1753.7, n=35)"
5332267584642577308,2025-07-08,216181,redmi,Смартфоны,50842.721,12.9789,10.0,"CombinedScore=12.98; OTS_Z=12.98; COUNT_Z=0.00; daily_ots=50842.7 > thresh=40150.5 (median=4256.6, MAD=2421.0, n=4609)"
5413337214202460341,2025-07-08,221942,xiaomi,Смартфоны,40607.768,10.2773,10.0,"CombinedScore=10.28; OTS_Z=10.28; COUNT_Z=0.71; daily_ots=40607.8 > thresh=39628.5 (median=4310.7, MAD=2382.2, n=3163)"
6629304165209876826,2025-07-08,217082,samsung,Аудиотехника,52157.866,15.0428,10.0,"CombinedScore=15.04; OTS_Z=15.04; COUNT_Z=1.26; daily_ots=52157.9 > thresh=36096.6 (median=4247.1, MAD=2148.3, n=153)"
7782225885427882465,2025-07-08,281079,samsung galaxy,Смартфоны,71956.392,16.4297,10.0,"CombinedScore=16.43; OTS_Z=16.43; COUNT_Z=4.12; daily_ots=71956.4 > thresh=45631.7 (median=4689.4, MAD=2761.6, n=7433)"
7864636896608235520,2025-07-08,208269,jabra,Аудиотехника,19895.976,11.6769,10.0,"CombinedScore=11.68; OTS_Z=11.68; COUNT_Z=1.96; daily_ots=19896.0 > thresh=17496.4 (median=3186.9, MAD=965.2, n=48)"
8502803222098581352,2025-07-08,206413,gopro,Малая техника,47540.46,15.936,10.0,"CombinedScore=15.94; OTS_Z=15.94; COUNT_Z=2.13; daily_ots=47540.5 > thresh=31164.1 (median=3575.9, MAD=1860.8, n=136)"
8511814487741101120,2025-07-08,224020,atlant (бытовая техника),Крупная техника,42759.558,14.2927,10.0,"CombinedScore=14.29; OTS_Z=14.29; COUNT_Z=1.73; daily_ots=42759.6 > thresh=31022.1 (median=3679.2, MAD=1844.3, n=361)"
1585271561337012029,2025-07-09,212017,midea,Крупная техника,34535.152,10.4387,10.0,"CombinedScore=10.44; OTS_Z=10.44; COUNT_Z=0.00; daily_ots=34535.2 > thresh=33249.5 (median=3946.2, MAD=1976.5, n=216)"
1585271561337012029,2025-07-09,242139,яндекс,Аудиотехника,69070.304,19.733,10.0,"CombinedScore=19.73; OTS_Z=19.73; COUNT_Z=0.73; daily_ots=69070.3 > thresh=36944.9 (median=3938.1, MAD=2226.3, n=2495)"
1585271561337012619,2025-07-09,207447,honor,Смартфоны,55897.976,13.9253,10.0,"CombinedScore=13.93; OTS_Z=13.93; COUNT_Z=4.52; daily_ots=55898.0 > thresh=41345.0 (median=4270.0, MAD=2500.7, n=4464)"
1585271561337013050,2025-07-09,215234,poco,Смартфоны,63359.79,15.1929,10.0,"CombinedScore=15.19; OTS_Z=15.19; COUNT_Z=5.13; daily_ots=63359.8 > thresh=43228.0 (median=4459.8, MAD=2614.9, n=3221)"
1585271561337038249,2025-07-09,212017,midea,Крупная техника,50235.084,15.7965,10.0,"CombinedScore=15.80; OTS_Z=15.80; COUNT_Z=1.88; daily_ots=50235.1 > thresh=33249.5 (median=3946.2, MAD=1976.5, n=216)"
2089678234678291312,2025-07-09,281079,samsung galaxy,Смартфоны,50825.286,11.2685,10.0,"CombinedScore=11.27; OTS_Z=11.27; COUNT_Z=1.18; daily_ots=50825.3 > thresh=45631.7 (median=4689.4, MAD=2761.6, n=7433)"
2531033574337167351,2025-07-09,212714,motorola,Смартфоны,35570.784,10.0674,10.0,"CombinedScore=10.07; OTS_Z=10.07; COUNT_Z=4.80; daily_ots=35570.8 > thresh=35356.1 (median=3481.7, MAD=2149.9, n=269)"
4107288419676846176,2025-07-09,281079,samsung galaxy,Смартфоны,80875.536,18.6081,10.0,"CombinedScore=18.61; OTS_Z=18.61; COUNT_Z=1.77; daily_ots=80875.5 > thresh=45631.7 (median=4689.4, MAD=2761.6, n=7433)"
4107288419676846185,2025-07-09,214553,panasonic,Малая техника,34026.208,11.9294,10.0,"CombinedScore=11.93; OTS_Z=11.93; COUNT_Z=1.88; daily_ots=34026.2 > thresh=29090.8 (median=3510.9, MAD=1725.4, n=261)"
4332475006756913344,2025-07-09,207543,huawei,Смартфоны,74165.042,22.7298,10.0,"CombinedScore=22.73; OTS_Z=22.73; COUNT_Z=4.55; daily_ots=74165.0 > thresh=34773.1 (median=3828.5, MAD=2087.2, n=1984)"
5989799398687552961,2025-07-09,210322,lg,Крупная техника,55539.548,18.1933,10.0,"CombinedScore=18.19; OTS_Z=18.19; COUNT_Z=0.85; daily_ots=55539.5 > thresh=32222.6 (median=3764.0, MAD=1919.5, n=942)"
6052843423965704462,2025-07-09,210685,loreal,Краски для волос,26240.751,11.3753,10.0,"CombinedScore=11.38; OTS_Z=11.38; COUNT_Z=0.00; daily_ots=26240.8 > thresh=23493.8 (median=3520.1, MAD=1347.2, n=204)"
6052843423965704462,2025-07-09,212210,minimi,Одежда,52481.502,16.4769,10.0,"CombinedScore=16.48; OTS_Z=16.48; COUNT_Z=1.38; daily_ots=52481.5 > thresh=33563.3 (median=4354.8, MAD=1970.1, n=87)"
6052843423965704462,2025-07-09,216387,revyline,Малая техника,26240.751,10.7506,10.0,"CombinedScore=10.75; OTS_Z=10.75; COUNT_Z=0.00; daily_ots=26240.8 > thresh=24633.3 (median=3217.4, MAD=1444.5, n=29)"
6638317131229860104,2025-07-09,231230,лоск,Товары для стирки,25489.416,13.2942,10.0,"CombinedScore=13.29; OTS_Z=13.29; COUNT_Z=0.00; daily_ots=25489.4 > thresh=19872.8 (median=2822.5, MAD=1150.0, n=85)"
7719182053721744961,2025-07-09,219127,ttaccardi,Обувь,26452.26,10.8355,10.0,"CombinedScore=10.84; OTS_Z=10.84; COUNT_Z=2.34; daily_ots=26452.3 > thresh=24665.9 (median=3284.9, MAD=1442.1, n=471)"
9079264895077392448,2025-07-09,214062,olympus,Малая техника,20636.114,15.9239,10.0,"CombinedScore=15.92; OTS_Z=15.92; COUNT_Z=1.13; daily_ots=20636.1 > thresh=13870.1 (median=2448.7, MAD=770.4, n=30)"
369305952269615221,2025-07-10,212714,motorola,Смартфоны,36581.566,10.3845,10.0,"CombinedScore=10.38; OTS_Z=10.38; COUNT_Z=0.96; daily_ots=36581.6 > thresh=35356.1 (median=3481.7, MAD=2149.9, n=269)"
1017826217384034560,2025-07-10,210662,lonsdale,Одежда,30560.37,15.0016,10.0,"CombinedScore=15.00; OTS_Z=15.00; COUNT_Z=1.51; daily_ots=30560.4 > thresh=21371.2 (median=2998.7, MAD=1239.2, n=85)"
1585271561337003723,2025-07-10,215234,poco,Смартфоны,118439.304,29.4003,10.0,"CombinedScore=29.40; OTS_Z=29.40; COUNT_Z=1.14; daily_ots=118439.3 > thresh=43228.0 (median=4459.8, MAD=2614.9, n=3221)"
1585271561337011960,2025-07-10,218309,sony,Крупная техника,34485.162,12.4846,10.0,"CombinedScore=12.48; OTS_Z=12.48; COUNT_Z=1.23; daily_ots=34485.2 > thresh=28209.0 (median=2949.1, MAD=1703.8, n=118)"
1585271561337012619,2025-07-10,207447,honor,Смартфоны,112104.224,29.0855,10.0,"CombinedScore=29.09; OTS_Z=29.09; COUNT_Z=9.69; daily_ots=112104.2 > thresh=41345.0 (median=4270.0, MAD=2500.7, n=4464)"
1594286234250459457,2025-07-10,207447,honor,Смартфоны,49418.39,12.1776,10.0,"CombinedScore=12.18; OTS_Z=12.18; COUNT_Z=3.88; daily_ots=49418.4 > thresh=41345.0 (median=4270.0, MAD=2500.7, n=4464)"
1729388589032331985,2025-07-10,213652,nordfrost,Крупная техника,91742.253,46.1938,10.0,"CombinedScore=46.19; OTS_Z=46.19; COUNT_Z=4.59; daily_ots=91742.3 > thresh=21793.3 (median=2467.1, MAD=1303.6, n=37)"
1729388589032331985,2025-07-10,215778,pusy,Средства для умывания и ухода за лицом,30580.751,13.7423,10.0,"CombinedScore=13.74; OTS_Z=13.74; COUNT_Z=0.00; daily_ots=30580.8 > thresh=23406.6 (median=4236.1, MAD=1293.0, n=11)"
4694146125618540160,2025-07-10,207543,huawei,Смартфоны,88761.911,27.4469,10.0,"CombinedScore=27.45; OTS_Z=27.45; COUNT_Z=4.55; daily_ots=88761.9 > thresh=34773.1 (median=3828.5, MAD=2087.2, n=1984)"
4755806029018135186,2025-07-10,221942,xiaomi,Смартфоны,43207.58,11.0134,10.0,"CombinedScore=11.01; OTS_Z=11.01; COUNT_Z=2.85; daily_ots=43207.6 > thresh=39628.5 (median=4310.7, MAD=2382.2, n=3163)"
5836672477688188876,2025-07-10,216181,redmi,Смартфоны,58667.304,15.1588,10.0,"CombinedScore=15.16; OTS_Z=15.16; COUNT_Z=2.28; daily_ots=58667.3 > thresh=40150.5 (median=4256.6, MAD=2421.0, n=4609)"
6052843423965704511,2025-07-10,206519,grass,Универсальные чистящие средства,62647.473,22.6333,10.0,"CombinedScore=22.63; OTS_Z=22.63; COUNT_Z=3.38; daily_ots=62647.5 > thresh=29722.7 (median=3660.9, MAD=1757.9, n=602)"
1369101347001710020,2025-07-11,198504,apple watch,Смарт-часы и браслеты,42622.156,13.7576,10.0,"CombinedScore=13.76; OTS_Z=13.76; COUNT_Z=1.03; daily_ots=42622.2 > thresh=32006.2 (median=3753.9, MAD=1905.6, n=323)"
1585271561336939603,2025-07-11,207447,honor,Смартфоны,254133.72,67.3942,10.0,"CombinedScore=67.39; OTS_Z=67.39; COUNT_Z=5.17; daily_ots=254133.7 > thresh=41345.0 (median=4270.0, MAD=2500.7, n=4464)"
1585271561337000671,2025-07-11,198484,apple iphone,Смартфоны,88832.1,17.2329,10.0,"CombinedScore=17.23; OTS_Z=17.23; COUNT_Z=5.52; daily_ots=88832.1 > thresh=53838.7 (median=5457.4, MAD=3263.3, n=9860)"
1585271561337001691,2025-07-11,207328,hoco,Аудиотехника,43863.608,12.9835,10.0,"CombinedScore=12.98; OTS_Z=12.98; COUNT_Z=0.00; daily_ots=43863.6 > thresh=34731.6 (median=4122.9, MAD=2064.6, n=303)"
1585271561337012619,2025-07-11,216114,realme,Смартфоны,81514.133,20.2263,10.0,"CombinedScore=20.23; OTS_Z=20.23; COUNT_Z=10.06; daily_ots=81514.1 > thresh=42576.5 (median=4500.5, MAD=2568.2, n=3843)"
1585271561337021320,2025-07-11,205866,garlyn,Малая техника,31282.08,11.9751,10.0,"CombinedScore=11.98; OTS_Z=11.98; COUNT_Z=6.46; daily_ots=31282.1 > thresh=26755.4 (median=3837.2, MAD=1545.8, n=98)"
2089678234678291312,2025-07-11,281079,samsung galaxy,Смартфоны,144669.503,34.1896,10.0,"CombinedScore=34.19; OTS_Z=34.19; COUNT_Z=5.89; daily_ots=144669.5 > thresh=45631.7 (median=4689.4, MAD=2761.6, n=7433)"
2315410463079109376,2025-07-11,216181,redmi,Смартфоны,40712.062,10.1565,10.0,"CombinedScore=10.16; OTS_Z=10.16; COUNT_Z=0.76; daily_ots=40712.1 > thresh=40150.5 (median=4256.6, MAD=2421.0, n=4609)"
3098483602160404120,2025-07-11,205085,finn flare,Одежда,27684.03,10.789,10.0,"CombinedScore=10.79; OTS_Z=10.79; COUNT_Z=2.39; daily_ots=27684.0 > thresh=25908.4 (median=3402.9, MAD=1518.0, n=116)"
6052843423965704462,2025-07-11,199814,befree,Одежда,81739.479,21.6771,10.0,"CombinedScore=21.68; OTS_Z=21.68; COUNT_Z=2.71; daily_ots=81739.5 > thresh=40178.7 (median=4587.0, MAD=2400.7, n=387)"
6341074104264854133,2025-07-11,242139,яндекс,Аудиотехника,125443.32,36.8122,10.0,"CombinedScore=36.81; OTS_Z=36.81; COUNT_Z=13.10; daily_ots=125443.3 > thresh=36944.9 (median=3938.1, MAD=2226.3, n=2495)"
6629304165209876826,2025-07-11,216387,revyline,Малая техника,108328.348,49.0808,10.0,"CombinedScore=49.08; OTS_Z=49.08; COUNT_Z=4.93; daily_ots=108328.3 > thresh=24633.3 (median=3217.4, MAD=1444.5, n=29)"
8872102557463947648,2025-07-11,197557,acoola,Детские одежда и обувь,25592.352,10.0115,10.0,"CombinedScore=10.01; OTS_Z=10.01; COUNT_Z=0.00; daily_ots=25592.4 > thresh=25567.7 (median=4185.6, MAD=1442.2, n=203)"
9016219708573634752,2025-07-11,213619,nokia,Смартфоны,58972.952,15.112,10.0,"CombinedScore=15.11; OTS_Z=15.11; COUNT_Z=5.33; daily_ots=58973.0 > thresh=40449.0 (median=4212.6, MAD=2444.1, n=693)"
4844634155853,2025-07-12,210322,lg,Крупная техника,48287.876,15.6451,10.0,"CombinedScore=15.65; OTS_Z=15.65; COUNT_Z=2.55; daily_ots=48287.9 > thresh=32222.6 (median=3764.0, MAD=1919.5, n=942)"
945767318361640843,2025-07-12,198484,apple iphone,Смартфоны,70663.407,13.4775,10.0,"CombinedScore=13.48; OTS_Z=13.48; COUNT_Z=1.23; daily_ots=70663.4 > thresh=53838.7 (median=5457.4, MAD=3263.3, n=9860)"
2377907662666834967,2025-07-12,216114,realme,Смартфоны,44191.105,10.424,10.0,"CombinedScore=10.42; OTS_Z=10.42; COUNT_Z=3.77; daily_ots=44191.1 > thresh=42576.5 (median=4500.5, MAD=2568.2, n=3843)"
3963175209649622991,2025-07-12,216181,redmi,Смартфоны,55086.237,14.1611,10.0,"CombinedScore=14.16; OTS_Z=14.16; COUNT_Z=1.52; daily_ots=55086.2 > thresh=40150.5 (median=4256.6, MAD=2421.0, n=4609)"
4981083796812416512,2025-07-12,198484,apple iphone,Смартфоны,84510.618,16.3396,10.0,"CombinedScore=16.34; OTS_Z=16.34; COUNT_Z=3.07; daily_ots=84510.6 > thresh=53838.7 (median=5457.4, MAD=3263.3, n=9860)"
5413338585548960451,2025-07-12,198484,apple iphone,Смартфоны,62319.404,11.7529,10.0,"CombinedScore=11.75; OTS_Z=11.75; COUNT_Z=1.84; daily_ots=62319.4 > thresh=53838.7 (median=5457.4, MAD=3263.3, n=9860)"
5413338585548960451,2025-07-12,210219,lenovo,Смартфоны,46739.553,16.7844,10.0,"CombinedScore=16.78; OTS_Z=16.78; COUNT_Z=3.00; daily_ots=46739.6 > thresh=29100.0 (median=3099.8, MAD=1753.7, n=35)"
5413338585548960451,2025-07-12,215234,poco,Смартфоны,62319.404,14.9245,10.0,"CombinedScore=14.92; OTS_Z=14.92; COUNT_Z=1.71; daily_ots=62319.4 > thresh=43228.0 (median=4459.8, MAD=2614.9, n=3221)"
6629304165209876826,2025-07-12,205913,gc,Уход за полостью рта,81742.818,25.274,10.0,"CombinedScore=25.27; OTS_Z=25.27; COUNT_Z=2.59; daily_ots=81742.8 > thresh=34920.6 (median=4265.7, MAD=2067.7, n=34)"
6629304165209876826,2025-07-12,216621,rocs,Уход за полостью рта,81742.818,26.7441,10.0,"CombinedScore=26.74; OTS_Z=26.74; COUNT_Z=3.07; daily_ots=81742.8 > thresh=33200.9 (median=4210.5, MAD=1955.4, n=284)"
6629304165209876826,2025-07-12,218466,splat,Уход за полостью рта,81742.818,29.0659,10.0,"CombinedScore=29.07; OTS_Z=29.07; COUNT_Z=2.85; daily_ots=81742.8 > thresh=30656.8 (median=3862.3, MAD=1807.3, n=329)"
6629304165209877384,2025-07-12,199833,beko,Крупная техника,49752.705,13.4841,10.0,"CombinedScore=13.48; OTS_Z=13.48; COUNT_Z=3.45; daily_ots=49752.7 > thresh=38009.2 (median=4303.1, MAD=2273.5, n=312)"
6629304165209877384,2025-07-12,207902,indesit,Крупная техника,59703.246,23.5596,10.0,"CombinedScore=23.56; OTS_Z=23.56; COUNT_Z=5.51; daily_ots=59703.2 > thresh=27149.4 (median=3141.5, MAD=1619.3, n=417)"
7430950931072305153,2025-07-12,198484,apple iphone,Смартфоны,77152.387,14.8188,10.0,"CombinedScore=14.82; OTS_Z=14.82; COUNT_Z=7.36; daily_ots=77152.4 > thresh=53838.7 (median=5457.4, MAD=3263.3, n=9860)"
9089272665615484736,2025-07-12,238974,tecno spark,Смартфоны,42495.244,11.9359,10.0,"CombinedScore=11.94; OTS_Z=11.94; COUNT_Z=2.67; daily_ots=42495.2 > thresh=36237.5 (median=3913.1, MAD=2180.3, n=1254)"
792639191900656652,2025-07-13,218309,sony,Малая техника,81616.616,19.4669,10.0,"CombinedScore=19.47; OTS_Z=19.47; COUNT_Z=0.44; daily_ots=81616.6 > thresh=44075.7 (median=4420.7, MAD=2674.7, n=356)"
945767318361640843,2025-07-13,281079,samsung galaxy,Смартфоны,124470.69,29.2561,10.0,"CombinedScore=29.26; OTS_Z=29.26; COUNT_Z=2.36; daily_ots=124470.7 > thresh=45631.7 (median=4689.4, MAD=2761.6, n=7433)"
1008813765626955268,2025-07-13,207883,incanto,Одежда,26894.625,10.4829,10.0,"CombinedScore=10.48; OTS_Z=10.48; COUNT_Z=0.00; daily_ots=26894.6 > thresh=25818.8 (median=3540.8, MAD=1502.6, n=57)"
1585271561336903088,2025-07-13,201236,canon,Малая техника,42144.38,10.7246,10.0,"CombinedScore=10.72; OTS_Z=10.72; COUNT_Z=2.06; daily_ots=42144.4 > thresh=39580.9 (median=4202.3, MAD=2386.3, n=381)"
1585271561336939603,2025-07-13,208353,jarvi elaman,Корм для кошек,27887.698,13.1629,10.0,"CombinedScore=13.16; OTS_Z=13.16; COUNT_Z=0.00; daily_ots=27887.7 > thresh=21788.3 (median=2504.5, MAD=1300.7, n=58)"
4107288419676846159,2025-07-13,213474,nike,Обувь,45879.12,11.0681,10.0,"CombinedScore=11.07; OTS_Z=11.07; COUNT_Z=1.80; daily_ots=45879.1 > thresh=41879.1 (median=4429.4, MAD=2526.0, n=1795)"
5548441990942657024,2025-07-13,198484,apple iphone,Смартфоны,146473.336,29.1468,10.0,"CombinedScore=29.15; OTS_Z=29.15; COUNT_Z=4.29; daily_ots=146473.3 > thresh=53838.7 (median=5457.4, MAD=3263.3, n=9860)"
6052843385257647256,2025-07-13,221942,xiaomi,Малая техника,54066.41,18.9912,10.0,"CombinedScore=18.99; OTS_Z=18.99; COUNT_Z=3.94; daily_ots=54066.4 > thresh=30191.1 (median=3637.1, MAD=1791.1, n=919)"
6557248456781430976,2025-07-13,219341,technics,Аудиотехника,14171.44,12.1744,10.0,"CombinedScore=12.17; OTS_Z=12.17; COUNT_Z=5.34; daily_ots=14171.4 > thresh=12047.5 (median=2279.7, MAD=658.8, n=55)"
6629304165209878882,2025-07-13,218309,sony,Смартфоны,39982.948,11.8122,10.0,"CombinedScore=11.81; OTS_Z=11.81; COUNT_Z=0.00; daily_ots=39982.9 > thresh=34444.0 (median=3879.2, MAD=2061.6, n=311)"
8367700483004796481,2025-07-13,198484,apple iphone,Смартфоны,69690.948,13.2765,10.0,"CombinedScore=13.28; OTS_Z=13.28; COUNT_Z=1.23; daily_ots=69690.9 > thresh=53838.7 (median=5457.4, MAD=3263.3, n=9860)"
8800233530290716352,2025-07-13,197175,1more,Аудиотехника,47036.394,19.3278,10.0,"CombinedScore=19.33; OTS_Z=19.33; COUNT_Z=2.56; daily_ots=47036.4 > thresh=25580.6 (median=2578.8, MAD=1551.5, n=11)"
8800233530290716352,2025-07-13,218309,sony,Аудиотехника,47036.394,14.0518,10.0,"CombinedScore=14.05; OTS_Z=14.05; COUNT_Z=1.46; daily_ots=47036.4 > thresh=34510.6 (median=3596.3, MAD=2085.2, n=486)"
801651201304652617,2025-07-14,221942,xiaomi,Смарт-часы и браслеты,45890.862,12.9327,10.0,"CombinedScore=12.93; OTS_Z=12.93; COUNT_Z=3.94; daily_ots=45890.9 > thresh=36417.1 (median=4113.1, MAD=2178.9, n=862)"
1585271561336911990,2025-07-14,209227,kitfort,Малая техника,35000.586,11.0728,10.0,"CombinedScore=11.07; OTS_Z=11.07; COUNT_Z=2.49; daily_ots=35000.6 > thresh=31982.8 (median=3853.5, MAD=1897.3, n=830)"
1585271561336939603,2025-07-14,213067,nestle nan,Детское питание,83334.762,19.8713,10.0,"CombinedScore=19.87; OTS_Z=19.87; COUNT_Z=2.67; daily_ots=83334.8 > thresh=44492.0 (median=5142.7, MAD=2654.1, n=230)"
1585271561336939603,2025-07-14,216575,roborock,Малая техника,55556.508,12.8425,10.0,"CombinedScore=12.84; OTS_Z=12.84; COUNT_Z=0.61; daily_ots=55556.5 > thresh=44206.3 (median=4276.4, MAD=2693.3, n=176)"
1585271561337003723,2025-07-14,215234,poco,Смартфоны,83345.127,20.348,10.0,"CombinedScore=20.35; OTS_Z=20.35; COUNT_Z=1.14; daily_ots=83345.1 > thresh=43228.0 (median=4459.8, MAD=2614.9, n=3221)"
1585271561337019454,2025-07-14,216180,redmagic,Смартфоны,48780.228,10.4446,10.0,"CombinedScore=10.44; OTS_Z=10.44; COUNT_Z=1.41; daily_ots=48780.2 > thresh=46912.5 (median=4904.7, MAD=2833.4, n=146)"
2531034624961077888,2025-07-14,199228,акс,Дезодоранты,49881.132,20.917,10.0,"CombinedScore=20.92; OTS_Z=20.92; COUNT_Z=3.62; daily_ots=49881.1 > thresh=25692.4 (median=3535.4, MAD=1494.5, n=255)"
3756013319945360386,2025-07-14,218309,sony,Смартфоны,69429.225,21.4462,10.0,"CombinedScore=21.45; OTS_Z=21.45; COUNT_Z=1.68; daily_ots=69429.2 > thresh=34444.0 (median=3879.2, MAD=2061.6, n=311)"
3819059496266608833,2025-07-14,221015,vichy,Средства для умывания и ухода за лицом,26274.71,11.5393,10.0,"CombinedScore=11.54; OTS_Z=11.54; COUNT_Z=0.00; daily_ots=26274.7 > thresh=23154.8 (median=2886.3, MAD=1367.1, n=56)"
4116938418784426305,2025-07-14,210747,love republic,Одежда,46764.508,13.0023,10.0,"CombinedScore=13.00; OTS_Z=13.00; COUNT_Z=3.93; daily_ots=46764.5 > thresh=36923.5 (median=4145.3, MAD=2210.9, n=153)"
4908935609760526337,2025-07-14,238974,tecno spark,Смартфоны,59194.275,17.102,10.0,"CombinedScore=17.10; OTS_Z=17.10; COUNT_Z=3.56; daily_ots=59194.3 > thresh=36237.5 (median=3913.1, MAD=2180.3, n=1254)"
5044038169132515266,2025-07-14,242139,яндекс,Крупная техника,37802.78,12.6911,10.0,"CombinedScore=12.69; OTS_Z=12.69; COUNT_Z=3.48; daily_ots=37802.8 > thresh=30553.4 (median=3615.0, MAD=1817.0, n=311)"
5548440520018748299,2025-07-14,229534,каспер (подгузники),Подгузники,58056.822,15.8924,10.0,"CombinedScore=15.89; OTS_Z=15.89; COUNT_Z=5.09; daily_ots=58056.8 > thresh=38341.0 (median=4881.5, MAD=2256.8, n=36)"
6557248384888776892,2025-07-14,218309,sony,Смартфоны,37842.63,11.1119,10.0,"CombinedScore=11.11; OTS_Z=11.11; COUNT_Z=3.35; daily_ots=37842.6 > thresh=34444.0 (median=3879.2, MAD=2061.6, n=311)"
6629304165209876610,2025-07-14,197627,adidas,Обувь,33975.088,10.1318,10.0,"CombinedScore=10.13; OTS_Z=10.13; COUNT_Z=2.03; daily_ots=33975.1 > thresh=33583.1 (median=3846.3, MAD=2005.7, n=1525)"
6629304165209877571,2025-07-14,197804,aiyima,Аудиотехника,17981.107,10.24,10.0,"CombinedScore=10.24; OTS_Z=10.24; COUNT_Z=0.00; daily_ots=17981.1 > thresh=17626.6 (median=2854.4, MAD=996.4, n=25)"
6629304165209877571,2025-07-14,218147,smsl,Аудиотехника,53943.321,26.6583,10.0,"CombinedScore=26.66; OTS_Z=26.66; COUNT_Z=2.86; daily_ots=53943.3 > thresh=21776.2 (median=2466.2, MAD=1302.5, n=14)"
6629304165209877635,2025-07-14,221942,xiaomi,Смарт-часы и браслеты,40367.72,11.2229,10.0,"CombinedScore=11.22; OTS_Z=11.22; COUNT_Z=2.36; daily_ots=40367.7 > thresh=36417.1 (median=4113.1, MAD=2178.9, n=862)"
7430953319858640640,2025-07-14,217534,seveki,Средства для умывания и ухода за лицом,24201.492,13.6397,10.0,"CombinedScore=13.64; OTS_Z=13.64; COUNT_Z=0.00; daily_ots=24201.5 > thresh=18779.6 (median=3882.9, MAD=1004.8, n=40)"
8511814487741101120,2025-07-14,203755,dyson,Крупная техника,58518.932,17.6816,10.0,"CombinedScore=17.68; OTS_Z=17.68; COUNT_Z=0.67; daily_ots=58518.9 > thresh=34813.6 (median=3953.6, MAD=2081.5, n=2)"
442932828512505024,2025-07-15,311362,tecno pova,Смартфоны,42856.166,11.7666,10.0,"CombinedScore=11.77; OTS_Z=11.77; COUNT_Z=0.87; daily_ots=42856.2 > thresh=37011.2 (median=3924.7, MAD=2231.7, n=1104)"
792640588831739337,2025-07-15,208375,jbl (аудиотехника),Аудиотехника,43821.32,11.9668,10.0,"CombinedScore=11.97; OTS_Z=11.97; COUNT_Z=7.13; daily_ots=43821.3 > thresh=37287.4 (median=4067.2, MAD=2240.7, n=1174)"
1585271561336659765,2025-07-15,201263,caprice,Обувь,15866.172,13.0144,10.0,"CombinedScore=13.01; OTS_Z=13.01; COUNT_Z=1.96; daily_ots=15866.2 > thresh=12718.3 (median=2275.7, MAD=704.4, n=95)"
1585271561337037325,2025-07-15,216621,rocs,Уход за полостью рта,41130.408,12.7352,10.0,"CombinedScore=12.74; OTS_Z=12.74; COUNT_Z=3.07; daily_ots=41130.4 > thresh=33200.9 (median=4210.5, MAD=1955.4, n=284)"
1882516134850618573,2025-07-15,197627,adidas,Одежда,55326.054,15.0858,10.0,"CombinedScore=15.09; OTS_Z=15.09; COUNT_Z=0.55; daily_ots=55326.1 > thresh=38075.3 (median=4156.0, MAD=2287.9, n=697)"
2738194092690289068,2025-07-15,198259,amway,Универсальные чистящие средства,28147.651,14.4676,10.0,"CombinedScore=14.47; OTS_Z=14.47; COUNT_Z=0.00; daily_ots=28147.7 > thresh=20562.7 (median=3585.1, MAD=1145.1, n=78)"
2738194092690289068,2025-07-15,198259,amway,Средства для мытья посуды,28147.651,19.394,10.0,"CombinedScore=19.39; OTS_Z=19.39; COUNT_Z=0.00; daily_ots=28147.7 > thresh=15982.4 (median=3032.3, MAD=873.5, n=23)"
6629304165209878882,2025-07-15,218309,sony,Смартфоны,38929.007,11.4674,10.0,"CombinedScore=11.47; OTS_Z=11.47; COUNT_Z=0.00; daily_ots=38929.0 > thresh=34444.0 (median=3879.2, MAD=2061.6, n=311)"
802341714711045824,2025-07-16,207943,infinix,Смартфоны,59155.217,16.0015,10.0,"CombinedScore=16.00; OTS_Z=16.00; COUNT_Z=7.11; daily_ots=59155.2 > thresh=38467.1 (median=3995.5, MAD=2325.1, n=1831)"
1369101741337282579,2025-07-16,213619,nokia,Смартфоны,61464.66,15.7996,10.0,"CombinedScore=15.80; OTS_Z=15.80; COUNT_Z=1.52; daily_ots=61464.7 > thresh=40449.0 (median=4212.6, MAD=2444.1, n=693)"
1585271561336717022,2025-07-16,236918,санокс,Универсальные чистящие средства,38572.677,14.7607,10.0,"CombinedScore=14.76; OTS_Z=14.76; COUNT_Z=5.19; daily_ots=38572.7 > thresh=27155.7 (median=3174.3, MAD=1617.5, n=137)"
1585271561337036299,2025-07-16,199865,bella,Женская гигиена,55699.236,21.3539,10.0,"CombinedScore=21.35; OTS_Z=21.35; COUNT_Z=2.30; daily_ots=55699.2 > thresh=27789.7 (median=3208.3, MAD=1658.0, n=132)"
1729388589032331985,2025-07-16,210685,loreal,Средства для умывания и ухода за лицом,30889.739,11.7704,10.0,"CombinedScore=11.77; OTS_Z=11.77; COUNT_Z=0.00; daily_ots=30889.7 > thresh=26756.0 (median=3406.7, MAD=1574.9, n=59)"
1729388589032331985,2025-07-16,213565,nivea,Средства для умывания и ухода за лицом,61779.478,29.3219,10.0,"CombinedScore=29.32; OTS_Z=29.32; COUNT_Z=2.08; daily_ots=61779.5 > thresh=22989.7 (median=2914.1, MAD=1354.1, n=212)"
1954572816503618427,2025-07-16,207447,honor,Смартфоны,86007.36,22.0465,10.0,"CombinedScore=22.05; OTS_Z=22.05; COUNT_Z=4.52; daily_ots=86007.4 > thresh=41345.0 (median=4270.0, MAD=2500.7, n=4464)"
2738194092690289707,2025-07-16,213360,new balance,Обувь,43283.56,12.2408,10.0,"CombinedScore=12.24; OTS_Z=12.24; COUNT_Z=0.97; daily_ots=43283.6 > thresh=36096.0 (median=4020.5, MAD=2163.5, n=482)"
3530830270264483540,2025-07-16,198484,apple iphone,Смартфоны,54919.872,10.2235,10.0,"CombinedScore=10.22; OTS_Z=10.22; COUNT_Z=0.61; daily_ots=54919.9 > thresh=53838.7 (median=5457.4, MAD=3263.3, n=9860)"
4827866083748752640,2025-07-16,311362,tecno pova,Смартфоны,45501.555,12.5661,10.0,"CombinedScore=12.57; OTS_Z=12.57; COUNT_Z=1.74; daily_ots=45501.6 > thresh=37011.2 (median=3924.7, MAD=2231.7, n=1104)"
5332267584642577308,2025-07-16,214199,oppo (электроника),Смартфоны,47859.556,12.7535,10.0,"CombinedScore=12.75; OTS_Z=12.75; COUNT_Z=0.83; daily_ots=47859.6 > thresh=38433.0 (median=4198.8, MAD=2309.1, n=872)"
5629513342402052418,2025-07-16,207447,honor,Смартфоны,92226.976,23.7241,10.0,"CombinedScore=23.72; OTS_Z=23.72; COUNT_Z=1.94; daily_ots=92227.0 > thresh=41345.0 (median=4270.0, MAD=2500.7, n=4464)"
8872100102946455617,2025-07-16,207655,hyundai,Крупная техника,54919.872,20.4043,10.0,"CombinedScore=20.40; OTS_Z=20.40; COUNT_Z=1.23; daily_ots=54919.9 > thresh=28649.8 (median=3400.5, MAD=1703.1, n=93)"
8944181243923981696,2025-07-16,198484,apple iphone,Смартфоны,58770.755,11.0194,10.0,"CombinedScore=11.02; OTS_Z=11.02; COUNT_Z=2.45; daily_ots=58770.8 > thresh=53838.7 (median=5457.4, MAD=3263.3, n=9860)"
1450169741182143061,2025-07-17,221229,vivo (электроника),Смартфоны,47498.474,10.612,10.0,"CombinedScore=10.61; OTS_Z=10.61; COUNT_Z=0.78; daily_ots=47498.5 > thresh=45028.8 (median=4677.5, MAD=2721.7, n=1154)"
1585271561336651492,2025-07-17,199462,ballu,Малая техника,58010.49,27.4211,10.0,"CombinedScore=27.42; OTS_Z=27.42; COUNT_Z=5.60; daily_ots=58010.5 > thresh=23168.2 (median=3168.1, MAD=1349.0, n=119)"
1585271561336965723,2025-07-17,215268,polar (бытовая техника),Смарт-часы и браслеты,18297.57,23.0771,10.0,"CombinedScore=23.08; OTS_Z=23.08; COUNT_Z=7.72; daily_ots=18297.6 > thresh=8795.3 (median=1529.0, MAD=490.1, n=119)"
1729388589032331985,2025-07-17,201908,клиар,Средства для волос,30730.544,10.5309,10.0,"CombinedScore=10.53; OTS_Z=10.53; COUNT_Z=0.00; daily_ots=30730.5 > thresh=29369.4 (median=3732.3, MAD=1729.2, n=108)"
1729388589032331985,2025-07-17,205624,fructis,Средства для волос,61461.088,19.1155,10.0,"CombinedScore=19.12; OTS_Z=19.12; COUNT_Z=1.44; daily_ots=61461.1 > thresh=33868.3 (median=3598.0, MAD=2041.7, n=107)"
1729388589032331985,2025-07-17,213565,nivea,Средства для мытья и ухода за руками,30730.544,20.26,10.0,"CombinedScore=20.26; OTS_Z=20.26; COUNT_Z=0.00; daily_ots=30730.5 > thresh=16456.1 (median=2543.5, MAD=938.4, n=17)"
1954572816503618427,2025-07-17,207447,honor,Смартфоны,54605.545,13.5767,10.0,"CombinedScore=13.58; OTS_Z=13.58; COUNT_Z=2.59; daily_ots=54605.5 > thresh=41345.0 (median=4270.0, MAD=2500.7, n=4464)"
2314863075954555456,2025-07-17,219115,сьесс,Краски для волос,84488.277,18.2201,10.0,"CombinedScore=18.22; OTS_Z=18.22; COUNT_Z=2.77; daily_ots=84488.3 > thresh=48532.7 (median=4791.8, MAD=2950.3, n=53)"
5476383163815322436,2025-07-17,213565,nivea,Товары для ухода за телом,34594.37,13.4672,10.0,"CombinedScore=13.47; OTS_Z=13.47; COUNT_Z=1.79; daily_ots=34594.4 > thresh=26518.3 (median=3225.9, MAD=1571.1, n=109)"
6629304165209877571,2025-07-17,197804,aiyima,Аудиотехника,18960.982,10.9033,10.0,"CombinedScore=10.90; OTS_Z=10.90; COUNT_Z=0.00; daily_ots=18961.0 > thresh=17626.6 (median=2854.4, MAD=996.4, n=25)"
6629304165209877571,2025-07-17,218309,sony,Аудиотехника,37921.964,11.1035,10.0,"CombinedScore=11.10; OTS_Z=11.10; COUNT_Z=0.73; daily_ots=37922.0 > thresh=34510.6 (median=3596.3, MAD=2085.2, n=486)"
6701361217345430160,2025-07-17,219383,tefal,Малая техника,106581.41,42.15,10.0,"CombinedScore=42.15; OTS_Z=42.15; COUNT_Z=13.31; daily_ots=106581.4 > thresh=28025.4 (median=3591.3, MAD=1648.1, n=498)"
8935148003885016748,2025-07-17,203071,dexp,Крупная техника,47957.358,14.0083,10.0,"CombinedScore=14.01; OTS_Z=14.01; COUNT_Z=0.73; daily_ots=47957.4 > thresh=35394.4 (median=4052.1, MAD=2114.0, n=246)"
792639191900656652,2025-07-18,242139,яндекс,Аудиотехника,41674.039,11.4328,10.0,"CombinedScore=11.43; OTS_Z=11.43; COUNT_Z=0.00; daily_ots=41674.0 > thresh=36944.9 (median=3938.1, MAD=2226.3, n=2495)"
1513216533926154380,2025-07-18,222958,аксион,Малая техника,61293.27,21.4786,10.0,"CombinedScore=21.48; OTS_Z=21.48; COUNT_Z=2.94; daily_ots=61293.3 > thresh=30519.9 (median=3710.5, MAD=1808.3, n=26)"
1585271561336925056,2025-07-18,215234,poco,Смартфоны,48253.36,11.2963,10.0,"CombinedScore=11.30; OTS_Z=11.30; COUNT_Z=3.99; daily_ots=48253.4 > thresh=43228.0 (median=4459.8, MAD=2614.9, n=3221)"
1585271561337025894,2025-07-18,216181,redmi,Смартфоны,72309.864,18.9596,10.0,"CombinedScore=18.96; OTS_Z=18.96; COUNT_Z=5.32; daily_ots=72309.9 > thresh=40150.5 (median=4256.6, MAD=2421.0, n=4609)"
2891322904814631489,2025-07-18,221942,xiaomi,Смартфоны,59803.68,15.7125,10.0,"CombinedScore=15.71; OTS_Z=15.71; COUNT_Z=7.83; daily_ots=59803.7 > thresh=39628.5 (median=4310.7, MAD=2382.2, n=3163)"
3747000630363940378,2025-07-18,202423,crocs,Обувь,37162.242,10.9518,10.0,"CombinedScore=10.95; OTS_Z=10.95; COUNT_Z=1.31; daily_ots=37162.2 > thresh=34287.2 (median=4080.8, MAD=2037.4, n=1343)"
4764817325728907200,2025-07-18,207543,huawei,Смартфоны,51464.865,15.3941,10.0,"CombinedScore=15.39; OTS_Z=15.39; COUNT_Z=3.04; daily_ots=51464.9 > thresh=34773.1 (median=3828.5, MAD=2087.2, n=1984)"
5188154264055125507,2025-07-18,219595,the north face,Обувь,24241.875,10.9188,10.0,"CombinedScore=10.92; OTS_Z=10.92; COUNT_Z=0.00; daily_ots=24241.9 > thresh=22455.8 (median=3017.9, MAD=1311.1, n=23)"
6701361217345430821,2025-07-18,207447,honor,Смарт-часы и браслеты,48507.852,14.3967,10.0,"CombinedScore=14.40; OTS_Z=14.40; COUNT_Z=2.72; daily_ots=48507.9 > thresh=34879.9 (median=3883.9, MAD=2090.7, n=255)"
6701361217345430821,2025-07-18,207543,huawei,Смарт-часы и браслеты,48507.852,13.6282,10.0,"CombinedScore=13.63; OTS_Z=13.63; COUNT_Z=2.07; daily_ots=48507.9 > thresh=36711.3 (median=4198.1, MAD=2193.0, n=956)"
1585271561336920427,2025-07-19,206519,grass,Товары для стирки,32890.612,10.7481,10.0,"CombinedScore=10.75; OTS_Z=10.75; COUNT_Z=5.01; daily_ots=32890.6 > thresh=30882.5 (median=4040.6, MAD=1810.5, n=275)"
1585271561336938714,2025-07-19,202845,defender,Аудиотехника,23699.124,10.9184,10.0,"CombinedScore=10.92; OTS_Z=10.92; COUNT_Z=1.28; daily_ots=23699.1 > thresh=21966.4 (median=3100.0, MAD=1272.5, n=38)"
1585271561336939603,2025-07-19,203587,dreame,Малая техника,85413.315,20.2331,10.0,"CombinedScore=20.23; OTS_Z=20.23; COUNT_Z=1.04; daily_ots=85413.3 > thresh=44574.9 (median=4666.7, MAD=2691.8, n=509)"
1585271561337025894,2025-07-19,216181,redmi,Смартфоны,44297.815,11.1554,10.0,"CombinedScore=11.16; OTS_Z=11.16; COUNT_Z=3.04; daily_ots=44297.8 > thresh=40150.5 (median=4256.6, MAD=2421.0, n=4609)"
1585271561337037325,2025-07-19,214544,pampers,Подгузники,44154.702,12.8767,10.0,"CombinedScore=12.88; OTS_Z=12.88; COUNT_Z=7.26; daily_ots=44154.7 > thresh=35283.4 (median=4444.3, MAD=2080.1, n=985)"
1954572816503618427,2025-07-19,207447,honor,Смартфоны,156108.579,40.9545,10.0,"CombinedScore=40.95; OTS_Z=40.95; COUNT_Z=6.46; daily_ots=156108.6 > thresh=41345.0 (median=4270.0, MAD=2500.7, n=4464)"
1954572816503618427,2025-07-19,216181,redmi,Смартфоны,56444.544,14.5395,10.0,"CombinedScore=14.54; OTS_Z=14.54; COUNT_Z=3.80; daily_ots=56444.5 > thresh=40150.5 (median=4256.6, MAD=2421.0, n=4609)"
2386918729101108450,2025-07-19,208375,jbl (аудиотехника),Аудиотехника,41470.009,11.259,10.0,"CombinedScore=11.26; OTS_Z=11.26; COUNT_Z=4.75; daily_ots=41470.0 > thresh=37287.4 (median=4067.2, MAD=2240.7, n=1174)"
2531033574337165035,2025-07-19,216114,realme,Смартфоны,79983.096,19.8242,10.0,"CombinedScore=19.82; OTS_Z=19.82; COUNT_Z=1.26; daily_ots=79983.1 > thresh=42576.5 (median=4500.5, MAD=2568.2, n=3843)"
2531033574337167351,2025-07-19,281079,samsung galaxy,Смартфоны,60578.83,13.6508,10.0,"CombinedScore=13.65; OTS_Z=13.65; COUNT_Z=5.30; daily_ots=60578.8 > thresh=45631.7 (median=4689.4, MAD=2761.6, n=7433)"
3036777244507937536,2025-07-19,204933,felix (корм),Корм для кошек,30891.057,11.7047,10.0,"CombinedScore=11.70; OTS_Z=11.70; COUNT_Z=2.71; daily_ots=30891.1 > thresh=26882.5 (median=3368.5, MAD=1586.0, n=725)"
3891117339130576500,2025-07-19,281079,samsung galaxy,Смартфоны,112334.296,26.2918,10.0,"CombinedScore=26.29; OTS_Z=26.29; COUNT_Z=1.77; daily_ots=112334.3 > thresh=45631.7 (median=4689.4, MAD=2761.6, n=7433)"
5053097653687384960,2025-07-19,205866,garlyn,Малая техника,27597.264,10.3673,10.0,"CombinedScore=10.37; OTS_Z=10.37; COUNT_Z=0.00; daily_ots=27597.3 > thresh=26755.4 (median=3837.2, MAD=1545.8, n=98)"
5116096277414530917,2025-07-19,207943,infinix,Смартфоны,42333.786,11.1217,10.0,"CombinedScore=11.12; OTS_Z=11.12; COUNT_Z=1.42; daily_ots=42333.8 > thresh=38467.1 (median=3995.5, MAD=2325.1, n=1831)"
5116096277414530917,2025-07-19,281079,samsung galaxy,Смартфоны,112890.096,26.4276,10.0,"CombinedScore=26.43; OTS_Z=26.43; COUNT_Z=4.12; daily_ots=112890.1 > thresh=45631.7 (median=4689.4, MAD=2761.6, n=7433)"
6999901611225248000,2025-07-19,217412,sela,Одежда,37310.127,13.2595,10.0,"CombinedScore=13.26; OTS_Z=13.26; COUNT_Z=2.79; daily_ots=37310.1 > thresh=29140.2 (median=4075.5, MAD=1690.6, n=362)"
7071730495301498368,2025-07-19,238974,tecno spark,Смартфоны,43653.976,12.2944,10.0,"CombinedScore=12.29; OTS_Z=12.29; COUNT_Z=0.89; daily_ots=43654.0 > thresh=36237.5 (median=3913.1, MAD=2180.3, n=1254)"
360293909705804759,2025-07-20,238974,tecno spark,Смартфоны,36474.984,10.0735,10.0,"CombinedScore=10.07; OTS_Z=10.07; COUNT_Z=4.45; daily_ots=36475.0 > thresh=36237.5 (median=3913.1, MAD=2180.3, n=1254)"
513422920879685185,2025-07-20,218635,starwind,Крупная техника,30382.368,16.2081,10.0,"CombinedScore=16.21; OTS_Z=16.21; COUNT_Z=2.87; daily_ots=30382.4 > thresh=20014.8 (median=3314.9, MAD=1126.4, n=18)"
1585271561336623843,2025-07-20,199295,bwell,Малая техника,26337.156,15.2509,10.0,"CombinedScore=15.25; OTS_Z=15.25; COUNT_Z=4.13; daily_ots=26337.2 > thresh=18552.0 (median=3725.6, MAD=1000.0, n=16)"
1585271561337024794,2025-07-20,242139,яндекс,Аудиотехника,44183.248,12.193,10.0,"CombinedScore=12.19; OTS_Z=12.19; COUNT_Z=10.91; daily_ots=44183.2 > thresh=36944.9 (median=3938.1, MAD=2226.3, n=2495)"
1585271561337034788,2025-07-20,198484,apple iphone,Смартфоны,57430.464,10.7424,10.0,"CombinedScore=10.74; OTS_Z=10.74; COUNT_Z=0.61; daily_ots=57430.5 > thresh=53838.7 (median=5457.4, MAD=3263.3, n=9860)"
1954572816503618427,2025-07-20,207447,honor,Смартфоны,45654.084,11.1623,10.0,"CombinedScore=11.16; OTS_Z=11.16; COUNT_Z=1.94; daily_ots=45654.1 > thresh=41345.0 (median=4270.0, MAD=2500.7, n=4464)"
2017618760585039891,2025-07-20,281079,samsung galaxy,Смарт-часы и браслеты,44181.212,12.2859,10.0,"CombinedScore=12.29; OTS_Z=12.29; COUNT_Z=2.06; daily_ots=44181.2 > thresh=36694.5 (median=3942.5, MAD=2209.1, n=395)"
2315718326334908096,2025-07-20,200356,blackberry,Смартфоны,28715.232,11.306,10.0,"CombinedScore=11.31; OTS_Z=11.31; COUNT_Z=0.00; daily_ots=28715.2 > thresh=25735.4 (median=2918.7, MAD=1539.0, n=29)"
4476588735011997195,2025-07-20,200894,brother,Малая техника,32171.466,15.1043,10.0,"CombinedScore=15.10; OTS_Z=15.10; COUNT_Z=0.63; daily_ots=32171.5 > thresh=22519.3 (median=3609.4, MAD=1275.5, n=26)"
5197166057798798210,2025-07-20,283181,likato,Средства для умывания и ухода за лицом,44129.766,10.8183,10.0,"CombinedScore=10.82; OTS_Z=10.82; COUNT_Z=2.68; daily_ots=44129.8 > thresh=41149.2 (median=4722.8, MAD=2457.0, n=24)"
6629304165209877635,2025-07-20,221942,xiaomi,Смарт-часы и браслеты,59163.444,17.0413,10.0,"CombinedScore=17.04; OTS_Z=17.04; COUNT_Z=3.94; daily_ots=59163.4 > thresh=36417.1 (median=4113.1, MAD=2178.9, n=862)"
9007204939872883048,2025-07-20,207447,honor,Смартфоны,46627.188,11.4247,10.0,"CombinedScore=11.42; OTS_Z=11.42; COUNT_Z=3.23; daily_ots=46627.2 > thresh=41345.0 (median=4270.0, MAD=2500.7, n=4464)"
1585271561336611199,2025-07-21,216575,roborock,Крупная техника,11462.45,82.033,10.0,"CombinedScore=82.03; OTS_Z=82.03; COUNT_Z=0.00; daily_ots=11462.5 > thresh=2859.9 (median=1665.7, MAD=80.6, n=11)"
1585271561337041337,2025-07-21,199217,award,Корм для собак,27762.598,12.8641,10.0,"CombinedScore=12.86; OTS_Z=12.86; COUNT_Z=1.42; daily_ots=27762.6 > thresh=22449.3 (median=3897.5, MAD=1251.3, n=39)"
1873514497487928217,2025-07-21,213360,new balance,Обувь,44768.34,12.7037,10.0,"CombinedScore=12.70; OTS_Z=12.70; COUNT_Z=0.97; daily_ots=44768.3 > thresh=36096.0 (median=4020.5, MAD=2163.5, n=482)"
1954572816503618427,2025-07-21,207447,honor,Смартфоны,112723.572,29.2525,10.0,"CombinedScore=29.25; OTS_Z=29.25; COUNT_Z=7.76; daily_ots=112723.6 > thresh=41345.0 (median=4270.0, MAD=2500.7, n=4464)"
2233792637557837251,2025-07-21,198484,apple iphone,Смартфоны,62981.416,11.8897,10.0,"CombinedScore=11.89; OTS_Z=11.89; COUNT_Z=4.29; daily_ots=62981.4 > thresh=53838.7 (median=5457.4, MAD=3263.3, n=9860)"
4116938418784426305,2025-07-21,212095,milavitsa,Одежда,36262.722,17.2898,10.0,"CombinedScore=17.29; OTS_Z=17.29; COUNT_Z=2.85; daily_ots=36262.7 > thresh=22371.6 (median=3316.1, MAD=1285.3, n=145)"
4332476184562103680,2025-07-21,206804,haier,Крупная техника,60574.368,18.2994,10.0,"CombinedScore=18.30; OTS_Z=18.30; COUNT_Z=1.37; daily_ots=60574.4 > thresh=34924.6 (median=4019.2, MAD=2084.6, n=729)"
4693319292874423872,2025-07-21,202845,defender,Аудиотехника,23253.676,10.6823,10.0,"CombinedScore=10.68; OTS_Z=10.68; COUNT_Z=3.85; daily_ots=23253.7 > thresh=21966.4 (median=3100.0, MAD=1272.5, n=38)"
5044039385649898752,2025-07-21,236542,ростелеком,Крупная техника,28810.361,29.8268,10.0,"CombinedScore=29.83; OTS_Z=29.83; COUNT_Z=0.00; daily_ots=28810.4 > thresh=11072.1 (median=2125.5, MAD=603.4, n=31)"
5413337214202458699,2025-07-21,200656,bosch,Малая техника,25720.92,10.0752,10.0,"CombinedScore=10.08; OTS_Z=10.08; COUNT_Z=5.58; daily_ots=25720.9 > thresh=25553.8 (median=3334.2, MAD=1498.7, n=255)"
5413337214202458699,2025-07-21,200782,braun,Малая техника,55728.66,20.0363,10.0,"CombinedScore=20.04; OTS_Z=20.04; COUNT_Z=10.06; daily_ots=55728.7 > thresh=29583.7 (median=3533.4, MAD=1757.1, n=297)"
6341074104264850489,2025-07-21,213474,nike,Детские одежда и обувь,28557.865,10.3732,10.0,"CombinedScore=10.37; OTS_Z=10.37; COUNT_Z=0.00; daily_ots=28557.9 > thresh=27651.3 (median=3357.6, MAD=1638.6, n=120)"
6629304165209877571,2025-07-21,197804,aiyima,Аудиотехника,37016.978,23.1263,10.0,"CombinedScore=23.13; OTS_Z=23.13; COUNT_Z=1.95; daily_ots=37017.0 > thresh=17626.6 (median=2854.4, MAD=996.4, n=25)"
6710563242055037760,2025-07-21,216181,redmi,Смартфоны,78935.696,20.8055,10.0,"CombinedScore=20.81; OTS_Z=20.81; COUNT_Z=4.56; daily_ots=78935.7 > thresh=40150.5 (median=4256.6, MAD=2421.0, n=4609)"
7358894033763630339,2025-07-21,215274,polaris (бытовая техника),Малая техника,34230.015,10.3643,10.0,"CombinedScore=10.36; OTS_Z=10.36; COUNT_Z=4.04; daily_ots=34230.0 > thresh=33163.6 (median=3887.0, MAD=1974.7, n=593)"
8430745724812681766,2025-07-21,204459,estel,Краски для волос,55454.724,16.7723,10.0,"CombinedScore=16.77; OTS_Z=16.77; COUNT_Z=2.80; daily_ots=55454.7 > thresh=34785.8 (median=4265.9, MAD=2058.6, n=412)"
8727990074356778752,2025-07-21,221229,vivo (электроника),Смартфоны,60466.847,13.8259,10.0,"CombinedScore=13.83; OTS_Z=13.83; COUNT_Z=4.68; daily_ots=60466.8 > thresh=45028.8 (median=4677.5, MAD=2721.7, n=1154)"
1585271561336650970,2025-07-22,216268,remez,Малая техника,28692.384,12.7013,10.0,"CombinedScore=12.70; OTS_Z=12.70; COUNT_Z=4.16; daily_ots=28692.4 > thresh=23180.9 (median=2778.0, MAD=1376.2, n=23)"
1585271561336987845,2025-07-22,216181,redmi,Смартфоны,49002.112,12.4661,10.0,"CombinedScore=12.47; OTS_Z=12.47; COUNT_Z=2.28; daily_ots=49002.1 > thresh=40150.5 (median=4256.6, MAD=2421.0, n=4609)"
1585271561337012029,2025-07-22,216800,royal clima,Крупная техника,33548.576,10.5579,10.0,"CombinedScore=10.56; OTS_Z=10.56; COUNT_Z=0.00; daily_ots=33548.6 > thresh=31948.2 (median=3264.7, MAD=1934.7, n=23)"
1666343015431464640,2025-07-22,207543,huawei,Смартфоны,56505.594,17.023,10.0,"CombinedScore=17.02; OTS_Z=17.02; COUNT_Z=0.76; daily_ots=56505.6 > thresh=34773.1 (median=3828.5, MAD=2087.2, n=1984)"
3037129187761925376,2025-07-22,220610,us polo assn,Одежда,34347.308,13.1835,10.0,"CombinedScore=13.18; OTS_Z=13.18; COUNT_Z=2.60; daily_ots=34347.3 > thresh=26968.0 (median=3787.7, MAD=1563.5, n=61)"
4764817325728903810,2025-07-22,214544,pampers,Подгузники,41181.958,11.9127,10.0,"CombinedScore=11.91; OTS_Z=11.91; COUNT_Z=1.45; daily_ots=41182.0 > thresh=35283.4 (median=4444.3, MAD=2080.1, n=985)"
5764614858704116547,2025-07-22,207543,huawei,Смартфоны,40431.67,11.8286,10.0,"CombinedScore=11.83; OTS_Z=11.83; COUNT_Z=3.04; daily_ots=40431.7 > thresh=34773.1 (median=3828.5, MAD=2087.2, n=1984)"
6629304165209877571,2025-07-22,202964,denon,Аудиотехника,38664.894,10.2307,10.0,"CombinedScore=10.23; OTS_Z=10.23; COUNT_Z=0.76; daily_ots=38664.9 > thresh=37875.7 (median=3672.4, MAD=2307.0, n=46)"
6629304165209877571,2025-07-22,216181,redmi,Смартфоны,173992.023,47.2881,10.0,"CombinedScore=47.29; OTS_Z=47.29; COUNT_Z=6.08; daily_ots=173992.0 > thresh=40150.5 (median=4256.6, MAD=2421.0, n=4609)"
7143550849188499200,2025-07-22,197548,asics,Обувь,52763.28,13.3449,10.0,"CombinedScore=13.34; OTS_Z=13.34; COUNT_Z=3.23; daily_ots=52763.3 > thresh=40678.3 (median=4548.6, MAD=2436.9, n=512)"
8430745724812681766,2025-07-22,207943,infinix,Смартфоны,113011.196,31.6249,10.0,"CombinedScore=31.62; OTS_Z=31.62; COUNT_Z=2.13; daily_ots=113011.2 > thresh=38467.1 (median=3995.5, MAD=2325.1, n=1831)"
9007204939872883266,2025-07-22,207943,infinix,Смартфоны,41837.622,10.9778,10.0,"CombinedScore=10.98; OTS_Z=10.98; COUNT_Z=3.56; daily_ots=41837.6 > thresh=38467.1 (median=3995.5, MAD=2325.1, n=1831)"
792639191900656652,2025-07-23,214973,philips,Малая техника,46301.812,10.5958,10.0,"CombinedScore=10.60; OTS_Z=10.60; COUNT_Z=0.56; daily_ots=46301.8 > thresh=43979.5 (median=5000.9, MAD=2629.1, n=702)"
1297043019275485478,2025-07-23,369276,iqoo,Смартфоны,142407.895,40.5696,10.0,"CombinedScore=40.57; OTS_Z=40.57; COUNT_Z=4.39; daily_ots=142407.9 > thresh=38107.0 (median=3987.8, MAD=2301.3, n=858)"
1585271561336615624,2025-07-23,211475,maskoholic,Средства для умывания и ухода за лицом,27369.176,11.1373,10.0,"CombinedScore=11.14; OTS_Z=11.14; COUNT_Z=4.09; daily_ots=27369.2 > thresh=25008.2 (median=4249.1, MAD=1400.2, n=25)"
1585271561336912413,2025-07-23,207447,honor,Смартфоны,95196.625,24.5251,10.0,"CombinedScore=24.53; OTS_Z=24.53; COUNT_Z=2.59; daily_ots=95196.6 > thresh=41345.0 (median=4270.0, MAD=2500.7, n=4464)"
1585271561336950095,2025-07-23,214393,oukitel,Смартфоны,31892.878,11.105,10.0,"CombinedScore=11.10; OTS_Z=11.10; COUNT_Z=1.01; daily_ots=31892.9 > thresh=29034.8 (median=3169.0, MAD=1744.6, n=265)"
1585271561337012029,2025-07-23,206416,gorenje,Крупная техника,33381.696,11.0649,10.0,"CombinedScore=11.06; OTS_Z=11.06; COUNT_Z=0.00; daily_ots=33381.7 > thresh=30537.5 (median=3829.3, MAD=1801.5, n=318)"
1585271561337012029,2025-07-23,212685,moser,Малая техника,33381.696,16.1488,10.0,"CombinedScore=16.15; OTS_Z=16.15; COUNT_Z=0.00; daily_ots=33381.7 > thresh=21915.3 (median=3267.0, MAD=1257.8, n=24)"
3036135594203998528,2025-07-23,215234,poco,Смартфоны,92651.22,22.7484,10.0,"CombinedScore=22.75; OTS_Z=22.75; COUNT_Z=10.84; daily_ots=92651.2 > thresh=43228.0 (median=4459.8, MAD=2614.9, n=3221)"
3539841610578591425,2025-07-23,198504,apple watch,Смарт-часы и браслеты,48284.476,15.7618,10.0,"CombinedScore=15.76; OTS_Z=15.76; COUNT_Z=1.03; daily_ots=48284.5 > thresh=32006.2 (median=3753.9, MAD=1905.6, n=323)"
4406223391538753408,2025-07-23,198151,amazfit,Смарт-часы и браслеты,55857.0,17.5465,10.0,"CombinedScore=17.55; OTS_Z=17.55; COUNT_Z=1.43; daily_ots=55857.0 > thresh=33627.7 (median=4171.3, MAD=1986.8, n=262)"
5908730160197041621,2025-07-23,215234,poco,Смартфоны,84696.48,20.6965,10.0,"CombinedScore=20.70; OTS_Z=20.70; COUNT_Z=4.56; daily_ots=84696.5 > thresh=43228.0 (median=4459.8, MAD=2614.9, n=3221)"
6629304165209877571,2025-07-23,202964,denon,Аудиотехника,78347.144,21.8326,10.0,"CombinedScore=21.83; OTS_Z=21.83; COUNT_Z=2.29; daily_ots=78347.1 > thresh=37875.7 (median=3672.4, MAD=2307.0, n=46)"
6629304165209877571,2025-07-23,215085,pioneer,Аудиотехника,137107.502,32.0441,10.0,"CombinedScore=32.04; OTS_Z=32.04; COUNT_Z=6.75; daily_ots=137107.5 > thresh=45876.8 (median=4491.3, MAD=2791.5, n=84)"
6629304165209878003,2025-07-23,197627,adidas,Обувь,33719.07,10.0457,10.0,"CombinedScore=10.05; OTS_Z=10.05; COUNT_Z=1.35; daily_ots=33719.1 > thresh=33583.1 (median=3846.3, MAD=2005.7, n=1525)"
6999901611225248000,2025-07-23,216268,remez,Малая техника,24330.004,10.5632,10.0,"CombinedScore=10.56; OTS_Z=10.56; COUNT_Z=2.08; daily_ots=24330.0 > thresh=23180.9 (median=2778.0, MAD=1376.2, n=23)"
7214778464155601536,2025-07-23,217866,singer,Малая техника,23977.08,14.1398,10.0,"CombinedScore=14.14; OTS_Z=14.14; COUNT_Z=0.00; daily_ots=23977.1 > thresh=17881.8 (median=3157.9, MAD=993.1, n=66)"
7421939452518497488,2025-07-23,198484,apple iphone,Смартфоны,66677.772,12.6537,10.0,"CombinedScore=12.65; OTS_Z=12.65; COUNT_Z=3.68; daily_ots=66677.8 > thresh=53838.7 (median=5457.4, MAD=3263.3, n=9860)"
9019569075740289,2025-07-24,216181,redmi,Смартфоны,88665.447,23.5162,10.0,"CombinedScore=23.52; OTS_Z=23.52; COUNT_Z=9.11; daily_ots=88665.4 > thresh=40150.5 (median=4256.6, MAD=2421.0, n=4609)"
153131660580731456,2025-07-24,213937,off white,Одежда,9690.483,10.2181,10.0,"CombinedScore=10.22; OTS_Z=10.22; COUNT_Z=5.78; daily_ots=9690.5 > thresh=9535.4 (median=2425.8, MAD=479.5, n=62)"
802341714711045824,2025-07-24,217082,samsung,Малая техника,35628.6,10.8875,10.0,"CombinedScore=10.89; OTS_Z=10.89; COUNT_Z=7.02; daily_ots=35628.6 > thresh=33029.7 (median=3746.9, MAD=1975.1, n=205)"
1306055321721055829,2025-07-24,213937,off white,Одежда,10697.046,11.6339,10.0,"CombinedScore=11.63; OTS_Z=11.63; COUNT_Z=0.00; daily_ots=10697.0 > thresh=9535.4 (median=2425.8, MAD=479.5, n=62)"
1369101347001709768,2025-07-24,281079,samsung galaxy,Смартфоны,58576.856,13.1618,10.0,"CombinedScore=13.16; OTS_Z=13.16; COUNT_Z=1.77; daily_ots=58576.9 > thresh=45631.7 (median=4689.4, MAD=2761.6, n=7433)"
1585271561336714584,2025-07-24,242139,яндекс,Аудиотехника,47728.696,13.2671,10.0,"CombinedScore=13.27; OTS_Z=13.27; COUNT_Z=2.18; daily_ots=47728.7 > thresh=36944.9 (median=3938.1, MAD=2226.3, n=2495)"
1585271561336939603,2025-07-24,213067,nestle nan,Детское питание,81552.024,19.4182,10.0,"CombinedScore=19.42; OTS_Z=19.42; COUNT_Z=2.67; daily_ots=81552.0 > thresh=44492.0 (median=5142.7, MAD=2654.1, n=230)"
1585271561336999191,2025-07-24,222282,zanussi,Крупная техника,45255.504,16.2272,10.0,"CombinedScore=16.23; OTS_Z=16.23; COUNT_Z=3.36; daily_ots=45255.5 > thresh=29463.6 (median=4103.9, MAD=1710.5, n=69)"
1585271561337041337,2025-07-24,216114,realme,Смартфоны,54632.076,13.1662,10.0,"CombinedScore=13.17; OTS_Z=13.17; COUNT_Z=1.89; daily_ots=54632.1 > thresh=42576.5 (median=4500.5, MAD=2568.2, n=3843)"
2738194092690289068,2025-07-24,198484,apple iphone,Смартфоны,108736.796,21.347,10.0,"CombinedScore=21.35; OTS_Z=21.35; COUNT_Z=1.84; daily_ots=108736.8 > thresh=53838.7 (median=5457.4, MAD=3263.3, n=9860)"
3098482975285223429,2025-07-24,281079,samsung galaxy,Смартфоны,72455.04,16.5515,10.0,"CombinedScore=16.55; OTS_Z=16.55; COUNT_Z=32.39; daily_ots=72455.0 > thresh=45631.7 (median=4689.4, MAD=2761.6, n=7433)"
5269225437896844992,2025-07-24,207943,infinix,Смартфоны,42030.822,11.0338,10.0,"CombinedScore=11.03; OTS_Z=11.03; COUNT_Z=3.56; daily_ots=42030.8 > thresh=38467.1 (median=3995.5, MAD=2325.1, n=1831)"
5629511854270500800,2025-07-24,240354,фрутоняня,Детское питание,81552.597,28.8446,10.0,"CombinedScore=28.84; OTS_Z=28.84; COUNT_Z=3.58; daily_ots=81552.6 > thresh=30971.5 (median=4130.2, MAD=1810.4, n=485)"
5845683690814372429,2025-07-24,221831,world vision,Крупная техника,39498.46,16.2673,10.0,"CombinedScore=16.27; OTS_Z=16.27; COUNT_Z=2.03; daily_ots=39498.5 > thresh=25154.4 (median=2267.1, MAD=1543.7, n=13)"
6629304165209876826,2025-07-24,218466,splat,Малая техника,51303.602,15.3435,10.0,"CombinedScore=15.34; OTS_Z=15.34; COUNT_Z=0.67; daily_ots=51303.6 > thresh=34813.6 (median=3953.6, MAD=2081.5, n=2)"
7000147901829877888,2025-07-24,198476,apple airpods,Аудиотехника,58825.023,13.9097,10.0,"CombinedScore=13.91; OTS_Z=13.91; COUNT_Z=1.77; daily_ots=58825.0 > thresh=43568.0 (median=4544.8, MAD=2632.1, n=531)"
7719181970776507008,2025-07-24,199833,beko,Крупная техника,76128.48,21.3093,10.0,"CombinedScore=21.31; OTS_Z=21.31; COUNT_Z=6.90; daily_ots=76128.5 > thresh=38009.2 (median=4303.1, MAD=2273.5, n=312)"
8286630956996229888,2025-07-24,220328,tuvio,Малая техника,44395.796,12.7091,10.0,"CombinedScore=12.71; OTS_Z=12.71; COUNT_Z=2.92; daily_ots=44395.8 > thresh=35875.8 (median=4426.0, MAD=2121.3, n=152)"
8295643071445386113,2025-07-24,213887,obba,Обувь,24841.727,10.4839,10.0,"CombinedScore=10.48; OTS_Z=10.48; COUNT_Z=0.00; daily_ots=24841.7 > thresh=23854.5 (median=3451.1, MAD=1376.2, n=231)"
8430745724812681766,2025-07-24,207943,infinix,Смартфоны,77692.976,21.3792,10.0,"CombinedScore=21.38; OTS_Z=21.38; COUNT_Z=2.13; daily_ots=77693.0 > thresh=38467.1 (median=3995.5, MAD=2325.1, n=1831)"
576467810957597286,2025-07-25,216181,redmi,Смартфоны,54802.08,14.0819,10.0,"CombinedScore=14.08; OTS_Z=14.08; COUNT_Z=6.08; daily_ots=54802.1 > thresh=40150.5 (median=4256.6, MAD=2421.0, n=4609)"
945767174589347532,2025-07-25,198484,apple iphone,Смартфоны,60717.644,11.4218,10.0,"CombinedScore=11.42; OTS_Z=11.42; COUNT_Z=1.84; daily_ots=60717.6 > thresh=53838.7 (median=5457.4, MAD=3263.3, n=9860)"
1585271561336939603,2025-07-25,213067,nestle nan,Детское питание,55073.986,12.6892,10.0,"CombinedScore=12.69; OTS_Z=12.69; COUNT_Z=1.33; daily_ots=55074.0 > thresh=44492.0 (median=5142.7, MAD=2654.1, n=230)"
1585271561336994742,2025-07-25,207447,honor,Смартфоны,55489.343,13.8151,10.0,"CombinedScore=13.82; OTS_Z=13.82; COUNT_Z=3.88; daily_ots=55489.3 > thresh=41345.0 (median=4270.0, MAD=2500.7, n=4464)"
2387572825029727232,2025-07-25,207447,honor,Смартфоны,41726.466,10.1029,10.0,"CombinedScore=10.10; OTS_Z=10.10; COUNT_Z=1.29; daily_ots=41726.5 > thresh=41345.0 (median=4270.0, MAD=2500.7, n=4464)"
2738194092690289068,2025-07-25,198484,apple iphone,Смартфоны,110148.988,21.6389,10.0,"CombinedScore=21.64; OTS_Z=21.64; COUNT_Z=1.84; daily_ots=110149.0 > thresh=53838.7 (median=5457.4, MAD=3263.3, n=9860)"
4764817325728904706,2025-07-25,211419,marshall (электроника),Аудиотехника,58685.406,13.6147,10.0,"CombinedScore=13.61; OTS_Z=13.61; COUNT_Z=0.00; daily_ots=58685.4 > thresh=44253.0 (median=4326.2, MAD=2693.1, n=199)"
4980991965168188033,2025-07-25,207543,huawei,Смартфоны,39344.337,11.4772,10.0,"CombinedScore=11.48; OTS_Z=11.48; COUNT_Z=1.52; daily_ots=39344.3 > thresh=34773.1 (median=3828.5, MAD=2087.2, n=1984)"
5404326610889164485,2025-07-25,219306,tcl (техника),Крупная техника,39326.07,11.425,10.0,"CombinedScore=11.42; OTS_Z=11.42; COUNT_Z=4.70; daily_ots=39326.1 > thresh=34879.3 (median=3673.6, MAD=2104.8, n=372)"
6205969366230461440,2025-07-25,213474,nike,Одежда,53478.105,15.2986,10.0,"CombinedScore=15.30; OTS_Z=15.30; COUNT_Z=4.19; daily_ots=53478.1 > thresh=36294.6 (median=3864.3, MAD=2187.4, n=707)"
6629304165209876489,2025-07-25,219647,thermex,Крупная техника,29836.44,12.0677,10.0,"CombinedScore=12.07; OTS_Z=12.07; COUNT_Z=7.71; daily_ots=29836.4 > thresh=25267.8 (median=3172.4, MAD=1490.3, n=133)"
6927737971451443776,2025-07-25,197627,adidas,Обувь,65865.964,20.8562,10.0,"CombinedScore=20.86; OTS_Z=20.86; COUNT_Z=2.03; daily_ots=65866.0 > thresh=33583.1 (median=3846.3, MAD=2005.7, n=1525)"
6927737971451443776,2025-07-25,213474,nike,Обувь,115265.437,29.596,10.0,"CombinedScore=29.60; OTS_Z=29.60; COUNT_Z=3.59; daily_ots=115265.4 > thresh=41879.1 (median=4429.4, MAD=2526.0, n=1795)"
7719182053721744961,2025-07-25,281079,samsung galaxy,Смартфоны,53118.447,11.8286,10.0,"CombinedScore=11.83; OTS_Z=11.83; COUNT_Z=1.18; daily_ots=53118.4 > thresh=45631.7 (median=4689.4, MAD=2761.6, n=7433)"
576467810957597286,2025-07-26,216181,redmi,Смартфоны,48961.23,12.4547,10.0,"CombinedScore=12.45; OTS_Z=12.45; COUNT_Z=6.83; daily_ots=48961.2 > thresh=40150.5 (median=4256.6, MAD=2421.0, n=4609)"
1513216533926154380,2025-07-26,222958,аксион,Малая техника,55337.835,19.2572,10.0,"CombinedScore=19.26; OTS_Z=19.26; COUNT_Z=2.94; daily_ots=55337.8 > thresh=30519.9 (median=3710.5, MAD=1808.3, n=26)"
1585271561336771633,2025-07-26,210322,lg,Крупная техника,56433.584,18.5074,10.0,"CombinedScore=18.51; OTS_Z=18.51; COUNT_Z=5.96; daily_ots=56433.6 > thresh=32222.6 (median=3764.0, MAD=1919.5, n=942)"
1585271561337024703,2025-07-26,220140,trek,Обувь,10862.28,11.493,10.0,"CombinedScore=11.49; OTS_Z=11.49; COUNT_Z=4.48; daily_ots=10862.3 > thresh=10125.3 (median=5189.2, MAD=332.9, n=19)"
2676102810245518080,2025-07-26,216181,redmi,Смартфоны,137944.92,37.2454,10.0,"CombinedScore=37.25; OTS_Z=37.25; COUNT_Z=3.80; daily_ots=137944.9 > thresh=40150.5 (median=4256.6, MAD=2421.0, n=4609)"
2738194092690289034,2025-07-26,216181,redmi,Смартфоны,97778.349,26.0551,10.0,"CombinedScore=26.06; OTS_Z=26.06; COUNT_Z=6.08; daily_ots=97778.3 > thresh=40150.5 (median=4256.6, MAD=2421.0, n=4609)"
3674945297996420289,2025-07-26,224020,atlant (бытовая техника),Крупная техника,31763.822,10.2713,10.0,"CombinedScore=10.27; OTS_Z=10.27; COUNT_Z=0.87; daily_ots=31763.8 > thresh=31022.1 (median=3679.2, MAD=1844.3, n=361)"
3963175088006360577,2025-07-26,213474,nike,Одежда,43277.508,12.1532,10.0,"CombinedScore=12.15; OTS_Z=12.15; COUNT_Z=2.09; daily_ots=43277.5 > thresh=36294.6 (median=3864.3, MAD=2187.4, n=707)"
6566258848326416286,2025-07-26,216575,roborock,Крупная техника,3592.152,16.1313,10.0,"CombinedScore=16.13; OTS_Z=16.13; COUNT_Z=0.00; daily_ots=3592.2 > thresh=2859.9 (median=1665.7, MAD=80.6, n=11)"
6566261173957204096,2025-07-26,221223,vivienne sabo,Макияж для губ,67207.218,18.9634,10.0,"CombinedScore=18.96; OTS_Z=18.96; COUNT_Z=5.80; daily_ots=67207.2 > thresh=37552.1 (median=4467.3, MAD=2231.6, n=105)"
7430951296027747843,2025-07-26,207447,honor,Смартфоны,48806.304,12.0125,10.0,"CombinedScore=12.01; OTS_Z=12.01; COUNT_Z=4.52; daily_ots=48806.3 > thresh=41345.0 (median=4270.0, MAD=2500.7, n=4464)"
8367700483004796672,2025-07-26,217763,siemens,Смартфоны,50338.014,12.8036,10.0,"CombinedScore=12.80; OTS_Z=12.80; COUNT_Z=1.41; daily_ots=50338.0 > thresh=40195.2 (median=4017.9, MAD=2440.2, n=50)"
8430745724812681766,2025-07-26,207943,infinix,Смартфоны,54394.365,14.6204,10.0,"CombinedScore=14.62; OTS_Z=14.62; COUNT_Z=1.42; daily_ots=54394.4 > thresh=38467.1 (median=3995.5, MAD=2325.1, n=1831)"
4844634155853,2025-07-27,203935,edifier,Аудиотехника,58740.225,12.7666,10.0,"CombinedScore=12.77; OTS_Z=12.77; COUNT_Z=1.47; daily_ots=58740.2 > thresh=47058.7 (median=4835.6, MAD=2848.0, n=106)"
432351254888983589,2025-07-27,216353,retekess,Аудиотехника,60856.242,22.1732,10.0,"CombinedScore=22.17; OTS_Z=22.17; COUNT_Z=0.67; daily_ots=60856.2 > thresh=28927.9 (median=2699.6, MAD=1769.1, n=12)"
1585271561336866220,2025-07-27,210322,lg,Крупная техника,35079.024,11.0037,10.0,"CombinedScore=11.00; OTS_Z=11.00; COUNT_Z=2.55; daily_ots=35079.0 > thresh=32222.6 (median=3764.0, MAD=1919.5, n=942)"
1585271561336926023,2025-07-27,209227,kitfort,Малая техника,32049.531,10.0237,10.0,"CombinedScore=10.02; OTS_Z=10.02; COUNT_Z=9.95; daily_ots=32049.5 > thresh=31982.8 (median=3853.5, MAD=1897.3, n=830)"
1585271561336979665,2025-07-27,207543,huawei,Смарт-часы и браслеты,46480.105,13.0046,10.0,"CombinedScore=13.00; OTS_Z=13.00; COUNT_Z=4.15; daily_ots=46480.1 > thresh=36711.3 (median=4198.1, MAD=2193.0, n=956)"
2233791780476071135,2025-07-27,204459,estel,Средства для волос,72945.186,24.2863,10.0,"CombinedScore=24.29; OTS_Z=24.29; COUNT_Z=6.40; daily_ots=72945.2 > thresh=32381.2 (median=3987.6, MAD=1915.2, n=471)"
2676102810245518080,2025-07-27,207447,honor,Смартфоны,71609.715,18.1631,10.0,"CombinedScore=18.16; OTS_Z=18.16; COUNT_Z=1.29; daily_ots=71609.7 > thresh=41345.0 (median=4270.0, MAD=2500.7, n=4464)"
2676102810245518080,2025-07-27,216181,redmi,Смартфоны,190959.24,52.0152,10.0,"CombinedScore=52.02; OTS_Z=52.02; COUNT_Z=5.32; daily_ots=190959.2 > thresh=40150.5 (median=4256.6, MAD=2421.0, n=4609)"
2738194092690289068,2025-07-27,212359,mixit,Средства для волос,55485.516,17.6988,10.0,"CombinedScore=17.70; OTS_Z=17.70; COUNT_Z=2.18; daily_ots=55485.5 > thresh=33159.4 (median=4160.0, MAD=1956.0, n=262)"
2738194092690289087,2025-07-27,198484,apple iphone,Смартфоны,152160.312,30.3223,10.0,"CombinedScore=30.32; OTS_Z=30.32; COUNT_Z=1.23; daily_ots=152160.3 > thresh=53838.7 (median=5457.4, MAD=3263.3, n=9860)"
2810253572328672833,2025-07-27,198484,apple iphone,Смартфоны,64944.522,12.2955,10.0,"CombinedScore=12.30; OTS_Z=12.30; COUNT_Z=3.07; daily_ots=64944.5 > thresh=53838.7 (median=5457.4, MAD=3263.3, n=9860)"
4332476682224605632,2025-07-27,207943,infinix,Смартфоны,84920.589,23.4759,10.0,"CombinedScore=23.48; OTS_Z=23.48; COUNT_Z=8.54; daily_ots=84920.6 > thresh=38467.1 (median=3995.5, MAD=2325.1, n=1831)"
5764615010830211364,2025-07-27,216181,redmi,Смартфоны,70157.388,18.3599,10.0,"CombinedScore=18.36; OTS_Z=18.36; COUNT_Z=1.52; daily_ots=70157.4 > thresh=40150.5 (median=4256.6, MAD=2421.0, n=4609)"
5989801510985421761,2025-07-27,198484,apple iphone,Смартфоны,79609.926,15.3267,10.0,"CombinedScore=15.33; OTS_Z=15.33; COUNT_Z=6.13; daily_ots=79609.9 > thresh=53838.7 (median=5457.4, MAD=3263.3, n=9860)"
6341072931965192431,2025-07-27,221535,weissgauff,Крупная техника,67657.338,21.3655,10.0,"CombinedScore=21.37; OTS_Z=21.37; COUNT_Z=4.27; daily_ots=67657.3 > thresh=33757.1 (median=3929.9, MAD=2011.8, n=227)"
6566258848326419843,2025-07-27,215085,pioneer,Аудиотехника,74620.824,16.9454,10.0,"CombinedScore=16.95; OTS_Z=16.95; COUNT_Z=2.25; daily_ots=74620.8 > thresh=45876.8 (median=4491.3, MAD=2791.5, n=84)"
7421939325345059009,2025-07-27,216114,realme,Смартфоны,83228.274,20.6765,10.0,"CombinedScore=20.68; OTS_Z=20.68; COUNT_Z=1.26; daily_ots=83228.3 > thresh=42576.5 (median=4500.5, MAD=2568.2, n=3843)"
8430745724812681766,2025-07-27,207943,infinix,Смартфоны,43583.912,11.4844,10.0,"CombinedScore=11.48; OTS_Z=11.48; COUNT_Z=0.71; daily_ots=43583.9 > thresh=38467.1 (median=3995.5, MAD=2325.1, n=1831)"
8511817191720792833,2025-07-27,198484,apple iphone,Смартфоны,112544.995,22.1341,10.0,"CombinedScore=22.13; OTS_Z=22.13; COUNT_Z=2.45; daily_ots=112545.0 > thresh=53838.7 (median=5457.4, MAD=3263.3, n=9860)"
1369101347001709768,2025-07-28,281079,samsung galaxy,Смартфоны,47244.676,10.394,10.0,"CombinedScore=10.39; OTS_Z=10.39; COUNT_Z=1.77; daily_ots=47244.7 > thresh=45631.7 (median=4689.4, MAD=2761.6, n=7433)"
1585271561336901830,2025-07-28,198484,apple iphone,Смартфоны,204499.38,41.1403,10.0,"CombinedScore=41.14; OTS_Z=41.14; COUNT_Z=6.75; daily_ots=204499.4 > thresh=53838.7 (median=5457.4, MAD=3263.3, n=9860)"
1585271561336939603,2025-07-28,208353,jarvi elaman,Корм для кошек,27032.607,12.7195,10.0,"CombinedScore=12.72; OTS_Z=12.72; COUNT_Z=0.00; daily_ots=27032.6 > thresh=21788.3 (median=2504.5, MAD=1300.7, n=58)"
1585271561337045121,2025-07-28,204459,estel,Средства для волос,48380.214,15.6347,10.0,"CombinedScore=15.63; OTS_Z=15.63; COUNT_Z=1.28; daily_ots=48380.2 > thresh=32381.2 (median=3987.6, MAD=1915.2, n=471)"
1729388589032331985,2025-07-28,200854,brit,Корм для кошек,37435.935,12.1746,10.0,"CombinedScore=12.17; OTS_Z=12.17; COUNT_Z=3.58; daily_ots=37435.9 > thresh=31368.0 (median=3463.8, MAD=1882.1, n=74)"
4476589022556912768,2025-07-28,215234,poco,Смартфоны,59169.76,14.1121,10.0,"CombinedScore=14.11; OTS_Z=14.11; COUNT_Z=3.99; daily_ots=59169.8 > thresh=43228.0 (median=4459.8, MAD=2614.9, n=3221)"
4693319292874423872,2025-07-28,218635,starwind,Малая техника,34934.094,11.7462,10.0,"CombinedScore=11.75; OTS_Z=11.75; COUNT_Z=5.70; daily_ots=34934.1 > thresh=30229.9 (median=3289.6, MAD=1817.1, n=48)"
5044039385649898752,2025-07-28,205014,fiero,Аудиотехника,162196.218,54.4165,10.0,"CombinedScore=54.42; OTS_Z=54.42; COUNT_Z=4.29; daily_ots=162196.2 > thresh=32213.5 (median=2949.0, MAD=1973.9, n=74)"
5044039385649898752,2025-07-28,208375,jbl (аудиотехника),Аудиотехника,81098.109,23.1879,10.0,"CombinedScore=23.19; OTS_Z=23.19; COUNT_Z=1.58; daily_ots=81098.1 > thresh=37287.4 (median=4067.2, MAD=2240.7, n=1174)"
5413337214202462653,2025-07-28,198484,apple iphone,Смартфоны,86006.596,16.6488,10.0,"CombinedScore=16.65; OTS_Z=16.65; COUNT_Z=0.61; daily_ots=86006.6 > thresh=53838.7 (median=5457.4, MAD=3263.3, n=9860)"
6133915128677068544,2025-07-28,362312,реалкосметикс,Товары для ухода за телом,25964.733,12.777,10.0,"CombinedScore=12.78; OTS_Z=12.78; COUNT_Z=0.00; daily_ots=25964.7 > thresh=20977.7 (median=3019.6, MAD=1211.3, n=13)"
6196958805535046283,2025-07-28,212438,modis,Одежда,61974.024,21.4922,10.0,"CombinedScore=21.49; OTS_Z=21.49; COUNT_Z=3.45; daily_ots=61974.0 > thresh=31052.0 (median=4145.1, MAD=1814.9, n=54)"
6196958805535046283,2025-07-28,221779,wonder lab,Товары для стирки,30987.012,10.6869,10.0,"CombinedScore=10.69; OTS_Z=10.69; COUNT_Z=0.00; daily_ots=30987.0 > thresh=29237.2 (median=3764.2, MAD=1718.2, n=21)"
6999901611225248000,2025-07-28,200628,bork,Малая техника,73750.47,24.4999,10.0,"CombinedScore=24.50; OTS_Z=24.50; COUNT_Z=5.76; daily_ots=73750.5 > thresh=32217.0 (median=3573.0, MAD=1932.0, n=110)"
7782225973962771544,2025-07-28,203471,дав,Средства для мытья и ухода за руками,22693.401,12.1422,10.0,"CombinedScore=12.14; OTS_Z=12.14; COUNT_Z=3.87; daily_ots=22693.4 > thresh=19177.1 (median=2762.7, MAD=1107.2, n=97)"
81077505949385027,2025-07-29,206634,grizzly,Детские одежда и обувь,41773.906,23.7133,10.0,"CombinedScore=23.71; OTS_Z=23.71; COUNT_Z=0.00; daily_ots=41773.9 > thresh=19956.6 (median=4047.0, MAD=1073.1, n=25)"
81077505949385027,2025-07-29,214718,patrol,Обувь,41773.906,25.7333,10.0,"CombinedScore=25.73; OTS_Z=25.73; COUNT_Z=0.00; daily_ots=41773.9 > thresh=18146.9 (median=3129.8, MAD=1012.9, n=54)"
81077505949385027,2025-07-29,221942,xiaomi,Смартфоны,41773.906,10.6075,10.0,"CombinedScore=10.61; OTS_Z=10.61; COUNT_Z=0.00; daily_ots=41773.9 > thresh=39628.5 (median=4310.7, MAD=2382.2, n=3163)"
1233998501833434304,2025-07-29,204459,estel,Краски для волос,77361.39,23.9501,10.0,"CombinedScore=23.95; OTS_Z=23.95; COUNT_Z=3.74; daily_ots=77361.4 > thresh=34785.8 (median=4265.9, MAD=2058.6, n=412)"
1522327548243721536,2025-07-29,198484,apple iphone,Смартфоны,88010.412,17.063,10.0,"CombinedScore=17.06; OTS_Z=17.06; COUNT_Z=1.84; daily_ots=88010.4 > thresh=53838.7 (median=5457.4, MAD=3263.3, n=9860)"
1522327548243721536,2025-07-29,213703,nothing,Смартфоны,66007.809,16.1475,10.0,"CombinedScore=16.15; OTS_Z=16.15; COUNT_Z=2.10; daily_ots=66007.8 > thresh=42612.2 (median=4555.4, MAD=2566.9, n=276)"
1585271561336684477,2025-07-29,207543,huawei,Смарт-часы и браслеты,38107.97,10.4296,10.0,"CombinedScore=10.43; OTS_Z=10.43; COUNT_Z=2.76; daily_ots=38108.0 > thresh=36711.3 (median=4198.1, MAD=2193.0, n=956)"
1585271561336714584,2025-07-29,215963,ralf ringer,Обувь,35598.735,13.9489,10.0,"CombinedScore=13.95; OTS_Z=13.95; COUNT_Z=3.07; daily_ots=35598.7 > thresh=26449.3 (median=3279.6, MAD=1562.8, n=180)"
1585271561336901830,2025-07-29,207943,infinix,Смартфоны,50318.445,13.438,10.0,"CombinedScore=13.44; OTS_Z=13.44; COUNT_Z=1.42; daily_ots=50318.4 > thresh=38467.1 (median=3995.5, MAD=2325.1, n=1831)"
1585271561337003723,2025-07-29,216181,redmi,Смартфоны,54511.206,14.0009,10.0,"CombinedScore=14.00; OTS_Z=14.00; COUNT_Z=0.76; daily_ots=54511.2 > thresh=40150.5 (median=4256.6, MAD=2421.0, n=4609)"
1585271561337010551,2025-07-29,197397,7days (косметика),Макияж для глаз,31592.616,11.2569,10.0,"CombinedScore=11.26; OTS_Z=11.26; COUNT_Z=3.27; daily_ots=31592.6 > thresh=28464.9 (median=3581.2, MAD=1678.4, n=10)"
1585271561337026298,2025-07-29,203587,dreame,Малая техника,64971.536,15.1109,10.0,"CombinedScore=15.11; OTS_Z=15.11; COUNT_Z=3.63; daily_ots=64971.5 > thresh=44574.9 (median=4666.7, MAD=2691.8, n=509)"
2305848744076622405,2025-07-29,205023,fifine,Аудиотехника,91294.524,12.409,10.0,"CombinedScore=12.41; OTS_Z=12.41; COUNT_Z=2.94; daily_ots=91294.5 > thresh=75072.0 (median=7729.1, MAD=4542.3, n=111)"
2676102810245518080,2025-07-29,216181,redmi,Смартфоны,93956.092,24.9902,10.0,"CombinedScore=24.99; OTS_Z=24.99; COUNT_Z=2.28; daily_ots=93956.1 > thresh=40150.5 (median=4256.6, MAD=2421.0, n=4609)"
3819059905448883660,2025-07-29,216194,reebok,Обувь,46000.41,15.5272,10.0,"CombinedScore=15.53; OTS_Z=15.53; COUNT_Z=0.59; daily_ots=46000.4 > thresh=31015.5 (median=3904.1, MAD=1828.7, n=356)"
4332476682224605632,2025-07-29,216114,realme,Смартфоны,50563.2,12.0976,10.0,"CombinedScore=12.10; OTS_Z=12.10; COUNT_Z=4.40; daily_ots=50563.2 > thresh=42576.5 (median=4500.5, MAD=2568.2, n=3843)"
4692759896965140290,2025-07-29,214973,philips,Малая техника,135159.488,33.3923,10.0,"CombinedScore=33.39; OTS_Z=33.39; COUNT_Z=8.47; daily_ots=135159.5 > thresh=43979.5 (median=5000.9, MAD=2629.1, n=702)"
5404326610889164485,2025-07-29,214156,onkyo,Аудиотехника,38885.548,12.5556,10.0,"CombinedScore=12.56; OTS_Z=12.56; COUNT_Z=3.86; daily_ots=38885.5 > thresh=31803.6 (median=4092.3, MAD=1869.1, n=22)"
5404326610889164485,2025-07-29,219306,tcl (техника),Крупная техника,38885.548,11.2838,10.0,"CombinedScore=11.28; OTS_Z=11.28; COUNT_Z=1.57; daily_ots=38885.5 > thresh=34879.3 (median=3673.6, MAD=2104.8, n=372)"
5764613821978702687,2025-07-29,281079,samsung galaxy,Смартфоны,87339.55,20.187,10.0,"CombinedScore=20.19; OTS_Z=20.19; COUNT_Z=5.30; daily_ots=87339.6 > thresh=45631.7 (median=4689.4, MAD=2761.6, n=7433)"
5764615010830211364,2025-07-29,216181,redmi,Смартфоны,61583.64,15.9713,10.0,"CombinedScore=15.97; OTS_Z=15.97; COUNT_Z=3.04; daily_ots=61583.6 > thresh=40150.5 (median=4256.6, MAD=2421.0, n=4609)"
6052843423965704118,2025-07-29,201116,cafe mimi,Средства для волос,21020.478,12.1565,10.0,"CombinedScore=12.16; OTS_Z=12.16; COUNT_Z=2.64; daily_ots=21020.5 > thresh=17879.7 (median=3315.6, MAD=982.3, n=23)"
6196960145816224833,2025-07-29,221942,xiaomi,Смарт-часы и браслеты,160889.316,48.5314,10.0,"CombinedScore=48.53; OTS_Z=48.53; COUNT_Z=3.94; daily_ots=160889.3 > thresh=36417.1 (median=4113.1, MAD=2178.9, n=862)"
8656829890936839488,2025-07-29,207447,honor,Смартфоны,102593.813,26.5203,10.0,"CombinedScore=26.52; OTS_Z=26.52; COUNT_Z=0.00; daily_ots=102593.8 > thresh=41345.0 (median=4270.0, MAD=2500.7, n=4464)"
8656829890936839488,2025-07-29,208375,jbl (аудиотехника),Аудиотехника,205187.626,60.5415,10.0,"CombinedScore=60.54; OTS_Z=60.54; COUNT_Z=0.79; daily_ots=205187.6 > thresh=37287.4 (median=4067.2, MAD=2240.7, n=1174)"
8656829890936839488,2025-07-29,216181,redmi,Смартфоны,102593.813,27.3967,10.0,"CombinedScore=27.40; OTS_Z=27.40; COUNT_Z=0.00; daily_ots=102593.8 > thresh=40150.5 (median=4256.6, MAD=2421.0, n=4609)"
8656829890936839488,2025-07-29,217082,samsung,Смартфоны,102593.813,33.0736,10.0,"CombinedScore=33.07; OTS_Z=33.07; COUNT_Z=0.00; daily_ots=102593.8 > thresh=33612.7 (median=3716.5, MAD=2016.5, n=1421)"
8801587602994100992,2025-07-29,281079,samsung galaxy,Смартфоны,72345.928,16.5248,10.0,"CombinedScore=16.52; OTS_Z=16.52; COUNT_Z=4.12; daily_ots=72345.9 > thresh=45631.7 (median=4689.4, MAD=2761.6, n=7433)"
8801587602994100992,2025-07-29,307306,tecno camon,Смартфоны,45216.205,12.5777,10.0,"CombinedScore=12.58; OTS_Z=12.58; COUNT_Z=3.26; daily_ots=45216.2 > thresh=36701.5 (median=3668.9, MAD=2228.1, n=806)"
576467810957597286,2025-07-30,216181,redmi,Смартфоны,51209.24,13.081,10.0,"CombinedScore=13.08; OTS_Z=13.08; COUNT_Z=5.32; daily_ots=51209.2 > thresh=40150.5 (median=4256.6, MAD=2421.0, n=4609)"
576467810957597286,2025-07-30,307306,tecno camon,Смартфоны,38406.93,10.5163,10.0,"CombinedScore=10.52; OTS_Z=10.52; COUNT_Z=4.08; daily_ots=38406.9 > thresh=36701.5 (median=3668.9, MAD=2228.1, n=806)"
792640588831739528,2025-07-30,216181,redmi,Смартфоны,42758.96,10.7267,10.0,"CombinedScore=10.73; OTS_Z=10.73; COUNT_Z=2.28; daily_ots=42759.0 > thresh=40150.5 (median=4256.6, MAD=2421.0, n=4609)"
936754186446804364,2025-07-30,218309,sony,Аудиотехника,44737.046,13.308,10.0,"CombinedScore=13.31; OTS_Z=13.31; COUNT_Z=0.73; daily_ots=44737.0 > thresh=34510.6 (median=3596.3, MAD=2085.2, n=486)"
1585271561336662224,2025-07-30,207447,honor,Смартфоны,50734.296,12.5325,10.0,"CombinedScore=12.53; OTS_Z=12.53; COUNT_Z=1.94; daily_ots=50734.3 > thresh=41345.0 (median=4270.0, MAD=2500.7, n=4464)"
1585271561336662224,2025-07-30,216181,redmi,Смартфоны,50734.296,12.9486,10.0,"CombinedScore=12.95; OTS_Z=12.95; COUNT_Z=2.28; daily_ots=50734.3 > thresh=40150.5 (median=4256.6, MAD=2421.0, n=4609)"
1585271561336915000,2025-07-30,216181,redmi,Смартфоны,54211.666,13.9174,10.0,"CombinedScore=13.92; OTS_Z=13.92; COUNT_Z=0.76; daily_ots=54211.7 > thresh=40150.5 (median=4256.6, MAD=2421.0, n=4609)"
2738194092690289029,2025-07-30,198484,apple iphone,Смартфоны,106570.652,20.8993,10.0,"CombinedScore=20.90; OTS_Z=20.90; COUNT_Z=1.84; daily_ots=106570.7 > thresh=53838.7 (median=5457.4, MAD=3263.3, n=9860)"
2882311520272393920,2025-07-30,216181,redmi,Смартфоны,47507.519,12.0497,10.0,"CombinedScore=12.05; OTS_Z=12.05; COUNT_Z=0.00; daily_ots=47507.5 > thresh=40150.5 (median=4256.6, MAD=2421.0, n=4609)"
2882311520272393920,2025-07-30,221942,xiaomi,Смартфоны,47507.519,12.2309,10.0,"CombinedScore=12.23; OTS_Z=12.23; COUNT_Z=0.00; daily_ots=47507.5 > thresh=39628.5 (median=4310.7, MAD=2382.2, n=3163)"
2882311520272393920,2025-07-30,281079,samsung galaxy,Смартфоны,47507.519,10.4581,10.0,"CombinedScore=10.46; OTS_Z=10.46; COUNT_Z=0.00; daily_ots=47507.5 > thresh=45631.7 (median=4689.4, MAD=2761.6, n=7433)"
3819059496266608833,2025-07-30,212723,moulinex,Крупная техника,43320.232,12.7565,10.0,"CombinedScore=12.76; OTS_Z=12.76; COUNT_Z=0.00; daily_ots=43320.2 > thresh=34813.6 (median=3953.6, MAD=2081.5, n=5)"
5413337214202460145,2025-07-30,207447,honor,Смартфоны,53197.285,13.1969,10.0,"CombinedScore=13.20; OTS_Z=13.20; COUNT_Z=2.59; daily_ots=53197.3 > thresh=41345.0 (median=4270.0, MAD=2500.7, n=4464)"
5476385132355153731,2025-07-30,211287,manu (подгузники),Подгузники,38444.136,10.7904,10.0,"CombinedScore=10.79; OTS_Z=10.79; COUNT_Z=4.52; daily_ots=38444.1 > thresh=35951.6 (median=4417.1, MAD=2127.0, n=122)"
5764615010830211364,2025-07-30,216114,realme,Смартфоны,49571.286,11.8371,10.0,"CombinedScore=11.84; OTS_Z=11.84; COUNT_Z=0.63; daily_ots=49571.3 > thresh=42576.5 (median=4500.5, MAD=2568.2, n=3843)"
6413133733194254145,2025-07-30,205297,florida,Корм для собак,27105.833,20.7806,10.0,"CombinedScore=20.78; OTS_Z=20.78; COUNT_Z=0.00; daily_ots=27105.8 > thresh=14416.0 (median=2645.0, MAD=794.0, n=28)"
7277824441388353957,2025-07-30,203587,dreame,Малая техника,107349.87,25.7299,10.0,"CombinedScore=25.73; OTS_Z=25.73; COUNT_Z=2.59; daily_ots=107349.9 > thresh=44574.9 (median=4666.7, MAD=2691.8, n=509)"
7791241212634248768,2025-07-30,216181,redmi,Смартфоны,63885.984,16.6127,10.0,"CombinedScore=16.61; OTS_Z=16.61; COUNT_Z=8.35; daily_ots=63886.0 > thresh=40150.5 (median=4256.6, MAD=2421.0, n=4609)"
8656829890936839488,2025-07-30,216181,redmi,Смартфоны,102643.858,27.4106,10.0,"CombinedScore=27.41; OTS_Z=27.41; COUNT_Z=0.00; daily_ots=102643.9 > thresh=40150.5 (median=4256.6, MAD=2421.0, n=4609)"
8656829890936839488,2025-07-30,217082,samsung,Смартфоны,102643.858,33.0903,10.0,"CombinedScore=33.09; OTS_Z=33.09; COUNT_Z=0.00; daily_ots=102643.9 > thresh=33612.7 (median=3716.5, MAD=2016.5, n=1421)"
9089615978663728320,2025-07-30,198484,apple iphone,Смартфоны,64296.624,12.1616,10.0,"CombinedScore=12.16; OTS_Z=12.16; COUNT_Z=9.20; daily_ots=64296.6 > thresh=53838.7 (median=5457.4, MAD=3263.3, n=9860)"
360295281038589837,2025-07-31,281079,samsung galaxy,Смартфоны,74538.012,17.0602,10.0,"CombinedScore=17.06; OTS_Z=17.06; COUNT_Z=1.18; daily_ots=74538.0 > thresh=45631.7 (median=4689.4, MAD=2761.6, n=7433)"
1161942649620631617,2025-07-31,222525,zte,Смартфоны,104401.77,31.9612,10.0,"CombinedScore=31.96; OTS_Z=31.96; COUNT_Z=5.23; daily_ots=104401.8 > thresh=35262.4 (median=3779.8, MAD=2123.5, n=107)"
1585271561336684477,2025-07-31,207543,huawei,Смарт-часы и браслеты,37728.51,10.3129,10.0,"CombinedScore=10.31; OTS_Z=10.31; COUNT_Z=2.76; daily_ots=37728.5 > thresh=36711.3 (median=4198.1, MAD=2193.0, n=956)"
2819265587255210048,2025-07-31,217082,samsung,Крупная техника,52662.719,17.7846,10.0,"CombinedScore=17.78; OTS_Z=17.78; COUNT_Z=0.00; daily_ots=52662.7 > thresh=31154.3 (median=3524.9, MAD=1863.6, n=1271)"
3323668325271603393,2025-07-31,221942,xiaomi,Смарт-часы и браслеты,61920.495,17.8948,10.0,"CombinedScore=17.89; OTS_Z=17.89; COUNT_Z=4.73; daily_ots=61920.5 > thresh=36417.1 (median=4113.1, MAD=2178.9, n=862)"
3674943108267374686,2025-07-31,198484,apple iphone,Смартфоны,54016.11,10.0367,10.0,"CombinedScore=10.04; OTS_Z=10.04; COUNT_Z=2.45; daily_ots=54016.1 > thresh=53838.7 (median=5457.4, MAD=3263.3, n=9860)"
4694269270920854528,2025-07-31,238974,tecno spark,Смартфоны,45860.358,12.977,10.0,"CombinedScore=12.98; OTS_Z=12.98; COUNT_Z=4.45; daily_ots=45860.4 > thresh=36237.5 (median=3913.1, MAD=2180.3, n=1254)"
6052843423965704462,2025-07-31,214036,ollin,Краски для волос,54271.056,16.0063,10.0,"CombinedScore=16.01; OTS_Z=16.01; COUNT_Z=1.97; daily_ots=54271.1 > thresh=35482.1 (median=4200.3, MAD=2110.0, n=66)"
6629304165209878911,2025-07-31,221942,xiaomi,Смартфоны,53826.462,14.0201,10.0,"CombinedScore=14.02; OTS_Z=14.02; COUNT_Z=3.56; daily_ots=53826.5 > thresh=39628.5 (median=4310.7, MAD=2382.2, n=3163)"
7791239233038936448,2025-07-31,215234,poco,Смартфоны,203521.356,51.3467,10.0,"CombinedScore=51.35; OTS_Z=51.35; COUNT_Z=9.70; daily_ots=203521.4 > thresh=43228.0 (median=4459.8, MAD=2614.9, n=3221)"
8295642745197945921,2025-07-31,198151,amazfit,Смарт-часы и браслеты,35774.568,10.7288,10.0,"CombinedScore=10.73; OTS_Z=10.73; COUNT_Z=2.14; daily_ots=35774.6 > thresh=33627.7 (median=4171.3, MAD=1986.8, n=262)"
8295643071445386113,2025-07-31,213887,obba,Обувь,25554.394,10.8332,10.0,"CombinedScore=10.83; OTS_Z=10.83; COUNT_Z=0.00; daily_ots=25554.4 > thresh=23854.5 (median=3451.1, MAD=1376.2, n=231)"
8367700483004796672,2025-07-31,201236,canon,Малая техника,106568.961,28.9346,10.0,"CombinedScore=28.93; OTS_Z=28.93; COUNT_Z=1.38; daily_ots=106569.0 > thresh=39580.9 (median=4202.3, MAD=2386.3, n=381)"
8583871904837544942,2025-07-31,199204,avon (косметика),Дезодоранты,27388.139,12.8853,10.0,"CombinedScore=12.89; OTS_Z=12.89; COUNT_Z=0.00; daily_ots=27388.1 > thresh=22049.7 (median=3547.7, MAD=1248.0, n=13)"
8656829890936839488,2025-07-31,207447,honor,Смартфоны,205789.642,54.3547,10.0,"CombinedScore=54.35; OTS_Z=54.35; COUNT_Z=0.65; daily_ots=205789.6 > thresh=41345.0 (median=4270.0, MAD=2500.7, n=4464)"
441361688982365506,2025-08-01,197627,adidas,Обувь,51826.738,16.135,10.0,"CombinedScore=16.14; OTS_Z=16.14; COUNT_Z=0.68; daily_ots=51826.7 > thresh=33583.1 (median=3846.3, MAD=2005.7, n=1525)"
657537196568801346,2025-08-01,238974,tecno spark,Смартфоны,76098.174,22.3314,10.0,"CombinedScore=22.33; OTS_Z=22.33; COUNT_Z=1.78; daily_ots=76098.2 > thresh=36237.5 (median=3913.1, MAD=2180.3, n=1254)"
1585271561336840314,2025-08-01,200854,brit,Корм для собак,34763.33,13.0841,10.0,"CombinedScore=13.08; OTS_Z=13.08; COUNT_Z=2.70; daily_ots=34763.3 > thresh=27350.1 (median=3312.7, MAD=1621.3, n=55)"
1585271561336931900,2025-08-01,225346,вернель,Товары для стирки,36081.624,15.1471,10.0,"CombinedScore=15.15; OTS_Z=15.15; COUNT_Z=5.98; daily_ots=36081.6 > thresh=24978.5 (median=3406.6, MAD=1455.0, n=226)"
1585271561337048751,2025-08-01,198484,apple iphone,Смартфоны,56691.041,10.5896,10.0,"CombinedScore=10.59; OTS_Z=10.59; COUNT_Z=6.13; daily_ots=56691.0 > thresh=53838.7 (median=5457.4, MAD=3263.3, n=9860)"
2233792637557836352,2025-08-01,207943,infinix,Смартфоны,98736.68,27.4839,10.0,"CombinedScore=27.48; OTS_Z=27.48; COUNT_Z=2.13; daily_ots=98736.7 > thresh=38467.1 (median=3995.5, MAD=2325.1, n=1831)"
2377907662666834967,2025-08-01,221942,xiaomi,Смартфоны,46284.66,11.8847,10.0,"CombinedScore=11.88; OTS_Z=11.88; COUNT_Z=2.85; daily_ots=46284.7 > thresh=39628.5 (median=4310.7, MAD=2382.2, n=3163)"
2522022433100765129,2025-08-01,215278,polaroid,Малая техника,53808.262,12.6863,10.0,"CombinedScore=12.69; OTS_Z=12.69; COUNT_Z=1.52; daily_ots=53808.3 > thresh=43415.3 (median=4726.0, MAD=2609.6, n=90)"
2676102810245518080,2025-08-01,207447,honor,Смартфоны,50835.666,12.5599,10.0,"CombinedScore=12.56; OTS_Z=12.56; COUNT_Z=0.65; daily_ots=50835.7 > thresh=41345.0 (median=4270.0, MAD=2500.7, n=4464)"
4107288419676846194,2025-08-01,208557,joma,Одежда,41005.702,12.0065,10.0,"CombinedScore=12.01; OTS_Z=12.01; COUNT_Z=1.41; daily_ots=41005.7 > thresh=34813.6 (median=3953.6, MAD=2081.5, n=8)"
4692759896965140290,2025-08-01,214973,philips,Малая техника,75552.255,18.1,10.0,"CombinedScore=18.10; OTS_Z=18.10; COUNT_Z=4.52; daily_ots=75552.3 > thresh=43979.5 (median=5000.9, MAD=2629.1, n=702)"
4827866083748764550,2025-08-01,219921,tommy hilfiger,Одежда,29602.335,11.4824,10.0,"CombinedScore=11.48; OTS_Z=11.48; COUNT_Z=6.22; daily_ots=29602.3 > thresh=26246.9 (median=3611.8, MAD=1526.7, n=141)"
5053051190437830144,2025-08-01,221942,xiaomi,Смартфоны,62021.39,16.3404,10.0,"CombinedScore=16.34; OTS_Z=16.34; COUNT_Z=6.40; daily_ots=62021.4 > thresh=39628.5 (median=4310.7, MAD=2382.2, n=3163)"
5269222877690299218,2025-08-01,198484,apple iphone,Смартфоны,55254.095,10.2926,10.0,"CombinedScore=10.29; OTS_Z=10.29; COUNT_Z=7.36; daily_ots=55254.1 > thresh=53838.7 (median=5457.4, MAD=3263.3, n=9860)"
6052843423965704633,2025-08-01,218365,soundcore,Аудиотехника,47714.7,12.557,10.0,"CombinedScore=12.56; OTS_Z=12.56; COUNT_Z=7.67; daily_ots=47714.7 > thresh=38776.2 (median=3819.4, MAD=2357.8, n=95)"
6629304165209877571,2025-08-01,215085,pioneer,Аудиотехника,58179.48,12.9727,10.0,"CombinedScore=12.97; OTS_Z=12.97; COUNT_Z=2.25; daily_ots=58179.5 > thresh=45876.8 (median=4491.3, MAD=2791.5, n=84)"
6629304165209878911,2025-08-01,221229,vivo (электроника),Смартфоны,89988.15,21.142,10.0,"CombinedScore=21.14; OTS_Z=21.14; COUNT_Z=7.02; daily_ots=89988.2 > thresh=45028.8 (median=4677.5, MAD=2721.7, n=1154)"
6998605659912808066,2025-08-01,219598,the ordinary,Средства для умывания и ухода за лицом,102559.66,13.1798,10.0,"CombinedScore=13.18; OTS_Z=13.18; COUNT_Z=2.49; daily_ots=102559.7 > thresh=79564.5 (median=7247.8, MAD=4877.8, n=28)"
8367700483004796672,2025-08-01,201236,canon,Малая техника,40428.563,10.2396,10.0,"CombinedScore=10.24; OTS_Z=10.24; COUNT_Z=0.00; daily_ots=40428.6 > thresh=39580.9 (median=4202.3, MAD=2386.3, n=381)"
8800233530290716352,2025-08-01,339936,cmf,Смартфоны,49109.914,14.3207,10.0,"CombinedScore=14.32; OTS_Z=14.32; COUNT_Z=6.87; daily_ots=49109.9 > thresh=35435.3 (median=3786.5, MAD=2134.7, n=107)"
4844634155853,2025-08-02,219341,technics,Аудиотехника,20466.878,18.6196,10.0,"CombinedScore=18.62; OTS_Z=18.62; COUNT_Z=0.00; daily_ots=20466.9 > thresh=12047.5 (median=2279.7, MAD=658.8, n=55)"
585481725913662850,2025-08-02,203106,dialog,Аудиотехника,20520.478,11.3054,10.0,"CombinedScore=11.31; OTS_Z=11.31; COUNT_Z=0.44; daily_ots=20520.5 > thresh=18506.6 (median=3079.5, MAD=1040.6, n=11)"
1585271561336768127,2025-08-02,281079,samsung galaxy,Смартфоны,53473.87,11.9154,10.0,"CombinedScore=11.92; OTS_Z=11.92; COUNT_Z=5.30; daily_ots=53473.9 > thresh=45631.7 (median=4689.4, MAD=2761.6, n=7433)"
1585271561336777542,2025-08-02,209721,la roche posay,Средства для умывания и ухода за лицом,52534.224,14.7433,10.0,"CombinedScore=14.74; OTS_Z=14.74; COUNT_Z=7.56; daily_ots=52534.2 > thresh=36988.1 (median=4213.4, MAD=2210.7, n=195)"
1585271561337023699,2025-08-02,281079,samsung galaxy,Смартфоны,58069.53,13.0379,10.0,"CombinedScore=13.04; OTS_Z=13.04; COUNT_Z=2.94; daily_ots=58069.5 > thresh=45631.7 (median=4689.4, MAD=2761.6, n=7433)"
1585271561337034979,2025-08-02,204049,electrolux,Крупная техника,55528.047,16.9936,10.0,"CombinedScore=16.99; OTS_Z=16.99; COUNT_Z=2.04; daily_ots=55528.0 > thresh=34197.0 (median=3696.1, MAD=2057.3, n=218)"
4899922101829706304,2025-08-02,216182,redmond (бытовая техника),Малая техника,30009.78,10.8644,10.0,"CombinedScore=10.86; OTS_Z=10.86; COUNT_Z=1.03; daily_ots=30009.8 > thresh=27895.2 (median=3431.8, MAD=1650.1, n=550)"
6061859049728065089,2025-08-02,281079,samsung galaxy,Смартфоны,69411.867,15.8082,10.0,"CombinedScore=15.81; OTS_Z=15.81; COUNT_Z=3.53; daily_ots=69411.9 > thresh=45631.7 (median=4689.4, MAD=2761.6, n=7433)"
441361688982362497,2025-08-03,198484,apple iphone,Смартфоны,64105.788,12.1221,10.0,"CombinedScore=12.12; OTS_Z=12.12; COUNT_Z=3.07; daily_ots=64105.8 > thresh=53838.7 (median=5457.4, MAD=3263.3, n=9860)"
648524241621891088,2025-08-03,216181,redmi,Смартфоны,66478.656,17.335,10.0,"CombinedScore=17.34; OTS_Z=17.34; COUNT_Z=3.80; daily_ots=66478.7 > thresh=40150.5 (median=4256.6, MAD=2421.0, n=4609)"
1585271561336939603,2025-08-03,214544,pampers,Подгузники,82365.993,25.2672,10.0,"CombinedScore=25.27; OTS_Z=25.27; COUNT_Z=2.90; daily_ots=82366.0 > thresh=35283.4 (median=4444.3, MAD=2080.1, n=985)"
1585271561337038249,2025-08-03,215234,poco,Смартфоны,43688.328,10.1188,10.0,"CombinedScore=10.12; OTS_Z=10.12; COUNT_Z=0.57; daily_ots=43688.3 > thresh=43228.0 (median=4459.8, MAD=2614.9, n=3221)"
1585271561337038249,2025-08-03,369276,iqoo,Смартфоны,43688.328,11.6358,10.0,"CombinedScore=11.64; OTS_Z=11.64; COUNT_Z=0.73; daily_ots=43688.3 > thresh=38107.0 (median=3987.8, MAD=2301.3, n=858)"
3674943108267374686,2025-08-03,198484,apple iphone,Смартфоны,56545.195,10.5594,10.0,"CombinedScore=10.56; OTS_Z=10.56; COUNT_Z=2.45; daily_ots=56545.2 > thresh=53838.7 (median=5457.4, MAD=3263.3, n=9860)"
3674945297996420289,2025-08-03,224637,бирюса,Крупная техника,46547.508,12.6074,10.0,"CombinedScore=12.61; OTS_Z=12.61; COUNT_Z=3.53; daily_ots=46547.5 > thresh=37765.0 (median=4082.5, MAD=2271.9, n=295)"
3747000630363940378,2025-08-03,281079,samsung galaxy,Смартфоны,127598.709,30.0201,10.0,"CombinedScore=30.02; OTS_Z=30.02; COUNT_Z=3.53; daily_ots=127598.7 > thresh=45631.7 (median=4689.4, MAD=2761.6, n=7433)"
6341074104264855368,2025-08-03,216181,redmi,Смартфоны,164739.306,44.7103,10.0,"CombinedScore=44.71; OTS_Z=44.71; COUNT_Z=3.80; daily_ots=164739.3 > thresh=40150.5 (median=4256.6, MAD=2421.0, n=4609)"
8214572793405073281,2025-08-03,206804,haier,Крупная техника,35963.376,10.3361,10.0,"CombinedScore=10.34; OTS_Z=10.34; COUNT_Z=1.37; daily_ots=35963.4 > thresh=34924.6 (median=4019.2, MAD=2084.6, n=729)"
8223585134570189760,2025-08-03,221762,wollmer,Малая техника,39602.232,15.3545,10.0,"CombinedScore=15.35; OTS_Z=15.35; COUNT_Z=2.07; daily_ots=39602.2 > thresh=27153.8 (median=3905.4, MAD=1568.1, n=42)"
801651201304652042,2025-08-04,204837,farmina,Корм для кошек,20574.346,11.8277,10.0,"CombinedScore=11.83; OTS_Z=11.83; COUNT_Z=1.89; daily_ots=20574.3 > thresh=17817.7 (median=2735.3, MAD=1017.3, n=46)"
1018972009783960384,2025-08-04,198484,apple iphone,Смартфоны,87157.424,16.8867,10.0,"CombinedScore=16.89; OTS_Z=16.89; COUNT_Z=4.29; daily_ots=87157.4 > thresh=53838.7 (median=5457.4, MAD=3263.3, n=9860)"
1585271561336689109,2025-08-04,216181,redmi,Смартфоны,57629.65,14.8697,10.0,"CombinedScore=14.87; OTS_Z=14.87; COUNT_Z=6.83; daily_ots=57629.7 > thresh=40150.5 (median=4256.6, MAD=2421.0, n=4609)"
1585271561336982180,2025-08-04,202429,cropp,Обувь,6964.511,26.3831,10.0,"CombinedScore=26.38; OTS_Z=26.38; COUNT_Z=0.00; daily_ots=6964.5 > thresh=3634.2 (median=1601.5, MAD=137.1, n=17)"
1585271561337026613,2025-08-04,200656,bosch,Малая техника,30105.096,12.0483,10.0,"CombinedScore=12.05; OTS_Z=12.05; COUNT_Z=3.35; daily_ots=30105.1 > thresh=25553.8 (median=3334.2, MAD=1498.7, n=255)"
2531033574337164707,2025-08-04,222423,zillii,Корм для кошек,17073.372,10.6957,10.0,"CombinedScore=10.70; OTS_Z=10.70; COUNT_Z=0.00; daily_ots=17073.4 > thresh=16144.4 (median=2791.9, MAD=900.6, n=13)"
3747000630363940378,2025-08-04,281079,samsung galaxy,Смартфоны,258898.22,62.0894,10.0,"CombinedScore=62.09; OTS_Z=62.09; COUNT_Z=7.66; daily_ots=258898.2 > thresh=45631.7 (median=4689.4, MAD=2761.6, n=7433)"
3747000630363940378,2025-08-04,281079,samsung galaxy,Аудиотехника,55478.19,13.9264,10.0,"CombinedScore=13.93; OTS_Z=13.93; COUNT_Z=1.94; daily_ots=55478.2 > thresh=41040.3 (median=4268.5, MAD=2480.3, n=197)"
4406223391538753408,2025-08-04,198151,amazfit,Смарт-часы и браслеты,34754.874,10.3827,10.0,"CombinedScore=10.38; OTS_Z=10.38; COUNT_Z=0.71; daily_ots=34754.9 > thresh=33627.7 (median=4171.3, MAD=1986.8, n=262)"
5548440520018748310,2025-08-04,307362,чистая линия (косметика),Средства для волос,51242.356,23.5993,10.0,"CombinedScore=23.60; OTS_Z=23.60; COUNT_Z=1.11; daily_ots=51242.4 > thresh=23615.7 (median=3300.9, MAD=1370.2, n=115)"
5980786504561921994,2025-08-04,221942,xiaomi,Смартфоны,61477.129,16.1863,10.0,"CombinedScore=16.19; OTS_Z=16.19; COUNT_Z=0.00; daily_ots=61477.1 > thresh=39628.5 (median=4310.7, MAD=2382.2, n=3163)"
8367700483004796672,2025-08-04,201236,canon,Малая техника,83420.204,22.3915,10.0,"CombinedScore=22.39; OTS_Z=22.39; COUNT_Z=0.69; daily_ots=83420.2 > thresh=39580.9 (median=4202.3, MAD=2386.3, n=381)"
81077505949385027,2025-08-05,211969,mibro,Аудиотехника,46410.751,13.758,10.0,"CombinedScore=13.76; OTS_Z=13.76; COUNT_Z=0.00; daily_ots=46410.8 > thresh=34813.6 (median=3953.6, MAD=2081.5, n=1)"
1585271561336618120,2025-08-05,242139,яндекс,Аудиотехника,60852.47,17.2432,10.0,"CombinedScore=17.24; OTS_Z=17.24; COUNT_Z=2.91; daily_ots=60852.5 > thresh=36944.9 (median=3938.1, MAD=2226.3, n=2495)"
1585271561336878967,2025-08-05,281079,samsung galaxy,Смартфоны,123746.704,29.0793,10.0,"CombinedScore=29.08; OTS_Z=29.08; COUNT_Z=8.83; daily_ots=123746.7 > thresh=45631.7 (median=4689.4, MAD=2761.6, n=7433)"
1585271561337003723,2025-08-05,215234,poco,Смартфоны,54154.24,12.8184,10.0,"CombinedScore=12.82; OTS_Z=12.82; COUNT_Z=0.57; daily_ots=54154.2 > thresh=43228.0 (median=4459.8, MAD=2614.9, n=3221)"
1585271561337003723,2025-08-05,216114,realme,Смартфоны,108308.48,27.2634,10.0,"CombinedScore=27.26; OTS_Z=27.26; COUNT_Z=1.89; daily_ots=108308.5 > thresh=42576.5 (median=4500.5, MAD=2568.2, n=3843)"
2882311337796875265,2025-08-05,216181,redmi,Смартфоны,135390.875,36.5339,10.0,"CombinedScore=36.53; OTS_Z=36.53; COUNT_Z=3.04; daily_ots=135390.9 > thresh=40150.5 (median=4256.6, MAD=2421.0, n=4609)"
3035436765780351298,2025-08-05,216461,rieker,Обувь,25608.359,10.3593,10.0,"CombinedScore=10.36; OTS_Z=10.36; COUNT_Z=0.00; daily_ots=25608.4 > thresh=24830.0 (median=3165.4, MAD=1461.3, n=316)"
3467783911479848960,2025-08-05,204933,felix (корм),Корм для кошек,31331.806,11.8922,10.0,"CombinedScore=11.89; OTS_Z=11.89; COUNT_Z=1.35; daily_ots=31331.8 > thresh=26882.5 (median=3368.5, MAD=1586.0, n=725)"
3747000630363940378,2025-08-05,221942,xiaomi,Смартфоны,56059.716,14.6524,10.0,"CombinedScore=14.65; OTS_Z=14.65; COUNT_Z=1.42; daily_ots=56059.7 > thresh=39628.5 (median=4310.7, MAD=2382.2, n=3163)"
3747000630363940378,2025-08-05,281079,samsung galaxy,Смартфоны,186865.72,44.4958,10.0,"CombinedScore=44.50; OTS_Z=44.50; COUNT_Z=5.30; daily_ots=186865.7 > thresh=45631.7 (median=4689.4, MAD=2761.6, n=7433)"
3747000630363940378,2025-08-05,332007,tecno phantom,Смартфоны,56059.716,21.1282,10.0,"CombinedScore=21.13; OTS_Z=21.13; COUNT_Z=2.94; daily_ots=56059.7 > thresh=28386.0 (median=3517.9, MAD=1677.4, n=52)"
5116095829525861647,2025-08-05,238974,tecno spark,Смартфоны,62908.302,18.251,10.0,"CombinedScore=18.25; OTS_Z=18.25; COUNT_Z=0.89; daily_ots=62908.3 > thresh=36237.5 (median=3913.1, MAD=2180.3, n=1254)"
5188154264055124614,2025-08-05,205029,fiio,Аудиотехника,78960.951,31.3473,10.0,"CombinedScore=31.35; OTS_Z=31.35; COUNT_Z=3.83; daily_ots=78961.0 > thresh=27181.8 (median=2926.2, MAD=1636.0, n=79)"
5630042329367316992,2025-08-05,198484,apple iphone,Смартфоны,120706.195,23.821,10.0,"CombinedScore=23.82; OTS_Z=23.82; COUNT_Z=2.45; daily_ots=120706.2 > thresh=53838.7 (median=5457.4, MAD=3263.3, n=9860)"
5764615010830211364,2025-08-05,216181,redmi,Смартфоны,51332.344,13.1153,10.0,"CombinedScore=13.12; OTS_Z=13.12; COUNT_Z=2.28; daily_ots=51332.3 > thresh=40150.5 (median=4256.6, MAD=2421.0, n=4609)"
5836672477688190152,2025-08-05,213474,nike,Обувь,42186.313,10.082,10.0,"CombinedScore=10.08; OTS_Z=10.08; COUNT_Z=7.19; daily_ots=42186.3 > thresh=41879.1 (median=4429.4, MAD=2526.0, n=1795)"
6052843423965704501,2025-08-05,204459,estel,Краски для волос,35387.132,10.197,10.0,"CombinedScore=10.20; OTS_Z=10.20; COUNT_Z=2.80; daily_ots=35387.1 > thresh=34785.8 (median=4265.9, MAD=2058.6, n=412)"
6557248337293371808,2025-08-05,198484,apple iphone,Смартфоны,56549.12,10.5602,10.0,"CombinedScore=10.56; OTS_Z=10.56; COUNT_Z=2.45; daily_ots=56549.1 > thresh=53838.7 (median=5457.4, MAD=3263.3, n=9860)"
7719181970776511680,2025-08-05,221113,viomi,Крупная техника,7205.47,23.6521,10.0,"CombinedScore=23.65; OTS_Z=23.65; COUNT_Z=0.00; daily_ots=7205.5 > thresh=4554.9 (median=2613.5, MAD=131.0, n=10)"
8079470792529455296,2025-08-05,281079,samsung galaxy,Смартфоны,50438.29,11.174,10.0,"CombinedScore=11.17; OTS_Z=11.17; COUNT_Z=3.53; daily_ots=50438.3 > thresh=45631.7 (median=4689.4, MAD=2761.6, n=7433)"
8367701594454496128,2025-08-05,369276,iqoo,Смартфоны,42523.562,11.2945,10.0,"CombinedScore=11.29; OTS_Z=11.29; COUNT_Z=0.73; daily_ots=42523.6 > thresh=38107.0 (median=3987.8, MAD=2301.3, n=858)"
8872102004503143591,2025-08-05,203935,edifier,Аудиотехника,293730.784,68.421,10.0,"CombinedScore=68.42; OTS_Z=68.42; COUNT_Z=5.13; daily_ots=293730.8 > thresh=47058.7 (median=4835.6, MAD=2848.0, n=106)"
369307611172934656,2025-08-06,207943,infinix,Смартфоны,43294.548,11.4004,10.0,"CombinedScore=11.40; OTS_Z=11.40; COUNT_Z=2.13; daily_ots=43294.5 > thresh=38467.1 (median=3995.5, MAD=2325.1, n=1831)"
1585271561337011501,2025-08-06,207447,honor,Смартфоны,54699.454,13.602,10.0,"CombinedScore=13.60; OTS_Z=13.60; COUNT_Z=0.65; daily_ots=54699.5 > thresh=41345.0 (median=4270.0, MAD=2500.7, n=4464)"
1585271561337028331,2025-08-06,224020,atlant (бытовая техника),Крупная техника,45095.016,15.1468,10.0,"CombinedScore=15.15; OTS_Z=15.15; COUNT_Z=0.87; daily_ots=45095.0 > thresh=31022.1 (median=3679.2, MAD=1844.3, n=361)"
1585271561337048751,2025-08-06,198484,apple iphone,Смартфоны,91965.286,17.8805,10.0,"CombinedScore=17.88; OTS_Z=17.88; COUNT_Z=7.97; daily_ots=91965.3 > thresh=53838.7 (median=5457.4, MAD=3263.3, n=9860)"
1594711382926345728,2025-08-06,199833,beko,Крупная техника,39159.428,10.3412,10.0,"CombinedScore=10.34; OTS_Z=10.34; COUNT_Z=0.86; daily_ots=39159.4 > thresh=38009.2 (median=4303.1, MAD=2273.5, n=312)"
1873514497487928217,2025-08-06,221942,xiaomi,Смартфоны,69656.398,18.5022,10.0,"CombinedScore=18.50; OTS_Z=18.50; COUNT_Z=4.27; daily_ots=69656.4 > thresh=39628.5 (median=4310.7, MAD=2382.2, n=3163)"
2314863075954555456,2025-08-06,197869,alaska (одежда),Одежда,27351.097,10.515,10.0,"CombinedScore=10.52; OTS_Z=10.52; COUNT_Z=0.00; daily_ots=27351.1 > thresh=26166.6 (median=3166.2, MAD=1551.4, n=133)"
2458979132178470784,2025-08-06,206959,hartens,Крупная техника,60344.76,18.6402,10.0,"CombinedScore=18.64; OTS_Z=18.64; COUNT_Z=2.61; daily_ots=60344.8 > thresh=33954.4 (median=3410.5, MAD=2060.2, n=110)"
2882311337796875265,2025-08-06,208375,jbl (аудиотехника),Аудиотехника,52538.588,14.5909,10.0,"CombinedScore=14.59; OTS_Z=14.59; COUNT_Z=0.79; daily_ots=52538.6 > thresh=37287.4 (median=4067.2, MAD=2240.7, n=1174)"
4323463152188622715,2025-08-06,197680,librederm,Средства для умывания и ухода за лицом,50519.675,19.8974,10.0,"CombinedScore=19.90; OTS_Z=19.90; COUNT_Z=5.63; daily_ots=50519.7 > thresh=27292.9 (median=3825.3, MAD=1582.9, n=105)"
4692759896965140290,2025-08-06,214973,philips,Малая техника,50286.708,11.6181,10.0,"CombinedScore=11.62; OTS_Z=11.62; COUNT_Z=2.82; daily_ots=50286.7 > thresh=43979.5 (median=5000.9, MAD=2629.1, n=702)"
5054768684649409472,2025-08-06,197627,adidas,Одежда,57136.739,15.6196,10.0,"CombinedScore=15.62; OTS_Z=15.62; COUNT_Z=5.53; daily_ots=57136.7 > thresh=38075.3 (median=4156.0, MAD=2287.9, n=697)"
6701361217345430821,2025-08-06,207543,huawei,Смарт-часы и браслеты,139732.572,41.6859,10.0,"CombinedScore=41.69; OTS_Z=41.69; COUNT_Z=4.15; daily_ots=139732.6 > thresh=36711.3 (median=4198.1, MAD=2193.0, n=956)"
7719183474830902656,2025-08-06,281079,samsung galaxy,Смартфоны,47707.256,10.5069,10.0,"CombinedScore=10.51; OTS_Z=10.51; COUNT_Z=1.77; daily_ots=47707.3 > thresh=45631.7 (median=4689.4, MAD=2761.6, n=7433)"
7864636896608235520,2025-08-06,281079,samsung galaxy,Смартфоны,54441.558,12.1518,10.0,"CombinedScore=12.15; OTS_Z=12.15; COUNT_Z=2.94; daily_ots=54441.6 > thresh=45631.7 (median=4689.4, MAD=2761.6, n=7433)"
8152479824418179968,2025-08-06,215234,poco,Смартфоны,48386.112,11.3305,10.0,"CombinedScore=11.33; OTS_Z=11.33; COUNT_Z=1.14; daily_ots=48386.1 > thresh=43228.0 (median=4459.8, MAD=2614.9, n=3221)"
8367701594454496128,2025-08-06,213474,nike,Обувь,103520.965,26.4599,10.0,"CombinedScore=26.46; OTS_Z=26.46; COUNT_Z=2.40; daily_ots=103521.0 > thresh=41879.1 (median=4429.4, MAD=2526.0, n=1795)"
8511814487741101120,2025-08-06,221942,xiaomi,Малая техника,30470.258,10.1051,10.0,"CombinedScore=10.11; OTS_Z=10.11; COUNT_Z=0.99; daily_ots=30470.3 > thresh=30191.1 (median=3637.1, MAD=1791.1, n=919)"
1585271561336757009,2025-08-07,207447,honor,Смартфоны,50579.425,12.4908,10.0,"CombinedScore=12.49; OTS_Z=12.49; COUNT_Z=2.59; daily_ots=50579.4 > thresh=41345.0 (median=4270.0, MAD=2500.7, n=4464)"
1585271561336840314,2025-08-07,281079,samsung galaxy,Смартфоны,84602.68,19.5185,10.0,"CombinedScore=19.52; OTS_Z=19.52; COUNT_Z=2.36; daily_ots=84602.7 > thresh=45631.7 (median=4689.4, MAD=2761.6, n=7433)"
1585271561337011960,2025-08-07,239355,триколор,Крупная техника,101702.754,33.2276,10.0,"CombinedScore=33.23; OTS_Z=33.23; COUNT_Z=6.32; daily_ots=101702.8 > thresh=33324.8 (median=3886.6, MAD=1985.6, n=119)"
1810459314961887811,2025-08-07,203714,duru,Средства для мытья и ухода за руками,53679.162,24.141,10.0,"CombinedScore=24.14; OTS_Z=24.14; COUNT_Z=1.86; daily_ots=53679.2 > thresh=24347.4 (median=3605.0, MAD=1399.1, n=57)"
2233792554604317953,2025-08-07,199450,balenciaga,Обувь,52245.738,10.1705,10.0,"CombinedScore=10.17; OTS_Z=10.17; COUNT_Z=1.24; daily_ots=52245.7 > thresh=51449.7 (median=4768.5, MAD=3148.6, n=165)"
2604256311380796096,2025-08-07,211214,mamelle,Детское питание,52215.12,10.2337,10.0,"CombinedScore=10.23; OTS_Z=10.23; COUNT_Z=1.23; daily_ots=52215.1 > thresh=51177.8 (median=6782.1, MAD=2994.5, n=24)"
2738194092690289029,2025-08-07,198484,apple iphone,Смартфоны,54404.172,10.1169,10.0,"CombinedScore=10.12; OTS_Z=10.12; COUNT_Z=0.61; daily_ots=54404.2 > thresh=53838.7 (median=5457.4, MAD=3263.3, n=9860)"
3747000630363940378,2025-08-07,281079,samsung galaxy,Смартфоны,83804.056,19.3234,10.0,"CombinedScore=19.32; OTS_Z=19.32; COUNT_Z=3.53; daily_ots=83804.1 > thresh=45631.7 (median=4689.4, MAD=2761.6, n=7433)"
4188358933945245444,2025-08-07,207563,hugo boss,Одежда,30630.588,10.3118,10.0,"CombinedScore=10.31; OTS_Z=10.31; COUNT_Z=1.58; daily_ots=30630.6 > thresh=29804.3 (median=3299.4, MAD=1787.8, n=53)"
5269223972552621825,2025-08-07,198484,apple iphone,Смартфоны,70119.924,13.3652,10.0,"CombinedScore=13.37; OTS_Z=13.37; COUNT_Z=6.75; daily_ots=70119.9 > thresh=53838.7 (median=5457.4, MAD=3263.3, n=9860)"
6196961100373024751,2025-08-07,213816,nutrilak,Детское питание,55316.672,15.4367,10.0,"CombinedScore=15.44; OTS_Z=15.44; COUNT_Z=1.57; daily_ots=55316.7 > thresh=37349.4 (median=4301.5, MAD=2229.1, n=230)"
6279193784262148864,2025-08-07,207328,hoco,Аудиотехника,47023.518,14.0158,10.0,"CombinedScore=14.02; OTS_Z=14.02; COUNT_Z=5.25; daily_ots=47023.5 > thresh=34731.6 (median=4122.9, MAD=2064.6, n=303)"
6557246880847484629,2025-08-07,216182,redmond (бытовая техника),Малая техника,29451.394,10.6361,10.0,"CombinedScore=10.64; OTS_Z=10.64; COUNT_Z=6.19; daily_ots=29451.4 > thresh=27895.2 (median=3431.8, MAD=1650.1, n=550)"
6629304165209878704,2025-08-07,217412,sela,Детские одежда и обувь,34981.482,13.3234,10.0,"CombinedScore=13.32; OTS_Z=13.32; COUNT_Z=5.28; daily_ots=34981.5 > thresh=27172.4 (median=3675.3, MAD=1584.9, n=94)"
6629304165209879143,2025-08-07,207902,indesit,Крупная техника,33620.214,12.6953,10.0,"CombinedScore=12.70; OTS_Z=12.70; COUNT_Z=1.10; daily_ots=33620.2 > thresh=27149.4 (median=3141.5, MAD=1619.3, n=417)"
6701361217345430821,2025-08-07,207543,huawei,Смарт-часы и браслеты,37758.184,10.322,10.0,"CombinedScore=10.32; OTS_Z=10.32; COUNT_Z=0.69; daily_ots=37758.2 > thresh=36711.3 (median=4198.1, MAD=2193.0, n=956)"
9089431260710255744,2025-08-07,198484,apple iphone,Смартфоны,125977.475,24.9105,10.0,"CombinedScore=24.91; OTS_Z=24.91; COUNT_Z=2.45; daily_ots=125977.5 > thresh=53838.7 (median=5457.4, MAD=3263.3, n=9860)"
442932828512505024,2025-08-08,207543,huawei,Смартфоны,53473.8,16.0433,10.0,"CombinedScore=16.04; OTS_Z=16.04; COUNT_Z=0.76; daily_ots=53473.8 > thresh=34773.1 (median=3828.5, MAD=2087.2, n=1984)"
442932828512505024,2025-08-08,213619,nokia,Смартфоны,53473.8,13.5944,10.0,"CombinedScore=13.59; OTS_Z=13.59; COUNT_Z=0.76; daily_ots=53473.8 > thresh=40449.0 (median=4212.6, MAD=2444.1, n=693)"
801651925687944604,2025-08-08,227329,дилли,Корм для собак,34352.4,11.8308,10.0,"CombinedScore=11.83; OTS_Z=11.83; COUNT_Z=3.16; daily_ots=34352.4 > thresh=29633.8 (median=3860.1, MAD=1738.4, n=54)"
1585271561336906548,2025-08-08,211535,matrix (уход за волосами),Средства для волос,37867.116,12.7329,10.0,"CombinedScore=12.73; OTS_Z=12.73; COUNT_Z=4.10; daily_ots=37867.1 > thresh=30628.5 (median=4142.0, MAD=1786.5, n=91)"
1585271561337035030,2025-08-08,281079,samsung galaxy,Смартфоны,73801.678,16.8804,10.0,"CombinedScore=16.88; OTS_Z=16.88; COUNT_Z=0.59; daily_ots=73801.7 > thresh=45631.7 (median=4689.4, MAD=2761.6, n=7433)"
1585271561337036911,2025-08-08,281079,samsung galaxy,Смартфоны,49389.85,10.9179,10.0,"CombinedScore=10.92; OTS_Z=10.92; COUNT_Z=0.59; daily_ots=49389.8 > thresh=45631.7 (median=4689.4, MAD=2761.6, n=7433)"
1729388589032331985,2025-08-08,281079,samsung galaxy,Смартфоны,88989.429,20.5899,10.0,"CombinedScore=20.59; OTS_Z=20.59; COUNT_Z=1.18; daily_ots=88989.4 > thresh=45631.7 (median=4689.4, MAD=2761.6, n=7433)"
3098483603763034510,2025-08-08,207447,honor,Смартфоны,134586.928,35.1496,10.0,"CombinedScore=35.15; OTS_Z=35.15; COUNT_Z=8.40; daily_ots=134586.9 > thresh=41345.0 (median=4270.0, MAD=2500.7, n=4464)"
3458771572229117194,2025-08-08,215234,poco,Смартфоны,63608.625,15.2571,10.0,"CombinedScore=15.26; OTS_Z=15.26; COUNT_Z=2.28; daily_ots=63608.6 > thresh=43228.0 (median=4459.8, MAD=2614.9, n=3221)"
3747000630363940378,2025-08-08,281079,samsung galaxy,Смартфоны,92529.245,21.4545,10.0,"CombinedScore=21.45; OTS_Z=21.45; COUNT_Z=2.36; daily_ots=92529.2 > thresh=45631.7 (median=4689.4, MAD=2761.6, n=7433)"
4406223391538753408,2025-08-08,242139,яндекс,Аудиотехника,49654.425,13.8506,10.0,"CombinedScore=13.85; OTS_Z=13.85; COUNT_Z=1.46; daily_ots=49654.4 > thresh=36944.9 (median=3938.1, MAD=2226.3, n=2495)"
4476591665707205376,2025-08-08,207543,huawei,Смарт-часы и браслеты,67486.573,19.4654,10.0,"CombinedScore=19.47; OTS_Z=19.47; COUNT_Z=6.91; daily_ots=67486.6 > thresh=36711.3 (median=4198.1, MAD=2193.0, n=956)"
6052843423965704421,2025-08-08,383609,tiswell,Уход за полостью рта,25257.491,10.1336,10.0,"CombinedScore=10.13; OTS_Z=10.13; COUNT_Z=6.12; daily_ots=25257.5 > thresh=24968.8 (median=3363.7, MAD=1457.3, n=45)"
6052843423965704511,2025-08-08,221942,xiaomi,Смарт-часы и браслеты,50189.684,14.2634,10.0,"CombinedScore=14.26; OTS_Z=14.26; COUNT_Z=0.79; daily_ots=50189.7 > thresh=36417.1 (median=4113.1, MAD=2178.9, n=862)"
6629304165209877571,2025-08-08,202964,denon,Аудиотехника,81341.296,22.708,10.0,"CombinedScore=22.71; OTS_Z=22.71; COUNT_Z=2.29; daily_ots=81341.3 > thresh=37875.7 (median=3672.4, MAD=2307.0, n=46)"
8872100102946455617,2025-08-08,221622,whiskas,Корм для кошек,27204.489,10.2489,10.0,"CombinedScore=10.25; OTS_Z=10.25; COUNT_Z=0.00; daily_ots=27204.5 > thresh=26625.4 (median=3357.2, MAD=1569.4, n=656)"
360293909705804778,2025-08-09,200371,blackview,Смартфоны,39955.74,12.516,10.0,"CombinedScore=12.52; OTS_Z=12.52; COUNT_Z=0.74; daily_ots=39955.7 > thresh=32645.1 (median=3588.6, MAD=1959.9, n=145)"
585480984933644800,2025-08-09,219362,tecno,Смартфоны,27355.033,11.327,10.0,"CombinedScore=11.33; OTS_Z=11.33; COUNT_Z=0.00; daily_ots=27355.0 > thresh=24489.9 (median=2898.9, MAD=1456.3, n=869)"
1585271561336840314,2025-08-09,281079,samsung galaxy,Смартфоны,126099.715,29.654,10.0,"CombinedScore=29.65; OTS_Z=29.65; COUNT_Z=3.53; daily_ots=126099.7 > thresh=45631.7 (median=4689.4, MAD=2761.6, n=7433)"
1585271561336864469,2025-08-09,218309,sony,Малая техника,56907.837,13.2359,10.0,"CombinedScore=13.24; OTS_Z=13.24; COUNT_Z=2.62; daily_ots=56907.8 > thresh=44075.7 (median=4420.7, MAD=2674.7, n=356)"
1585271561336939603,2025-08-09,212017,midea,Малая техника,82065.099,22.844,10.0,"CombinedScore=22.84; OTS_Z=22.84; COUNT_Z=1.73; daily_ots=82065.1 > thresh=38131.1 (median=3925.4, MAD=2307.2, n=122)"
1585271561337018173,2025-08-09,198484,apple iphone,Смартфоны,57839.776,10.827,10.0,"CombinedScore=10.83; OTS_Z=10.83; COUNT_Z=1.84; daily_ots=57839.8 > thresh=53838.7 (median=5457.4, MAD=3263.3, n=9860)"
1585271561337025775,2025-08-09,201225,candy,Крупная техника,35763.492,11.2276,10.0,"CombinedScore=11.23; OTS_Z=11.23; COUNT_Z=2.17; daily_ots=35763.5 > thresh=32256.2 (median=3686.8, MAD=1927.0, n=221)"
2604643339473788352,2025-08-09,208807,karcher,Малая техника,37901.182,11.1685,10.0,"CombinedScore=11.17; OTS_Z=11.17; COUNT_Z=0.81; daily_ots=37901.2 > thresh=34348.3 (median=3941.5, MAD=2050.9, n=479)"
3458771572229117194,2025-08-09,215234,poco,Смартфоны,158397.22,39.7072,10.0,"CombinedScore=39.71; OTS_Z=39.71; COUNT_Z=5.13; daily_ots=158397.2 > thresh=43228.0 (median=4459.8, MAD=2614.9, n=3221)"
3891115984388077643,2025-08-09,198504,apple watch,Смарт-часы и браслеты,41161.618,13.2406,10.0,"CombinedScore=13.24; OTS_Z=13.24; COUNT_Z=1.03; daily_ots=41161.6 > thresh=32006.2 (median=3753.9, MAD=1905.6, n=323)"
5269225437896844992,2025-08-09,221942,xiaomi,Смартфоны,48782.342,12.5919,10.0,"CombinedScore=12.59; OTS_Z=12.59; COUNT_Z=4.27; daily_ots=48782.3 > thresh=39628.5 (median=4310.7, MAD=2382.2, n=3163)"
5413337214202462653,2025-08-09,281079,samsung galaxy,Смартфоны,157718.589,37.3767,10.0,"CombinedScore=37.38; OTS_Z=37.38; COUNT_Z=1.18; daily_ots=157718.6 > thresh=45631.7 (median=4689.4, MAD=2761.6, n=7433)"
8935148960500687616,2025-08-09,197627,adidas,Одежда,66968.988,18.5184,10.0,"CombinedScore=18.52; OTS_Z=18.52; COUNT_Z=1.11; daily_ots=66969.0 > thresh=38075.3 (median=4156.0, MAD=2287.9, n=697)"
1378872575867915520,2025-08-10,216181,redmi,Смартфоны,41291.016,10.3178,10.0,"CombinedScore=10.32; OTS_Z=10.32; COUNT_Z=1.52; daily_ots=41291.0 > thresh=40150.5 (median=4256.6, MAD=2421.0, n=4609)"
1585271561336901830,2025-08-10,216114,realme,Смартфоны,68572.064,16.8273,10.0,"CombinedScore=16.83; OTS_Z=16.83; COUNT_Z=1.89; daily_ots=68572.1 > thresh=42576.5 (median=4500.5, MAD=2568.2, n=3843)"
1585271561336913416,2025-08-10,208375,jbl (аудиотехника),Аудиотехника,39924.485,10.7938,10.0,"CombinedScore=10.79; OTS_Z=10.79; COUNT_Z=3.17; daily_ots=39924.5 > thresh=37287.4 (median=4067.2, MAD=2240.7, n=1174)"
1585271561337011960,2025-08-10,217282,schaub lorenz,Крупная техника,32991.796,13.0022,10.0,"CombinedScore=13.00; OTS_Z=13.00; COUNT_Z=1.60; daily_ots=32991.8 > thresh=26097.3 (median=3132.2, MAD=1549.0, n=12)"
1585271561337034979,2025-08-10,222393,zewa,Туалетная бумага,37522.642,13.5515,10.0,"CombinedScore=13.55; OTS_Z=13.55; COUNT_Z=1.41; daily_ots=37522.6 > thresh=28681.8 (median=3788.7, MAD=1679.0, n=249)"
1585271561337036299,2025-08-10,219709,tide,Товары для стирки,27400.866,10.9373,10.0,"CombinedScore=10.94; OTS_Z=10.94; COUNT_Z=0.00; daily_ots=27400.9 > thresh=25350.0 (median=3469.1, MAD=1475.9, n=233)"
1585271561337038249,2025-08-10,221229,vivo (электроника),Смартфоны,75747.4,17.6128,10.0,"CombinedScore=17.61; OTS_Z=17.61; COUNT_Z=2.34; daily_ots=75747.4 > thresh=45028.8 (median=4677.5, MAD=2721.7, n=1154)"
1585271561337051847,2025-08-10,214783,pedigree,Корм для собак,50074.053,14.3175,10.0,"CombinedScore=14.32; OTS_Z=14.32; COUNT_Z=2.54; daily_ots=50074.1 > thresh=36186.9 (median=4022.4, MAD=2169.5, n=89)"
1810459314961887746,2025-08-10,219127,ttaccardi,Обувь,27400.872,11.2792,10.0,"CombinedScore=11.28; OTS_Z=11.28; COUNT_Z=0.00; daily_ots=27400.9 > thresh=24665.9 (median=3284.9, MAD=1442.1, n=471)"
2531033574337164798,2025-08-10,242139,яндекс,Аудиотехника,81230.556,23.4171,10.0,"CombinedScore=23.42; OTS_Z=23.42; COUNT_Z=2.18; daily_ots=81230.6 > thresh=36944.9 (median=3938.1, MAD=2226.3, n=2495)"
3684346221097551104,2025-08-10,199814,befree,Одежда,49249.858,12.5487,10.0,"CombinedScore=12.55; OTS_Z=12.55; COUNT_Z=1.35; daily_ots=49249.9 > thresh=40178.7 (median=4587.0, MAD=2400.7, n=387)"
4332926112403708992,2025-08-10,219306,tcl (техника),Крупная техника,73312.42,22.316,10.0,"CombinedScore=22.32; OTS_Z=22.32; COUNT_Z=2.09; daily_ots=73312.4 > thresh=34879.3 (median=3673.6, MAD=2104.8, n=372)"
4980991965168188033,2025-08-10,207543,huawei,Смартфоны,39419.427,11.5015,10.0,"CombinedScore=11.50; OTS_Z=11.50; COUNT_Z=1.52; daily_ots=39419.4 > thresh=34773.1 (median=3828.5, MAD=2087.2, n=1984)"
5044039385649898752,2025-08-10,216181,redmi,Смартфоны,54801.334,14.0817,10.0,"CombinedScore=14.08; OTS_Z=14.08; COUNT_Z=0.76; daily_ots=54801.3 > thresh=40150.5 (median=4256.6, MAD=2421.0, n=4609)"
5413337214202462653,2025-08-10,216181,redmi,Смартфоны,51563.816,13.1797,10.0,"CombinedScore=13.18; OTS_Z=13.18; COUNT_Z=0.00; daily_ots=51563.8 > thresh=40150.5 (median=4256.6, MAD=2421.0, n=4609)"
5764615010830211364,2025-08-10,216114,realme,Смартфоны,52215.882,12.5316,10.0,"CombinedScore=12.53; OTS_Z=12.53; COUNT_Z=1.26; daily_ots=52215.9 > thresh=42576.5 (median=4500.5, MAD=2568.2, n=3843)"
7277824441388353957,2025-08-10,217082,samsung,Малая техника,68986.026,22.279,10.0,"CombinedScore=22.28; OTS_Z=22.28; COUNT_Z=2.01; daily_ots=68986.0 > thresh=33029.7 (median=3746.9, MAD=1975.1, n=205)"
8214572793405073281,2025-08-10,307306,tecno camon,Смартфоны,54321.875,15.3342,10.0,"CombinedScore=15.33; OTS_Z=15.33; COUNT_Z=3.26; daily_ots=54321.9 > thresh=36701.5 (median=3668.9, MAD=2228.1, n=806)"
8656829890936839488,2025-08-10,213383,new yorker,Одежда,40436.176,10.0193,10.0,"CombinedScore=10.02; OTS_Z=10.02; COUNT_Z=1.24; daily_ots=40436.2 > thresh=40368.1 (median=5131.8, MAD=2376.7, n=44)"
8801587602994100992,2025-08-10,197627,adidas,Обувь,34102.012,10.1745,10.0,"CombinedScore=10.17; OTS_Z=10.17; COUNT_Z=2.03; daily_ots=34102.0 > thresh=33583.1 (median=3846.3, MAD=2005.7, n=1525)"
792639191900656652,2025-08-11,219222,tamron,Малая техника,92317.114,21.5439,10.0,"CombinedScore=21.54; OTS_Z=21.54; COUNT_Z=0.00; daily_ots=92317.1 > thresh=45436.5 (median=4825.9, MAD=2739.2, n=25)"
873709458900883723,2025-08-11,219362,tecno,Смартфоны,26298.215,10.8375,10.0,"CombinedScore=10.84; OTS_Z=10.84; COUNT_Z=0.00; daily_ots=26298.2 > thresh=24489.9 (median=2898.9, MAD=1456.3, n=869)"
1224996632231164864,2025-08-11,221229,vivo (электроника),Смартфоны,45848.06,10.203,10.0,"CombinedScore=10.20; OTS_Z=10.20; COUNT_Z=3.12; daily_ots=45848.1 > thresh=45028.8 (median=4677.5, MAD=2721.7, n=1154)"
1306055321721055768,2025-08-11,202165,constant delight,Краски для волос,20573.994,10.5241,10.0,"CombinedScore=10.52; OTS_Z=10.52; COUNT_Z=0.00; daily_ots=20574.0 > thresh=19763.8 (median=4306.8, MAD=1042.6, n=12)"
4116489126782834816,2025-08-11,232457,мираторг,Корм для собак,21469.017,10.4316,10.0,"CombinedScore=10.43; OTS_Z=10.43; COUNT_Z=5.29; daily_ots=21469.0 > thresh=20690.8 (median=2658.4, MAD=1216.3, n=92)"
4692759896965140290,2025-08-11,214973,philips,Малая техника,54333.798,12.6564,10.0,"CombinedScore=12.66; OTS_Z=12.66; COUNT_Z=2.82; daily_ots=54333.8 > thresh=43979.5 (median=5000.9, MAD=2629.1, n=702)"
5629511959330150400,2025-08-11,213360,new balance,Обувь,51236.802,14.7204,10.0,"CombinedScore=14.72; OTS_Z=14.72; COUNT_Z=4.86; daily_ots=51236.8 > thresh=36096.0 (median=4020.5, MAD=2163.5, n=482)"
5764615010830211364,2025-08-11,281079,samsung galaxy,Смартфоны,214567.947,51.262,10.0,"CombinedScore=51.26; OTS_Z=51.26; COUNT_Z=4.71; daily_ots=214567.9 > thresh=45631.7 (median=4689.4, MAD=2761.6, n=7433)"
6701361217345430741,2025-08-11,198484,apple iphone,Смартфоны,58610.792,10.9864,10.0,"CombinedScore=10.99; OTS_Z=10.99; COUNT_Z=1.84; daily_ots=58610.8 > thresh=53838.7 (median=5457.4, MAD=3263.3, n=9860)"
6711600666779088385,2025-08-11,199911,belwest,Обувь,17990.49,10.7544,10.0,"CombinedScore=10.75; OTS_Z=10.75; COUNT_Z=1.19; daily_ots=17990.5 > thresh=16884.8 (median=2227.2, MAD=988.7, n=124)"
7430953319858640640,2025-08-11,208997,кето плюс,Средства для волос,76568.478,23.8491,10.0,"CombinedScore=23.85; OTS_Z=23.85; COUNT_Z=3.22; daily_ots=76568.5 > thresh=34319.2 (median=3812.3, MAD=2057.7, n=35)"
7575588373213017664,2025-08-11,198484,apple iphone,Смартфоны,61763.958,11.6381,10.0,"CombinedScore=11.64; OTS_Z=11.64; COUNT_Z=10.43; daily_ots=61764.0 > thresh=53838.7 (median=5457.4, MAD=3263.3, n=9860)"
8872102004503143591,2025-08-11,198484,apple iphone,Смартфоны,72820.812,13.9235,10.0,"CombinedScore=13.92; OTS_Z=13.92; COUNT_Z=0.61; daily_ots=72820.8 > thresh=53838.7 (median=5457.4, MAD=3263.3, n=9860)"
8872102004503143591,2025-08-11,281079,samsung galaxy,Смартфоны,72820.812,16.6408,10.0,"CombinedScore=16.64; OTS_Z=16.64; COUNT_Z=0.59; daily_ots=72820.8 > thresh=45631.7 (median=4689.4, MAD=2761.6, n=7433)"
8944162424173818304,2025-08-11,197627,adidas,Обувь,37737.18,11.397,10.0,"CombinedScore=11.40; OTS_Z=11.40; COUNT_Z=0.68; daily_ots=37737.2 > thresh=33583.1 (median=3846.3, MAD=2005.7, n=1525)"
225335593580788480,2025-08-12,281079,samsung galaxy,Смартфоны,58793.985,13.2148,10.0,"CombinedScore=13.21; OTS_Z=13.21; COUNT_Z=2.36; daily_ots=58794.0 > thresh=45631.7 (median=4689.4, MAD=2761.6, n=7433)"
1585271561336934288,2025-08-12,214553,panasonic,Аудиотехника,36837.537,12.7282,10.0,"CombinedScore=12.73; OTS_Z=12.73; COUNT_Z=2.30; daily_ots=36837.5 > thresh=29672.5 (median=3409.7, MAD=1771.4, n=103)"
1585271561336939603,2025-08-12,219709,tide,Товары для стирки,81164.916,35.5085,10.0,"CombinedScore=35.51; OTS_Z=35.51; COUNT_Z=2.94; daily_ots=81164.9 > thresh=25350.0 (median=3469.1, MAD=1475.9, n=233)"
1585271561337003723,2025-08-12,215234,poco,Смартфоны,81165.045,19.7856,10.0,"CombinedScore=19.79; OTS_Z=19.79; COUNT_Z=1.14; daily_ots=81165.0 > thresh=43228.0 (median=4459.8, MAD=2614.9, n=3221)"
1585271561337003723,2025-08-12,216114,realme,Смартфоны,54110.03,13.0291,10.0,"CombinedScore=13.03; OTS_Z=13.03; COUNT_Z=0.63; daily_ots=54110.0 > thresh=42576.5 (median=4500.5, MAD=2568.2, n=3843)"
1585271561337023406,2025-08-12,214348,osiris,Обувь,69330.925,16.7971,10.0,"CombinedScore=16.80; OTS_Z=16.80; COUNT_Z=3.62; daily_ots=69330.9 > thresh=43092.2 (median=4489.1, MAD=2603.8, n=12)"
2458979132178470784,2025-08-12,213474,nike,Детские одежда и обувь,39047.542,14.691,10.0,"CombinedScore=14.69; OTS_Z=14.69; COUNT_Z=2.49; daily_ots=39047.5 > thresh=27651.3 (median=3357.6, MAD=1638.6, n=120)"
3747000630363940378,2025-08-12,281079,samsung galaxy,Смартфоны,187511.67,44.6536,10.0,"CombinedScore=44.65; OTS_Z=44.65; COUNT_Z=5.30; daily_ots=187511.7 > thresh=45631.7 (median=4689.4, MAD=2761.6, n=7433)"
4332475006756913344,2025-08-12,201236,canon,Малая техника,52423.965,13.6302,10.0,"CombinedScore=13.63; OTS_Z=13.63; COUNT_Z=2.75; daily_ots=52424.0 > thresh=39580.9 (median=4202.3, MAD=2386.3, n=381)"
4692759896965140290,2025-08-12,214973,philips,Малая техника,45625.535,10.4223,10.0,"CombinedScore=10.42; OTS_Z=10.42; COUNT_Z=2.26; daily_ots=45625.5 > thresh=43979.5 (median=5000.9, MAD=2629.1, n=702)"
4693767893618572608,2025-08-12,214101,omsa,Одежда,35231.43,13.2307,10.0,"CombinedScore=13.23; OTS_Z=13.23; COUNT_Z=6.18; daily_ots=35231.4 > thresh=27567.0 (median=3843.4, MAD=1600.2, n=231)"
4694269270920854528,2025-08-12,238974,tecno spark,Смартфоны,59083.224,17.0676,10.0,"CombinedScore=17.07; OTS_Z=17.07; COUNT_Z=6.23; daily_ots=59083.2 > thresh=36237.5 (median=3913.1, MAD=2180.3, n=1254)"
4899922101829706304,2025-08-12,210685,loreal,Краски для волос,28660.626,12.5868,10.0,"CombinedScore=12.59; OTS_Z=12.59; COUNT_Z=1.35; daily_ots=28660.6 > thresh=23493.8 (median=3520.1, MAD=1347.2, n=204)"
6341074104264856442,2025-08-12,216181,redmi,Смартфоны,49057.448,12.4815,10.0,"CombinedScore=12.48; OTS_Z=12.48; COUNT_Z=2.28; daily_ots=49057.4 > thresh=40150.5 (median=4256.6, MAD=2421.0, n=4609)"
6566261489145002688,2025-08-12,239221,тофа,Обувь,13908.732,12.0481,10.0,"CombinedScore=12.05; OTS_Z=12.05; COUNT_Z=2.59; daily_ots=13908.7 > thresh=12020.0 (median=2798.4, MAD=622.0, n=33)"
8295642745197945921,2025-08-12,198151,amazfit,Смарт-часы и браслеты,38371.44,11.6104,10.0,"CombinedScore=11.61; OTS_Z=11.61; COUNT_Z=2.14; daily_ots=38371.4 > thresh=33627.7 (median=4171.3, MAD=1986.8, n=262)"
8872102004503143591,2025-08-12,216114,realme,Смартфоны,69427.146,17.0519,10.0,"CombinedScore=17.05; OTS_Z=17.05; COUNT_Z=0.63; daily_ots=69427.1 > thresh=42576.5 (median=4500.5, MAD=2568.2, n=3843)"
8872102004503143591,2025-08-12,218466,splat,Уход за полостью рта,34713.573,11.514,10.0,"CombinedScore=11.51; OTS_Z=11.51; COUNT_Z=0.00; daily_ots=34713.6 > thresh=30656.8 (median=3862.3, MAD=1807.3, n=329)"
8872102004503143591,2025-08-12,281079,samsung galaxy,Смартфоны,69427.146,15.8119,10.0,"CombinedScore=15.81; OTS_Z=15.81; COUNT_Z=0.59; daily_ots=69427.1 > thresh=45631.7 (median=4689.4, MAD=2761.6, n=7433)"
81077505949385027,2025-08-13,207447,honor,Смартфоны,42650.316,10.3521,10.0,"CombinedScore=10.35; OTS_Z=10.35; COUNT_Z=0.00; daily_ots=42650.3 > thresh=41345.0 (median=4270.0, MAD=2500.7, n=4464)"
504410216844887574,2025-08-13,201581,chappi,Корм для собак,109011.808,46.8854,10.0,"CombinedScore=46.89; OTS_Z=46.89; COUNT_Z=4.43; daily_ots=109011.8 > thresh=26127.8 (median=3657.2, MAD=1515.6, n=141)"
657645625071782656,2025-08-13,201926,clever wear,Одежда,18964.14,10.9885,10.0,"CombinedScore=10.99; OTS_Z=10.99; COUNT_Z=1.96; daily_ots=18964.1 > thresh=17511.7 (median=2818.3, MAD=991.1, n=40)"
1234000039061637954,2025-08-13,198484,apple iphone,Смартфоны,92554.916,18.0023,10.0,"CombinedScore=18.00; OTS_Z=18.00; COUNT_Z=1.84; daily_ots=92554.9 > thresh=53838.7 (median=5457.4, MAD=3263.3, n=9860)"
1585271561336615576,2025-08-13,213768,nubia,Смартфоны,41980.813,13.1431,10.0,"CombinedScore=13.14; OTS_Z=13.14; COUNT_Z=8.27; daily_ots=41980.8 > thresh=32792.9 (median=3560.8, MAD=1971.7, n=138)"
1585271561336877696,2025-08-13,218309,sony,Аудиотехника,38328.003,11.2348,10.0,"CombinedScore=11.23; OTS_Z=11.23; COUNT_Z=5.86; daily_ots=38328.0 > thresh=34510.6 (median=3596.3, MAD=2085.2, n=486)"
1585271561336920078,2025-08-13,198350,anker,Аудиотехника,29040.342,10.1114,10.0,"CombinedScore=10.11; OTS_Z=10.11; COUNT_Z=2.46; daily_ots=29040.3 > thresh=28764.7 (median=4023.9, MAD=1668.8, n=68)"
1585271561337002196,2025-08-13,202429,cropp,Обувь,8118.845,32.0618,10.0,"CombinedScore=32.06; OTS_Z=32.06; COUNT_Z=2.74; daily_ots=8118.8 > thresh=3634.2 (median=1601.5, MAD=137.1, n=17)"
1585271561337023951,2025-08-13,206519,grass,Универсальные чистящие средства,46911.102,16.5953,10.0,"CombinedScore=16.60; OTS_Z=16.60; COUNT_Z=10.15; daily_ots=46911.1 > thresh=29722.7 (median=3660.9, MAD=1757.9, n=602)"
1585271561337036299,2025-08-13,216114,realme,Смартфоны,54505.904,13.133,10.0,"CombinedScore=13.13; OTS_Z=13.13; COUNT_Z=0.63; daily_ots=54505.9 > thresh=42576.5 (median=4500.5, MAD=2568.2, n=3843)"
1585271561337042692,2025-08-13,205729,futurino,Детские одежда и обувь,27252.952,11.7774,10.0,"CombinedScore=11.78; OTS_Z=11.78; COUNT_Z=0.00; daily_ots=27253.0 > thresh=23729.9 (median=3909.0, MAD=1336.9, n=110)"
1585271561337042692,2025-08-13,214407,outventure,Одежда,27252.952,12.1034,10.0,"CombinedScore=12.10; OTS_Z=12.10; COUNT_Z=0.00; daily_ots=27253.0 > thresh=23103.2 (median=3374.2, MAD=1330.7, n=124)"
1585271561337045121,2025-08-13,204459,estel,Средства для волос,40246.034,12.7699,10.0,"CombinedScore=12.77; OTS_Z=12.77; COUNT_Z=1.28; daily_ots=40246.0 > thresh=32381.2 (median=3987.6, MAD=1915.2, n=471)"
1873514497487928217,2025-08-13,214553,panasonic,Малая техника,131745.624,50.131,10.0,"CombinedScore=50.13; OTS_Z=50.13; COUNT_Z=3.13; daily_ots=131745.6 > thresh=29090.8 (median=3510.9, MAD=1725.4, n=261)"
3314657355444378182,2025-08-13,197548,asics,Обувь,51167.176,12.9031,10.0,"CombinedScore=12.90; OTS_Z=12.90; COUNT_Z=1.08; daily_ots=51167.2 > thresh=40678.3 (median=4548.6, MAD=2436.9, n=512)"
3747000630363940378,2025-08-13,207943,infinix,Смартфоны,56594.436,15.2587,10.0,"CombinedScore=15.26; OTS_Z=15.26; COUNT_Z=1.42; daily_ots=56594.4 > thresh=38467.1 (median=3995.5, MAD=2325.1, n=1831)"
3747000630363940378,2025-08-13,281079,samsung galaxy,Смартфоны,132053.684,31.1082,10.0,"CombinedScore=31.11; OTS_Z=31.11; COUNT_Z=3.53; daily_ots=132053.7 > thresh=45631.7 (median=4689.4, MAD=2761.6, n=7433)"
3747001515156930818,2025-08-13,281079,samsung galaxy,Смартфоны,71402.575,16.2944,10.0,"CombinedScore=16.29; OTS_Z=16.29; COUNT_Z=2.36; daily_ots=71402.6 > thresh=45631.7 (median=4689.4, MAD=2761.6, n=7433)"
4116348389294694784,2025-08-13,281079,samsung galaxy,Смартфоны,54505.904,12.1675,10.0,"CombinedScore=12.17; OTS_Z=12.17; COUNT_Z=0.59; daily_ots=54505.9 > thresh=45631.7 (median=4689.4, MAD=2761.6, n=7433)"
4116348389294694784,2025-08-13,311362,tecno pova,Смартфоны,109011.808,31.7613,10.0,"CombinedScore=31.76; OTS_Z=31.76; COUNT_Z=2.61; daily_ots=109011.8 > thresh=37011.2 (median=3924.7, MAD=2231.7, n=1104)"
4261958918713328448,2025-08-13,215234,poco,Смартфоны,47753.0,11.1672,10.0,"CombinedScore=11.17; OTS_Z=11.17; COUNT_Z=2.28; daily_ots=47753.0 > thresh=43228.0 (median=4459.8, MAD=2614.9, n=3221)"
5260212023980595118,2025-08-13,215234,poco,Смартфоны,100901.375,24.8765,10.0,"CombinedScore=24.88; OTS_Z=24.88; COUNT_Z=9.12; daily_ots=100901.4 > thresh=43228.0 (median=4459.8, MAD=2614.9, n=3221)"
6196958805535046283,2025-08-13,209227,kitfort,Малая техника,32131.217,10.0528,10.0,"CombinedScore=10.05; OTS_Z=10.05; COUNT_Z=0.00; daily_ots=32131.2 > thresh=31982.8 (median=3853.5, MAD=1897.3, n=830)"
6629304165209877269,2025-08-13,207543,huawei,Смартфоны,58150.885,17.5547,10.0,"CombinedScore=17.55; OTS_Z=17.55; COUNT_Z=3.04; daily_ots=58150.9 > thresh=34773.1 (median=3828.5, MAD=2087.2, n=1984)"
8214571128982578575,2025-08-13,198259,amway,Универсальные чистящие средства,42266.625,22.7839,10.0,"CombinedScore=22.78; OTS_Z=22.78; COUNT_Z=3.45; daily_ots=42266.6 > thresh=20562.7 (median=3585.1, MAD=1145.1, n=78)"
8214571128982578575,2025-08-13,219103,synergetic,Товары для стирки,28177.75,10.2218,10.0,"CombinedScore=10.22; OTS_Z=10.22; COUNT_Z=1.62; daily_ots=28177.8 > thresh=27643.8 (median=3565.6, MAD=1624.1, n=218)"
360295029579446279,2025-08-14,198484,apple iphone,Смартфоны,54348.644,10.1054,10.0,"CombinedScore=10.11; OTS_Z=10.11; COUNT_Z=1.84; daily_ots=54348.6 > thresh=53838.7 (median=5457.4, MAD=3263.3, n=9860)"
1522239587313476288,2025-08-14,330450,tecno buds,Аудиотехника,25400.351,11.7096,10.0,"CombinedScore=11.71; OTS_Z=11.71; COUNT_Z=0.00; daily_ots=25400.4 > thresh=22066.8 (median=2568.4, MAD=1315.2, n=27)"
1585271561336584729,2025-08-14,205874,garnier,Средства для мытья и ухода за руками,47679.57,14.1691,10.0,"CombinedScore=14.17; OTS_Z=14.17; COUNT_Z=2.12; daily_ots=47679.6 > thresh=34813.6 (median=3953.6, MAD=2081.5, n=3)"
1585271561336615576,2025-08-14,207447,honor,Смартфоны,45096.942,11.012,10.0,"CombinedScore=11.01; OTS_Z=11.01; COUNT_Z=3.23; daily_ots=45096.9 > thresh=41345.0 (median=4270.0, MAD=2500.7, n=4464)"
1585271561336965723,2025-08-14,205867,garmin,Смарт-часы и браслеты,25777.856,10.2281,10.0,"CombinedScore=10.23; OTS_Z=10.23; COUNT_Z=5.82; daily_ots=25777.9 > thresh=25289.9 (median=3896.8, MAD=1443.0, n=153)"
1585271561337003723,2025-08-14,221557,wellfort,Малая техника,26912.476,13.6854,10.0,"CombinedScore=13.69; OTS_Z=13.69; COUNT_Z=0.00; daily_ots=26912.5 > thresh=20541.5 (median=3254.2, MAD=1166.0, n=17)"
2098688789787818843,2025-08-14,199228,акс,Дезодоранты,27263.712,10.7092,10.0,"CombinedScore=10.71; OTS_Z=10.71; COUNT_Z=1.81; daily_ots=27263.7 > thresh=25692.4 (median=3535.4, MAD=1494.5, n=255)"
2449965110012013004,2025-08-14,216575,roborock,Малая техника,49086.752,11.2223,10.0,"CombinedScore=11.22; OTS_Z=11.22; COUNT_Z=4.25; daily_ots=49086.8 > thresh=44206.3 (median=4276.4, MAD=2693.3, n=176)"
2603091538862898406,2025-08-14,204933,felix (корм),Корм для кошек,27726.934,10.3591,10.0,"CombinedScore=10.36; OTS_Z=10.36; COUNT_Z=1.35; daily_ots=27726.9 > thresh=26882.5 (median=3368.5, MAD=1586.0, n=725)"
3828751370547352448,2025-08-14,207943,infinix,Смартфоны,45171.939,11.9451,10.0,"CombinedScore=11.95; OTS_Z=11.95; COUNT_Z=1.42; daily_ots=45171.9 > thresh=38467.1 (median=3995.5, MAD=2325.1, n=1831)"
3891117339130576500,2025-08-14,281079,samsung galaxy,Смартфоны,53828.934,12.0021,10.0,"CombinedScore=12.00; OTS_Z=12.00; COUNT_Z=0.59; daily_ots=53828.9 > thresh=45631.7 (median=4689.4, MAD=2761.6, n=7433)"
3901257438148375808,2025-08-14,218803,strobbs,Обувь,41178.129,13.6653,10.0,"CombinedScore=13.67; OTS_Z=13.67; COUNT_Z=2.70; daily_ots=41178.1 > thresh=31354.9 (median=4554.2, MAD=1807.7, n=166)"
4117334242970440768,2025-08-14,213474,nike,Обувь,42236.064,10.0953,10.0,"CombinedScore=10.10; OTS_Z=10.10; COUNT_Z=1.80; daily_ots=42236.1 > thresh=41879.1 (median=4429.4, MAD=2526.0, n=1795)"
4251403556427968395,2025-08-14,216436,riche,Средства для умывания и ухода за лицом,26598.687,10.9401,10.0,"CombinedScore=10.94; OTS_Z=10.94; COUNT_Z=0.00; daily_ots=26598.7 > thresh=24607.3 (median=3423.5, MAD=1428.8, n=12)"
4899922101829706304,2025-08-14,209227,kitfort,Малая техника,40425.428,13.0014,10.0,"CombinedScore=13.00; OTS_Z=13.00; COUNT_Z=1.24; daily_ots=40425.4 > thresh=31982.8 (median=3853.5, MAD=1897.3, n=830)"
4910082336722384384,2025-08-14,207943,infinix,Смартфоны,45309.488,11.985,10.0,"CombinedScore=11.98; OTS_Z=11.98; COUNT_Z=2.13; daily_ots=45309.5 > thresh=38467.1 (median=3995.5, MAD=2325.1, n=1831)"
5125108828712653249,2025-08-14,213159,natura siberica (косметика),Товары для ухода за телом,15922.88,10.9401,10.0,"CombinedScore=10.94; OTS_Z=10.94; COUNT_Z=3.77; daily_ots=15922.9 > thresh=14838.1 (median=3298.7, MAD=778.3, n=14)"
6052843423965704462,2025-08-14,208375,jbl (аудиотехника),Аудиотехника,53828.934,14.9793,10.0,"CombinedScore=14.98; OTS_Z=14.98; COUNT_Z=0.79; daily_ots=53828.9 > thresh=37287.4 (median=4067.2, MAD=2240.7, n=1174)"
6341074104264852073,2025-08-14,198484,apple iphone,Смартфоны,54360.985,10.108,10.0,"CombinedScore=10.11; OTS_Z=10.11; COUNT_Z=3.68; daily_ots=54361.0 > thresh=53838.7 (median=5457.4, MAD=3263.3, n=9860)"
6341074104264852356,2025-08-14,205948,gefest (бытовая техника),Крупная техника,38494.786,10.9294,10.0,"CombinedScore=10.93; OTS_Z=10.93; COUNT_Z=6.95; daily_ots=38494.8 > thresh=35543.9 (median=3794.3, MAD=2141.5, n=302)"
6629304165209877571,2025-08-14,214156,onkyo,Аудиотехника,35875.942,11.4696,10.0,"CombinedScore=11.47; OTS_Z=11.47; COUNT_Z=1.29; daily_ots=35875.9 > thresh=31803.6 (median=4092.3, MAD=1869.1, n=22)"
7719182053721747777,2025-08-14,221942,xiaomi,Смартфоны,40368.152,10.2094,10.0,"CombinedScore=10.21; OTS_Z=10.21; COUNT_Z=2.13; daily_ots=40368.2 > thresh=39628.5 (median=4310.7, MAD=2382.2, n=3163)"
7782225885427882725,2025-08-14,208338,janome,Малая техника,36967.275,13.5603,10.0,"CombinedScore=13.56; OTS_Z=13.56; COUNT_Z=1.25; daily_ots=36967.3 > thresh=28154.2 (median=3400.5, MAD=1669.6, n=110)"
8214571128982578575,2025-08-14,215761,purina one,Корм для кошек,42530.094,13.3038,10.0,"CombinedScore=13.30; OTS_Z=13.30; COUNT_Z=3.64; daily_ots=42530.1 > thresh=32929.7 (median=3870.9, MAD=1960.0, n=465)"
8214571128982578588,2025-08-14,207447,honor,Смартфоны,43496.772,10.5804,10.0,"CombinedScore=10.58; OTS_Z=10.58; COUNT_Z=1.29; daily_ots=43496.8 > thresh=41345.0 (median=4270.0, MAD=2500.7, n=4464)"
1585271561337011960,2025-08-15,239355,триколор,Крупная техника,49477.17,15.4869,10.0,"CombinedScore=15.49; OTS_Z=15.49; COUNT_Z=2.53; daily_ots=49477.2 > thresh=33324.8 (median=3886.6, MAD=1985.6, n=119)"
1585271561337021320,2025-08-15,215234,poco,Смартфоны,62677.26,15.0168,10.0,"CombinedScore=15.02; OTS_Z=15.02; COUNT_Z=5.13; daily_ots=62677.3 > thresh=43228.0 (median=4459.8, MAD=2614.9, n=3221)"
2377907662666834967,2025-08-15,221942,xiaomi,Смартфоны,60289.95,15.8502,10.0,"CombinedScore=15.85; OTS_Z=15.85; COUNT_Z=4.27; daily_ots=60290.0 > thresh=39628.5 (median=4310.7, MAD=2382.2, n=3163)"
2738194092690289800,2025-08-15,204179,elseve,Средства для волос,40275.396,10.645,10.0,"CombinedScore=10.64; OTS_Z=10.64; COUNT_Z=3.14; daily_ots=40275.4 > thresh=38109.4 (median=4526.1, MAD=2265.2, n=160)"
3747000630363940378,2025-08-15,281079,samsung galaxy,Смартфоны,76729.26,17.5954,10.0,"CombinedScore=17.60; OTS_Z=17.60; COUNT_Z=1.77; daily_ots=76729.3 > thresh=45631.7 (median=4689.4, MAD=2761.6, n=7433)"
3747000630363940446,2025-08-15,216114,realme,Смартфоны,64789.338,15.8338,10.0,"CombinedScore=15.83; OTS_Z=15.83; COUNT_Z=3.14; daily_ots=64789.3 > thresh=42576.5 (median=4500.5, MAD=2568.2, n=3843)"
3747001515156930818,2025-08-15,281079,samsung galaxy,Смартфоны,70723.21,16.1285,10.0,"CombinedScore=16.13; OTS_Z=16.13; COUNT_Z=2.36; daily_ots=70723.2 > thresh=45631.7 (median=4689.4, MAD=2761.6, n=7433)"
3828751370547352448,2025-08-15,214199,oppo (электроника),Смартфоны,56665.362,15.3258,10.0,"CombinedScore=15.33; OTS_Z=15.33; COUNT_Z=1.65; daily_ots=56665.4 > thresh=38433.0 (median=4198.8, MAD=2309.1, n=872)"
3828751370547352448,2025-08-15,216114,realme,Смартфоны,56665.362,13.7002,10.0,"CombinedScore=13.70; OTS_Z=13.70; COUNT_Z=1.26; daily_ots=56665.4 > thresh=42576.5 (median=4500.5, MAD=2568.2, n=3843)"
4107288419676846194,2025-08-15,307306,tecno camon,Смартфоны,61854.909,17.6147,10.0,"CombinedScore=17.61; OTS_Z=17.61; COUNT_Z=1.63; daily_ots=61854.9 > thresh=36701.5 (median=3668.9, MAD=2228.1, n=806)"
4107288419676846194,2025-08-15,311362,tecno pova,Смартфоны,82473.212,23.7403,10.0,"CombinedScore=23.74; OTS_Z=23.74; COUNT_Z=2.61; daily_ots=82473.2 > thresh=37011.2 (median=3924.7, MAD=2231.7, n=1104)"
4107288419676846200,2025-08-15,198484,apple iphone,Смартфоны,88539.276,17.1723,10.0,"CombinedScore=17.17; OTS_Z=17.17; COUNT_Z=6.75; daily_ots=88539.3 > thresh=53838.7 (median=5457.4, MAD=3263.3, n=9860)"
5116096277414528843,2025-08-15,208375,jbl (аудиотехника),Аудиотехника,123712.256,36.0157,10.0,"CombinedScore=36.02; OTS_Z=36.02; COUNT_Z=11.89; daily_ots=123712.3 > thresh=37287.4 (median=4067.2, MAD=2240.7, n=1174)"
6557246880847484935,2025-08-15,215234,poco,Смартфоны,104787.58,25.8789,10.0,"CombinedScore=25.88; OTS_Z=25.88; COUNT_Z=1.71; daily_ots=104787.6 > thresh=43228.0 (median=4459.8, MAD=2614.9, n=3221)"
8656829890936839488,2025-08-15,208375,jbl (аудиотехника),Аудиотехника,103045.989,29.7947,10.0,"CombinedScore=29.79; OTS_Z=29.79; COUNT_Z=0.00; daily_ots=103046.0 > thresh=37287.4 (median=4067.2, MAD=2240.7, n=1174)"
8944568632607099200,2025-08-15,213474,nike,Обувь,54444.761,13.3554,10.0,"CombinedScore=13.36; OTS_Z=13.36; COUNT_Z=3.59; daily_ots=54444.8 > thresh=41879.1 (median=4429.4, MAD=2526.0, n=1795)"
1585271561336624245,2025-08-16,204023,elari,Смарт-часы и браслеты,27537.72,13.3939,10.0,"CombinedScore=13.39; OTS_Z=13.39; COUNT_Z=3.84; daily_ots=27537.7 > thresh=21440.5 (median=3475.0, MAD=1211.8, n=16)"
1585271561336743813,2025-08-16,221223,vivienne sabo,Макияж для глаз,36900.906,11.2312,10.0,"CombinedScore=11.23; OTS_Z=11.23; COUNT_Z=1.45; daily_ots=36900.9 > thresh=33278.5 (median=3857.3, MAD=1984.5, n=310)"
1585271561336864469,2025-08-16,218309,sony,Малая техника,63823.744,14.98,10.0,"CombinedScore=14.98; OTS_Z=14.98; COUNT_Z=3.05; daily_ots=63823.7 > thresh=44075.7 (median=4420.7, MAD=2674.7, n=356)"
1585271561337011960,2025-08-16,281079,samsung galaxy,Смартфоны,49402.413,10.921,10.0,"CombinedScore=10.92; OTS_Z=10.92; COUNT_Z=1.18; daily_ots=49402.4 > thresh=45631.7 (median=4689.4, MAD=2761.6, n=7433)"
1585271561337038249,2025-08-16,230938,лесной бальзам,Уход за полостью рта,41902.626,18.5997,10.0,"CombinedScore=18.60; OTS_Z=18.60; COUNT_Z=2.31; daily_ots=41902.6 > thresh=24183.8 (median=3579.7, MAD=1389.7, n=125)"
3035436765780351298,2025-08-16,216182,redmond (бытовая техника),Малая техника,71331.762,27.7557,10.0,"CombinedScore=27.76; OTS_Z=27.76; COUNT_Z=2.06; daily_ots=71331.8 > thresh=27895.2 (median=3431.8, MAD=1650.1, n=550)"
6052842926298072622,2025-08-16,216114,realme,Крупная техника,21574.788,15.4097,10.0,"CombinedScore=15.41; OTS_Z=15.41; COUNT_Z=2.18; daily_ots=21574.8 > thresh=15043.1 (median=2968.9, MAD=814.4, n=10)"
6557246880847484935,2025-08-16,214199,oppo (электроника),Смартфоны,54455.712,14.6803,10.0,"CombinedScore=14.68; OTS_Z=14.68; COUNT_Z=1.65; daily_ots=54455.7 > thresh=38433.0 (median=4198.8, MAD=2309.1, n=872)"
6557246880847484935,2025-08-16,215234,poco,Смартфоны,254126.656,64.4,10.0,"CombinedScore=64.40; OTS_Z=64.40; COUNT_Z=7.41; daily_ots=254126.7 > thresh=43228.0 (median=4459.8, MAD=2614.9, n=3221)"
6557246880847484935,2025-08-16,221942,xiaomi,Смартфоны,72607.616,19.3378,10.0,"CombinedScore=19.34; OTS_Z=19.34; COUNT_Z=2.13; daily_ots=72607.6 > thresh=39628.5 (median=4310.7, MAD=2382.2, n=3163)"
6710377279947371714,2025-08-16,213474,nike,Одежда,37553.764,10.3883,10.0,"CombinedScore=10.39; OTS_Z=10.39; COUNT_Z=3.14; daily_ots=37553.8 > thresh=36294.6 (median=3864.3, MAD=2187.4, n=707)"
6710377279947371714,2025-08-16,213474,nike,Обувь,300430.112,79.0396,10.0,"CombinedScore=79.04; OTS_Z=79.04; COUNT_Z=18.57; daily_ots=300430.1 > thresh=41879.1 (median=4429.4, MAD=2526.0, n=1795)"
7214778464155601536,2025-08-16,207097,hello kitty,Детские одежда и обувь,26500.006,12.5891,10.0,"CombinedScore=12.59; OTS_Z=12.59; COUNT_Z=0.00; daily_ots=26500.0 > thresh=21942.2 (median=4338.3, MAD=1187.4, n=21)"
8872102004503143591,2025-08-16,216114,realme,Смартфоны,62374.232,15.1995,10.0,"CombinedScore=15.20; OTS_Z=15.20; COUNT_Z=0.63; daily_ots=62374.2 > thresh=42576.5 (median=4500.5, MAD=2568.2, n=3843)"
441361688982362497,2025-08-17,206703,guess,Одежда,22422.204,11.2062,10.0,"CombinedScore=11.21; OTS_Z=11.21; COUNT_Z=2.44; daily_ots=22422.2 > thresh=20379.7 (median=3445.8, MAD=1142.2, n=52)"
513421936608554178,2025-08-17,281079,samsung galaxy,Смартфоны,62317.824,14.0755,10.0,"CombinedScore=14.08; OTS_Z=14.08; COUNT_Z=4.12; daily_ots=62317.8 > thresh=45631.7 (median=4689.4, MAD=2761.6, n=7433)"
576468234569919249,2025-08-17,328664,razz,Крупная техника,34010.956,11.6833,10.0,"CombinedScore=11.68; OTS_Z=11.68; COUNT_Z=2.60; daily_ots=34011.0 > thresh=29649.0 (median=3734.8, MAD=1747.9, n=26)"
648524241621891147,2025-08-17,210301,levis (одежда),Одежда,41000.634,14.6435,10.0,"CombinedScore=14.64; OTS_Z=14.64; COUNT_Z=6.41; daily_ots=41000.6 > thresh=29067.0 (median=3367.4, MAD=1733.4, n=165)"
1585271561336650557,2025-08-17,225594,витязь (бытовая техника),Крупная техника,13556.907,10.4203,10.0,"CombinedScore=10.42; OTS_Z=10.42; COUNT_Z=2.98; daily_ots=13556.9 > thresh=13088.1 (median=1935.9, MAD=752.2, n=10)"
1585271561336657646,2025-08-17,207758,iffalcon,Крупная техника,50513.78,39.0227,10.0,"CombinedScore=39.02; OTS_Z=39.02; COUNT_Z=3.13; daily_ots=50513.8 > thresh=15632.0 (median=3613.2, MAD=810.7, n=18)"
1585271561336821769,2025-08-17,208375,jbl (аудиотехника),Аудиотехника,39399.976,10.6359,10.0,"CombinedScore=10.64; OTS_Z=10.64; COUNT_Z=7.92; daily_ots=39400.0 > thresh=37287.4 (median=4067.2, MAD=2240.7, n=1174)"
1585271561337011960,2025-08-17,217082,samsung,Крупная техника,49243.569,16.5471,10.0,"CombinedScore=16.55; OTS_Z=16.55; COUNT_Z=2.24; daily_ots=49243.6 > thresh=31154.3 (median=3524.9, MAD=1863.6, n=1271)"
1585271561337011960,2025-08-17,217282,schaub lorenz,Крупная техника,32829.046,12.9313,10.0,"CombinedScore=12.93; OTS_Z=12.93; COUNT_Z=1.60; daily_ots=32829.0 > thresh=26097.3 (median=3132.2, MAD=1549.0, n=12)"
2738194092690289771,2025-08-17,206416,gorenje,Крупная техника,33744.045,11.2006,10.0,"CombinedScore=11.20; OTS_Z=11.20; COUNT_Z=1.29; daily_ots=33744.0 > thresh=30537.5 (median=3829.3, MAD=1801.5, n=318)"
3179552246924931267,2025-08-17,202102,comfee,Крупная техника,25158.334,10.0875,10.0,"CombinedScore=10.09; OTS_Z=10.09; COUNT_Z=1.78; daily_ots=25158.3 > thresh=24972.0 (median=3682.1, MAD=1436.0, n=37)"
3747000630363940378,2025-08-17,281079,samsung galaxy,Смартфоны,57488.439,12.8959,10.0,"CombinedScore=12.90; OTS_Z=12.90; COUNT_Z=1.18; daily_ots=57488.4 > thresh=45631.7 (median=4689.4, MAD=2761.6, n=7433)"
5044039385649898752,2025-08-17,199821,behringer,Аудиотехника,109032.176,21.7925,10.0,"CombinedScore=21.79; OTS_Z=21.79; COUNT_Z=1.90; daily_ots=109032.2 > thresh=52914.6 (median=5326.9, MAD=3209.8, n=117)"
5044039385649898752,2025-08-17,281351,yamaha,Аудиотехника,54516.088,12.7348,10.0,"CombinedScore=12.73; OTS_Z=12.73; COUNT_Z=1.69; daily_ots=54516.1 > thresh=45007.5 (median=10239.1, MAD=2345.1, n=176)"
5413337214202462653,2025-08-17,281079,samsung galaxy,Смартфоны,99525.99,23.1634,10.0,"CombinedScore=23.16; OTS_Z=23.16; COUNT_Z=0.59; daily_ots=99526.0 > thresh=45631.7 (median=4689.4, MAD=2761.6, n=7433)"
5557453419725369300,2025-08-17,205496,foxy expert,Средства для маникюра,36126.027,11.9083,10.0,"CombinedScore=11.91; OTS_Z=11.91; COUNT_Z=3.81; daily_ots=36126.0 > thresh=30946.1 (median=3802.1, MAD=1830.9, n=51)"
6052843423965704462,2025-08-17,214903,pesitro,Уход за полостью рта,109036.784,18.5015,10.0,"CombinedScore=18.50; OTS_Z=18.50; COUNT_Z=4.65; daily_ots=109036.8 > thresh=62044.8 (median=6769.6, MAD=3728.3, n=38)"
6557246880847484935,2025-08-17,207543,huawei,Смартфоны,49791.246,14.8532,10.0,"CombinedScore=14.85; OTS_Z=14.85; COUNT_Z=1.52; daily_ots=49791.2 > thresh=34773.1 (median=3828.5, MAD=2087.2, n=1984)"
8872102004503143591,2025-08-17,214142,oneplus,Смартфоны,93032.097,24.1792,10.0,"CombinedScore=24.18; OTS_Z=24.18; COUNT_Z=1.24; daily_ots=93032.1 > thresh=41004.4 (median=4311.5, MAD=2474.9, n=851)"
8872102004503143591,2025-08-17,215234,poco,Смартфоны,62021.398,14.8477,10.0,"CombinedScore=14.85; OTS_Z=14.85; COUNT_Z=0.57; daily_ots=62021.4 > thresh=43228.0 (median=4459.8, MAD=2614.9, n=3221)"
8872102004503143591,2025-08-17,216114,realme,Смартфоны,124042.796,31.3957,10.0,"CombinedScore=31.40; OTS_Z=31.40; COUNT_Z=1.89; daily_ots=124042.8 > thresh=42576.5 (median=4500.5, MAD=2568.2, n=3843)"
8872102004503143591,2025-08-17,281079,samsung galaxy,Смартфоны,62021.398,14.0031,10.0,"CombinedScore=14.00; OTS_Z=14.00; COUNT_Z=0.59; daily_ots=62021.4 > thresh=45631.7 (median=4689.4, MAD=2761.6, n=7433)"
9089272665615484736,2025-08-17,216181,redmi,Смартфоны,188266.912,51.2651,10.0,"CombinedScore=51.27; OTS_Z=51.27; COUNT_Z=2.28; daily_ots=188266.9 > thresh=40150.5 (median=4256.6, MAD=2421.0, n=4609)"
441361688982364354,2025-08-18,213474,nike,Обувь,62172.624,15.4189,10.0,"CombinedScore=15.42; OTS_Z=15.42; COUNT_Z=6.59; daily_ots=62172.6 > thresh=41879.1 (median=4429.4, MAD=2526.0, n=1795)"
945767318361640843,2025-08-18,208796,kappa,Одежда,44229.19,13.0839,10.0,"CombinedScore=13.08; OTS_Z=13.08; COUNT_Z=0.85; daily_ots=44229.2 > thresh=34742.7 (median=3981.8, MAD=2074.8, n=159)"
1585271561336632628,2025-08-18,214553,panasonic,Малая техника,31786.991,11.054,10.0,"CombinedScore=11.05; OTS_Z=11.05; COUNT_Z=10.02; daily_ots=31787.0 > thresh=29090.8 (median=3510.9, MAD=1725.4, n=261)"
1585271561336864469,2025-08-18,218309,sony,Малая техника,55347.929,12.8426,10.0,"CombinedScore=12.84; OTS_Z=12.84; COUNT_Z=2.62; daily_ots=55347.9 > thresh=44075.7 (median=4420.7, MAD=2674.7, n=356)"
1585271561336969686,2025-08-18,216114,realme,Смартфоны,66017.575,16.1564,10.0,"CombinedScore=16.16; OTS_Z=16.16; COUNT_Z=2.52; daily_ots=66017.6 > thresh=42576.5 (median=4500.5, MAD=2568.2, n=3843)"
2522022433100765069,2025-08-18,414125,labubu,Смартфоны,42383.206,12.4529,10.0,"CombinedScore=12.45; OTS_Z=12.45; COUNT_Z=0.00; daily_ots=42383.2 > thresh=34813.6 (median=3953.6, MAD=2081.5, n=1)"
3756013447131138699,2025-08-18,201263,caprice,Обувь,13801.479,11.0372,10.0,"CombinedScore=11.04; OTS_Z=11.04; COUNT_Z=1.96; daily_ots=13801.5 > thresh=12718.3 (median=2275.7, MAD=704.4, n=95)"
4116938418784426305,2025-08-18,202423,crocs,Обувь,35062.887,10.2568,10.0,"CombinedScore=10.26; OTS_Z=10.26; COUNT_Z=2.61; daily_ots=35062.9 > thresh=34287.2 (median=4080.8, MAD=2037.4, n=1343)"
5629511854270500800,2025-08-18,208810,kari,Детские одежда и обувь,27500.25,11.067,10.0,"CombinedScore=11.07; OTS_Z=11.07; COUNT_Z=0.00; daily_ots=27500.2 > thresh=25192.2 (median=3560.5, MAD=1459.1, n=48)"
6341074104264855981,2025-08-18,205085,finn flare,Одежда,41810.028,17.0657,10.0,"CombinedScore=17.07; OTS_Z=17.07; COUNT_Z=3.58; daily_ots=41810.0 > thresh=25908.4 (median=3402.9, MAD=1518.0, n=116)"
6566258848326419843,2025-08-18,281351,yamaha,Аудиотехника,75450.888,18.7561,10.0,"CombinedScore=18.76; OTS_Z=18.76; COUNT_Z=3.38; daily_ots=75450.9 > thresh=45007.5 (median=10239.1, MAD=2345.1, n=176)"
7493996875135986974,2025-08-18,200640,borofone,Смартфоны,18536.82,10.4153,10.0,"CombinedScore=10.42; OTS_Z=10.42; COUNT_Z=2.68; daily_ots=18536.8 > thresh=17892.2 (median=2372.1, MAD=1046.8, n=12)"
8502803222098581352,2025-08-18,217082,samsung,Крупная техника,52274.768,17.6442,10.0,"CombinedScore=17.64; OTS_Z=17.64; COUNT_Z=1.12; daily_ots=52274.8 > thresh=31154.3 (median=3524.9, MAD=1863.6, n=1271)"
8502803222098581352,2025-08-18,281079,samsung galaxy,Смартфоны,52274.768,11.6225,10.0,"CombinedScore=11.62; OTS_Z=11.62; COUNT_Z=0.59; daily_ots=52274.8 > thresh=45631.7 (median=4689.4, MAD=2761.6, n=7433)"
8872102004503143591,2025-08-18,206402,google pixel,Смартфоны,126341.188,28.6002,10.0,"CombinedScore=28.60; OTS_Z=28.60; COUNT_Z=1.97; daily_ots=126341.2 > thresh=47325.1 (median=4843.7, MAD=2865.4, n=681)"
8872102004503143591,2025-08-18,213703,nothing,Смартфоны,126341.188,32.001,10.0,"CombinedScore=32.00; OTS_Z=32.00; COUNT_Z=3.15; daily_ots=126341.2 > thresh=42612.2 (median=4555.4, MAD=2566.9, n=276)"
8872102004503143591,2025-08-18,214199,oppo (электроника),Смартфоны,63170.594,17.226,10.0,"CombinedScore=17.23; OTS_Z=17.23; COUNT_Z=0.83; daily_ots=63170.6 > thresh=38433.0 (median=4198.8, MAD=2309.1, n=872)"
792639191900656652,2025-08-19,214142,oneplus,Смартфоны,49140.143,12.2173,10.0,"CombinedScore=12.22; OTS_Z=12.22; COUNT_Z=0.00; daily_ots=49140.1 > thresh=41004.4 (median=4311.5, MAD=2474.9, n=851)"
874294004464681344,2025-08-19,209515,krona (бытовая техника),Крупная техника,27632.744,10.5547,10.0,"CombinedScore=10.55; OTS_Z=10.55; COUNT_Z=1.42; daily_ots=27632.7 > thresh=26366.2 (median=3532.1, MAD=1540.2, n=42)"
1307184097019787264,2025-08-19,218679,stellary,Макияж для глаз,41979.777,16.2143,10.0,"CombinedScore=16.21; OTS_Z=16.21; COUNT_Z=1.88; daily_ots=41979.8 > thresh=27759.8 (median=4877.0, MAD=1543.4, n=25)"
1585271561336710324,2025-08-19,216181,redmi,Смарт-часы и браслеты,39767.596,11.3078,10.0,"CombinedScore=11.31; OTS_Z=11.31; COUNT_Z=2.91; daily_ots=39767.6 > thresh=35618.9 (median=3896.2, MAD=2139.7, n=259)"
1585271561336920078,2025-08-19,198350,anker,Аудиотехника,30300.303,10.6207,10.0,"CombinedScore=10.62; OTS_Z=10.62; COUNT_Z=2.46; daily_ots=30300.3 > thresh=28764.7 (median=4023.9, MAD=1668.8, n=68)"
1585271561336969686,2025-08-19,207543,huawei,Смарт-часы и браслеты,74891.952,21.7431,10.0,"CombinedScore=21.74; OTS_Z=21.74; COUNT_Z=3.46; daily_ots=74892.0 > thresh=36711.3 (median=4198.1, MAD=2193.0, n=956)"
1666343015431464640,2025-08-19,217082,samsung,Крупная техника,106679.26,37.3349,10.0,"CombinedScore=37.33; OTS_Z=37.33; COUNT_Z=3.36; daily_ots=106679.3 > thresh=31154.3 (median=3524.9, MAD=1863.6, n=1271)"
2377907662666834967,2025-08-19,215234,poco,Смартфоны,147586.928,36.9187,10.0,"CombinedScore=36.92; OTS_Z=36.92; COUNT_Z=9.12; daily_ots=147586.9 > thresh=43228.0 (median=4459.8, MAD=2614.9, n=3221)"
3530830270264484172,2025-08-19,200811,бреф,Универсальные чистящие средства,49839.11,23.3398,10.0,"CombinedScore=23.34; OTS_Z=23.34; COUNT_Z=3.86; daily_ots=49839.1 > thresh=23012.6 (median=2902.5, MAD=1356.4, n=69)"
3530830270264484172,2025-08-19,200811,бреф,Средства для унитаза,24919.555,10.4614,10.0,"CombinedScore=10.46; OTS_Z=10.46; COUNT_Z=0.00; daily_ots=24919.6 > thresh=23954.5 (median=3037.3, MAD=1410.9, n=106)"
3891117339130576500,2025-08-19,214199,oppo (электроника),Смартфоны,76407.408,21.0925,10.0,"CombinedScore=21.09; OTS_Z=21.09; COUNT_Z=1.65; daily_ots=76407.4 > thresh=38433.0 (median=4198.8, MAD=2309.1, n=872)"
3891117339130576500,2025-08-19,219362,tecno,Смартфоны,25469.136,10.4535,10.0,"CombinedScore=10.45; OTS_Z=10.45; COUNT_Z=0.00; daily_ots=25469.1 > thresh=24489.9 (median=2898.9, MAD=1456.3, n=869)"
3901257438148375808,2025-08-19,218803,strobbs,Обувь,53011.532,18.0806,10.0,"CombinedScore=18.08; OTS_Z=18.08; COUNT_Z=1.35; daily_ots=53011.5 > thresh=31354.9 (median=4554.2, MAD=1807.7, n=166)"
4188356816114174594,2025-08-19,209304,kz,Аудиотехника,34434.399,15.5635,10.0,"CombinedScore=15.56; OTS_Z=15.56; COUNT_Z=2.53; daily_ots=34434.4 > thresh=23110.7 (median=2757.1, MAD=1372.9, n=37)"
4693213739758153216,2025-08-19,307306,tecno camon,Смартфоны,112406.574,32.9183,10.0,"CombinedScore=32.92; OTS_Z=32.92; COUNT_Z=4.08; daily_ots=112406.6 > thresh=36701.5 (median=3668.9, MAD=2228.1, n=806)"
4980991965168188033,2025-08-19,207543,huawei,Смарт-часы и браслеты,47497.712,13.3175,10.0,"CombinedScore=13.32; OTS_Z=13.32; COUNT_Z=2.07; daily_ots=47497.7 > thresh=36711.3 (median=4198.1, MAD=2193.0, n=956)"
5557452949714472260,2025-08-19,216181,redmi,Смартфоны,57980.325,14.9674,10.0,"CombinedScore=14.97; OTS_Z=14.97; COUNT_Z=1.52; daily_ots=57980.3 > thresh=40150.5 (median=4256.6, MAD=2421.0, n=4609)"
6133915128677068544,2025-08-19,211283,manto,Одежда,26670.149,10.0565,10.0,"CombinedScore=10.06; OTS_Z=10.06; COUNT_Z=0.00; daily_ots=26670.1 > thresh=26546.2 (median=4585.8, MAD=1481.2, n=30)"
6701361217345428191,2025-08-19,217866,singer,Малая техника,40082.416,25.078,10.0,"CombinedScore=25.08; OTS_Z=25.08; COUNT_Z=6.00; daily_ots=40082.4 > thresh=17881.8 (median=3157.9, MAD=993.1, n=66)"
7358893580340059008,2025-08-19,207328,hoco,Аудиотехника,43128.696,12.7434,10.0,"CombinedScore=12.74; OTS_Z=12.74; COUNT_Z=3.15; daily_ots=43128.7 > thresh=34731.6 (median=4122.9, MAD=2064.6, n=303)"
8718976421679841619,2025-08-19,210729,louis vuitton,Обувь,9404.909,14.3463,10.0,"CombinedScore=14.35; OTS_Z=14.35; COUNT_Z=0.00; daily_ots=9404.9 > thresh=7034.5 (median=1580.7, MAD=367.9, n=25)"
8801543622528988544,2025-08-19,198484,apple iphone,Смартфоны,153925.849,30.6872,10.0,"CombinedScore=30.69; OTS_Z=30.69; COUNT_Z=6.13; daily_ots=153925.8 > thresh=53838.7 (median=5457.4, MAD=3263.3, n=9860)"
8935147025123496246,2025-08-19,203471,дав,Средства для волос,44903.133,18.467,10.0,"CombinedScore=18.47; OTS_Z=18.47; COUNT_Z=2.93; daily_ots=44903.1 > thresh=25921.3 (median=3502.7, MAD=1512.1, n=97)"
657540071955486912,2025-08-20,198484,apple iphone,Смартфоны,56394.288,10.5282,10.0,"CombinedScore=10.53; OTS_Z=10.53; COUNT_Z=1.84; daily_ots=56394.3 > thresh=53838.7 (median=5457.4, MAD=3263.3, n=9860)"
801654530129728256,2025-08-20,219485,tervolina,Обувь,20917.518,11.0861,10.0,"CombinedScore=11.09; OTS_Z=11.09; COUNT_Z=7.23; daily_ots=20917.5 > thresh=19219.9 (median=3589.4, MAD=1054.3, n=78)"
1306055918923481346,2025-08-20,213474,nike,Обувь,47411.972,11.4774,10.0,"CombinedScore=11.48; OTS_Z=11.48; COUNT_Z=0.60; daily_ots=47412.0 > thresh=41879.1 (median=4429.4, MAD=2526.0, n=1795)"
1585271561336657646,2025-08-20,207758,iffalcon,Крупная техника,25932.706,18.5705,10.0,"CombinedScore=18.57; OTS_Z=18.57; COUNT_Z=1.04; daily_ots=25932.7 > thresh=15632.0 (median=3613.2, MAD=810.7, n=18)"
1585271561336994462,2025-08-20,217082,samsung,Малая техника,43309.969,13.5107,10.0,"CombinedScore=13.51; OTS_Z=13.51; COUNT_Z=0.00; daily_ots=43310.0 > thresh=33029.7 (median=3746.9, MAD=1975.1, n=205)"
2305850098877774736,2025-08-20,205948,gefest (бытовая техника),Крупная техника,55270.85,16.2133,10.0,"CombinedScore=16.21; OTS_Z=16.21; COUNT_Z=2.78; daily_ots=55270.8 > thresh=35543.9 (median=3794.3, MAD=2141.5, n=302)"
2305850098877774736,2025-08-20,226792,дарина (бытовая техника),Крупная техника,33162.51,10.1253,10.0,"CombinedScore=10.13; OTS_Z=10.13; COUNT_Z=4.11; daily_ots=33162.5 > thresh=32810.9 (median=4751.0, MAD=1892.6, n=46)"
2388541402619723073,2025-08-20,197627,adidas,Обувь,41636.586,12.7083,10.0,"CombinedScore=12.71; OTS_Z=12.71; COUNT_Z=0.68; daily_ots=41636.6 > thresh=33583.1 (median=3846.3, MAD=2005.7, n=1525)"
2449965110012013004,2025-08-20,206402,google pixel,Смартфоны,71765.208,15.7531,10.0,"CombinedScore=15.75; OTS_Z=15.75; COUNT_Z=7.23; daily_ots=71765.2 > thresh=47325.1 (median=4843.7, MAD=2865.4, n=681)"
2738194092690289674,2025-08-20,206252,gloria jeans,Одежда,35275.767,10.9657,10.0,"CombinedScore=10.97; OTS_Z=10.97; COUNT_Z=2.79; daily_ots=35275.8 > thresh=32536.1 (median=4165.8, MAD=1913.6, n=595)"
3756013447131138699,2025-08-20,201263,caprice,Обувь,16551.222,13.6704,10.0,"CombinedScore=13.67; OTS_Z=13.67; COUNT_Z=1.96; daily_ots=16551.2 > thresh=12718.3 (median=2275.7, MAD=704.4, n=95)"
4980991965168188033,2025-08-20,207447,honor,Смарт-часы и браслеты,59642.254,17.9888,10.0,"CombinedScore=17.99; OTS_Z=17.99; COUNT_Z=5.43; daily_ots=59642.3 > thresh=34879.9 (median=3883.9, MAD=2090.7, n=255)"
6566259564838451588,2025-08-20,209597,kuppersberg,Крупная техника,34508.457,15.8363,10.0,"CombinedScore=15.84; OTS_Z=15.84; COUNT_Z=1.73; daily_ots=34508.5 > thresh=23118.2 (median=3602.0, MAD=1316.4, n=75)"
6629304165209876438,2025-08-20,281079,samsung galaxy,Смартфоны,59237.716,13.3232,10.0,"CombinedScore=13.32; OTS_Z=13.32; COUNT_Z=1.77; daily_ots=59237.7 > thresh=45631.7 (median=4689.4, MAD=2761.6, n=7433)"
7719183474830902656,2025-08-20,197548,asics,Обувь,57391.835,14.626,10.0,"CombinedScore=14.63; OTS_Z=14.63; COUNT_Z=4.30; daily_ots=57391.8 > thresh=40678.3 (median=4548.6, MAD=2436.9, n=512)"
8224440644842975296,2025-08-20,213565,nivea,Товары для мытья тела,53710.47,27.3057,10.0,"CombinedScore=27.31; OTS_Z=27.31; COUNT_Z=2.29; daily_ots=53710.5 > thresh=21771.5 (median=3315.8, MAD=1244.8, n=41)"
8224440644842975296,2025-08-20,213986,ola,Женская гигиена,26855.235,11.2484,10.0,"CombinedScore=11.25; OTS_Z=11.25; COUNT_Z=0.00; daily_ots=26855.2 > thresh=24259.8 (median=3468.9, MAD=1402.3, n=21)"
8872102004503143591,2025-08-20,281079,samsung galaxy,Смартфоны,96884.946,22.5184,10.0,"CombinedScore=22.52; OTS_Z=22.52; COUNT_Z=1.18; daily_ots=96884.9 > thresh=45631.7 (median=4689.4, MAD=2761.6, n=7433)"
8872104940726666496,2025-08-20,217082,samsung,Малая техника,64613.311,20.7857,10.0,"CombinedScore=20.79; OTS_Z=20.79; COUNT_Z=6.02; daily_ots=64613.3 > thresh=33029.7 (median=3746.9, MAD=1975.1, n=205)"
369305764258770457,2025-08-21,281079,samsung galaxy,Смартфоны,101743.5,23.7051,10.0,"CombinedScore=23.71; OTS_Z=23.71; COUNT_Z=1.77; daily_ots=101743.5 > thresh=45631.7 (median=4689.4, MAD=2761.6, n=7433)"
864698737912134848,2025-08-21,207447,honor,Смартфоны,55728.184,13.8795,10.0,"CombinedScore=13.88; OTS_Z=13.88; COUNT_Z=1.94; daily_ots=55728.2 > thresh=41345.0 (median=4270.0, MAD=2500.7, n=4464)"
864698737912134848,2025-08-21,214142,oneplus,Смартфоны,41796.138,10.2158,10.0,"CombinedScore=10.22; OTS_Z=10.22; COUNT_Z=1.24; daily_ots=41796.1 > thresh=41004.4 (median=4311.5, MAD=2474.9, n=851)"
1369101347001710020,2025-08-21,207447,honor,Смартфоны,54235.072,13.4768,10.0,"CombinedScore=13.48; OTS_Z=13.48; COUNT_Z=0.65; daily_ots=54235.1 > thresh=41345.0 (median=4270.0, MAD=2500.7, n=4464)"
1585271561336584729,2025-08-21,219709,tide,Товары для стирки,26406.948,10.4831,10.0,"CombinedScore=10.48; OTS_Z=10.48; COUNT_Z=7.35; daily_ots=26406.9 > thresh=25350.0 (median=3469.1, MAD=1475.9, n=233)"
1585271561336710324,2025-08-21,221942,xiaomi,Смарт-часы и браслеты,39952.916,11.0945,10.0,"CombinedScore=11.09; OTS_Z=11.09; COUNT_Z=2.36; daily_ots=39952.9 > thresh=36417.1 (median=4113.1, MAD=2178.9, n=862)"
1585271561337014604,2025-08-21,210729,louis vuitton,Обувь,29634.275,51.4388,10.0,"CombinedScore=51.44; OTS_Z=51.44; COUNT_Z=0.00; daily_ots=29634.3 > thresh=7034.5 (median=1580.7, MAD=367.9, n=25)"
1666343015431464640,2025-08-21,217082,samsung,Крупная техника,81546.87,28.2387,10.0,"CombinedScore=28.24; OTS_Z=28.24; COUNT_Z=2.24; daily_ots=81546.9 > thresh=31154.3 (median=3524.9, MAD=1863.6, n=1271)"
3530830270264484172,2025-08-21,200811,бреф,Универсальные чистящие средства,25993.894,11.4825,10.0,"CombinedScore=11.48; OTS_Z=11.48; COUNT_Z=0.00; daily_ots=25993.9 > thresh=23012.6 (median=2902.5, MAD=1356.4, n=69)"
4107288419676846194,2025-08-21,311362,tecno pova,Смартфоны,38050.592,10.3141,10.0,"CombinedScore=10.31; OTS_Z=10.31; COUNT_Z=2.61; daily_ots=38050.6 > thresh=37011.2 (median=3924.7, MAD=2231.7, n=1104)"
4980991965168188033,2025-08-21,207543,huawei,Смарт-часы и браслеты,71014.456,20.5505,10.0,"CombinedScore=20.55; OTS_Z=20.55; COUNT_Z=4.84; daily_ots=71014.5 > thresh=36711.3 (median=4198.1, MAD=2193.0, n=956)"
5053052694490078976,2025-08-21,221942,xiaomi,Смартфоны,186953.804,51.7142,10.0,"CombinedScore=51.71; OTS_Z=51.71; COUNT_Z=2.13; daily_ots=186953.8 > thresh=39628.5 (median=4310.7, MAD=2382.2, n=3163)"
5116095829525861647,2025-08-21,206519,grass,Универсальные чистящие средства,60037.434,21.6319,10.0,"CombinedScore=21.63; OTS_Z=21.63; COUNT_Z=1.69; daily_ots=60037.4 > thresh=29722.7 (median=3660.9, MAD=1757.9, n=602)"
5629511854270500800,2025-08-21,209225,kitekat,Корм для кошек,54364.772,18.6916,10.0,"CombinedScore=18.69; OTS_Z=18.69; COUNT_Z=1.59; daily_ots=54364.8 > thresh=30863.0 (median=3823.3, MAD=1823.8, n=376)"
8286630365325210817,2025-08-21,207543,huawei,Смарт-часы и браслеты,38754.556,10.6284,10.0,"CombinedScore=10.63; OTS_Z=10.63; COUNT_Z=2.07; daily_ots=38754.6 > thresh=36711.3 (median=4198.1, MAD=2193.0, n=956)"
8872103381380754816,2025-08-21,216181,redmi,Смартфоны,40566.608,10.1159,10.0,"CombinedScore=10.12; OTS_Z=10.12; COUNT_Z=2.28; daily_ots=40566.6 > thresh=40150.5 (median=4256.6, MAD=2421.0, n=4609)"
360293909705804778,2025-08-22,373524,olmio (смартфоны),Смартфоны,35444.558,10.926,10.0,"CombinedScore=10.93; OTS_Z=10.93; COUNT_Z=0.93; daily_ots=35444.6 > thresh=32752.7 (median=3682.4, MAD=1960.8, n=15)"
585481725913663553,2025-08-22,213474,nike,Обувь,43130.496,10.3342,10.0,"CombinedScore=10.33; OTS_Z=10.33; COUNT_Z=1.80; daily_ots=43130.5 > thresh=41879.1 (median=4429.4, MAD=2526.0, n=1795)"
792639191900656652,2025-08-22,281079,samsung galaxy,Смартфоны,53410.39,11.8999,10.0,"CombinedScore=11.90; OTS_Z=11.90; COUNT_Z=0.59; daily_ots=53410.4 > thresh=45631.7 (median=4689.4, MAD=2761.6, n=7433)"
1585271561336980948,2025-08-22,198484,apple iphone,Смартфоны,56256.39,10.4997,10.0,"CombinedScore=10.50; OTS_Z=10.50; COUNT_Z=3.07; daily_ots=56256.4 > thresh=53838.7 (median=5457.4, MAD=3263.3, n=9860)"
1585271561336986701,2025-08-22,206402,google pixel,Смартфоны,48794.845,10.346,10.0,"CombinedScore=10.35; OTS_Z=10.35; COUNT_Z=10.51; daily_ots=48794.8 > thresh=47325.1 (median=4843.7, MAD=2865.4, n=681)"
1585271561337011960,2025-08-22,222525,zte,Аудиотехника,82420.905,25.4268,10.0,"CombinedScore=25.43; OTS_Z=25.43; COUNT_Z=0.67; daily_ots=82420.9 > thresh=34813.6 (median=3953.6, MAD=2081.5, n=2)"
1585271561337054596,2025-08-22,207447,honor,Смартфоны,44206.284,10.7718,10.0,"CombinedScore=10.77; OTS_Z=10.77; COUNT_Z=1.94; daily_ots=44206.3 > thresh=41345.0 (median=4270.0, MAD=2500.7, n=4464)"
2098689768527749313,2025-08-22,219749,timejump,Обувь,90162.016,40.197,10.0,"CombinedScore=40.20; OTS_Z=40.20; COUNT_Z=4.83; daily_ots=90162.0 > thresh=24938.8 (median=3339.6, MAD=1456.9, n=156)"
2449965262016764108,2025-08-22,207447,honor,Смартфоны,64290.33,16.1889,10.0,"CombinedScore=16.19; OTS_Z=16.19; COUNT_Z=1.29; daily_ots=64290.3 > thresh=41345.0 (median=4270.0, MAD=2500.7, n=4464)"
3819059496266608833,2025-08-22,219749,timejump,Обувь,27117.487,11.0087,10.0,"CombinedScore=11.01; OTS_Z=11.01; COUNT_Z=0.00; daily_ots=27117.5 > thresh=24938.8 (median=3339.6, MAD=1456.9, n=156)"
4035232106963127754,2025-08-22,216114,realme,Смартфоны,54551.262,13.145,10.0,"CombinedScore=13.14; OTS_Z=13.14; COUNT_Z=3.14; daily_ots=54551.3 > thresh=42576.5 (median=4500.5, MAD=2568.2, n=3843)"
4107288419676846194,2025-08-22,215234,poco,Смартфоны,102480.5,25.2838,10.0,"CombinedScore=25.28; OTS_Z=25.28; COUNT_Z=2.28; daily_ots=102480.5 > thresh=43228.0 (median=4459.8, MAD=2614.9, n=3221)"
4107288419676846194,2025-08-22,216181,redmi,Смартфоны,61488.3,15.9447,10.0,"CombinedScore=15.94; OTS_Z=15.94; COUNT_Z=1.52; daily_ots=61488.3 > thresh=40150.5 (median=4256.6, MAD=2421.0, n=4609)"
4611694214010660315,2025-08-22,214199,oppo (электроника),Смартфоны,46183.57,12.264,10.0,"CombinedScore=12.26; OTS_Z=12.26; COUNT_Z=3.30; daily_ots=46183.6 > thresh=38433.0 (median=4198.8, MAD=2309.1, n=872)"
4611694214010660315,2025-08-22,216114,realme,Смартфоны,46183.57,10.9473,10.0,"CombinedScore=10.95; OTS_Z=10.95; COUNT_Z=2.52; daily_ots=46183.6 > thresh=42576.5 (median=4500.5, MAD=2568.2, n=3843)"
5629511959330150400,2025-08-22,197627,adidas,Обувь,76716.492,24.5051,10.0,"CombinedScore=24.51; OTS_Z=24.51; COUNT_Z=2.03; daily_ots=76716.5 > thresh=33583.1 (median=3846.3, MAD=2005.7, n=1525)"
5629511959330150400,2025-08-22,213360,new balance,Обувь,38358.246,10.7053,10.0,"CombinedScore=10.71; OTS_Z=10.71; COUNT_Z=0.97; daily_ots=38358.2 > thresh=36096.0 (median=4020.5, MAD=2163.5, n=482)"
5629511959330150400,2025-08-22,213474,nike,Обувь,76716.492,19.3025,10.0,"CombinedScore=19.30; OTS_Z=19.30; COUNT_Z=1.80; daily_ots=76716.5 > thresh=41879.1 (median=4429.4, MAD=2526.0, n=1795)"
8367701467274729984,2025-08-22,198484,apple iphone,Смартфоны,54278.735,10.091,10.0,"CombinedScore=10.09; OTS_Z=10.09; COUNT_Z=2.45; daily_ots=54278.7 > thresh=53838.7 (median=5457.4, MAD=3263.3, n=9860)"
8511817191720792833,2025-08-22,281079,samsung galaxy,Смартфоны,54234.974,12.1013,10.0,"CombinedScore=12.10; OTS_Z=12.10; COUNT_Z=0.59; daily_ots=54235.0 > thresh=45631.7 (median=4689.4, MAD=2761.6, n=7433)"
874294004464681344,2025-08-23,202273,cos,Одежда,25745.916,55.185,10.0,"CombinedScore=55.18; OTS_Z=55.18; COUNT_Z=3.33; daily_ots=25745.9 > thresh=6305.0 (median=2002.5, MAD=290.2, n=10)"
874294004464681344,2025-08-23,206703,guess,Одежда,38618.874,20.7708,10.0,"CombinedScore=20.77; OTS_Z=20.77; COUNT_Z=4.87; daily_ots=38618.9 > thresh=20379.7 (median=3445.8, MAD=1142.2, n=52)"
874294004464681344,2025-08-23,219103,synergetic,Средства для волос,51491.832,18.4957,10.0,"CombinedScore=18.50; OTS_Z=18.50; COUNT_Z=4.48; daily_ots=51491.8 > thresh=29631.2 (median=3899.7, MAD=1735.6, n=49)"
946553516040883456,2025-08-23,197627,adidas,Обувь,80387.805,25.7397,10.0,"CombinedScore=25.74; OTS_Z=25.74; COUNT_Z=2.70; daily_ots=80387.8 > thresh=33583.1 (median=3846.3, MAD=2005.7, n=1525)"
1585271561336690460,2025-08-23,214553,panasonic,Малая техника,32380.524,11.286,10.0,"CombinedScore=11.29; OTS_Z=11.29; COUNT_Z=5.01; daily_ots=32380.5 > thresh=29090.8 (median=3510.9, MAD=1725.4, n=261)"
1585271561336747433,2025-08-23,200656,bosch,Крупная техника,35114.07,10.2496,10.0,"CombinedScore=10.25; OTS_Z=10.25; COUNT_Z=3.97; daily_ots=35114.1 > thresh=34353.4 (median=3878.4, MAD=2055.5, n=351)"
1585271561336939603,2025-08-23,210250,leran,Малая техника,81705.045,36.8481,10.0,"CombinedScore=36.85; OTS_Z=36.85; COUNT_Z=3.30; daily_ots=81705.0 > thresh=25027.8 (median=3917.5, MAD=1423.9, n=17)"
1585271561337003723,2025-08-23,219362,tecno,Смартфоны,27234.587,11.2712,10.0,"CombinedScore=11.27; OTS_Z=11.27; COUNT_Z=0.00; daily_ots=27234.6 > thresh=24489.9 (median=2898.9, MAD=1456.3, n=869)"
1585271561337036739,2025-08-23,212269,mirrolla,Средства для волос,80129.754,32.2061,10.0,"CombinedScore=32.21; OTS_Z=32.21; COUNT_Z=4.17; daily_ots=80129.8 > thresh=27309.1 (median=3522.4, MAD=1604.4, n=112)"
1585271561337044959,2025-08-23,221942,xiaomi,Малая техника,35564.958,12.0238,10.0,"CombinedScore=12.02; OTS_Z=12.02; COUNT_Z=4.93; daily_ots=35565.0 > thresh=30191.1 (median=3637.1, MAD=1791.1, n=919)"
2305848744076622577,2025-08-23,214393,oukitel,Смартфоны,29216.859,10.0704,10.0,"CombinedScore=10.07; OTS_Z=10.07; COUNT_Z=2.02; daily_ots=29216.9 > thresh=29034.8 (median=3169.0, MAD=1744.6, n=265)"
2738194092690289797,2025-08-23,202423,crocs,Обувь,81469.332,25.6199,10.0,"CombinedScore=25.62; OTS_Z=25.62; COUNT_Z=2.61; daily_ots=81469.3 > thresh=34287.2 (median=4080.8, MAD=2037.4, n=1343)"
3530830270264484172,2025-08-23,200811,бреф,Универсальные чистящие средства,26709.918,11.8385,10.0,"CombinedScore=11.84; OTS_Z=11.84; COUNT_Z=0.00; daily_ots=26709.9 > thresh=23012.6 (median=2902.5, MAD=1356.4, n=69)"
3900421809311229248,2025-08-23,198484,apple iphone,Смартфоны,85190.188,16.4801,10.0,"CombinedScore=16.48; OTS_Z=16.48; COUNT_Z=1.84; daily_ots=85190.2 > thresh=53838.7 (median=5457.4, MAD=3263.3, n=9860)"
4476588735011997195,2025-08-23,232457,мираторг,Корм для кошек,44906.469,14.0768,10.0,"CombinedScore=14.08; OTS_Z=14.08; COUNT_Z=2.75; daily_ots=44906.5 > thresh=32998.5 (median=3789.4, MAD=1970.2, n=192)"
5980787599406315060,2025-08-23,222732,агуша,Детское питание,38288.152,14.3948,10.0,"CombinedScore=14.39; OTS_Z=14.39; COUNT_Z=4.82; daily_ots=38288.2 > thresh=27639.8 (median=3410.5, MAD=1634.3, n=206)"
6845478493809504321,2025-08-23,221942,xiaomi,Смартфоны,59813.727,15.7153,10.0,"CombinedScore=15.72; OTS_Z=15.72; COUNT_Z=1.42; daily_ots=59813.7 > thresh=39628.5 (median=4310.7, MAD=2382.2, n=3163)"
7286838098605874561,2025-08-23,311362,tecno pova,Смартфоны,45042.36,12.4273,10.0,"CombinedScore=12.43; OTS_Z=12.43; COUNT_Z=3.48; daily_ots=45042.4 > thresh=37011.2 (median=3924.7, MAD=2231.7, n=1104)"
8295643071445389184,2025-08-23,209225,kitekat,Корм для кошек,40600.884,13.6013,10.0,"CombinedScore=13.60; OTS_Z=13.60; COUNT_Z=4.78; daily_ots=40600.9 > thresh=30863.0 (median=3823.3, MAD=1823.8, n=376)"
216178771397981588,2025-08-24,216181,redmi,Смартфоны,188681.052,51.3805,10.0,"CombinedScore=51.38; OTS_Z=51.38; COUNT_Z=2.28; daily_ots=188681.1 > thresh=40150.5 (median=4256.6, MAD=2421.0, n=4609)"
216178771397981588,2025-08-24,217082,samsung,Смартфоны,94340.526,30.3129,10.0,"CombinedScore=30.31; OTS_Z=30.31; COUNT_Z=1.65; daily_ots=94340.5 > thresh=33612.7 (median=3716.5, MAD=2016.5, n=1421)"
369305764258770457,2025-08-24,203755,dyson,Малая техника,59866.797,19.949,10.0,"CombinedScore=19.95; OTS_Z=19.95; COUNT_Z=2.48; daily_ots=59866.8 > thresh=31873.6 (median=3737.0, MAD=1897.8, n=454)"
1585271561336834944,2025-08-24,219749,timejump,Обувь,29493.828,12.1089,10.0,"CombinedScore=12.11; OTS_Z=12.11; COUNT_Z=3.22; daily_ots=29493.8 > thresh=24938.8 (median=3339.6, MAD=1456.9, n=156)"
1585271561337003723,2025-08-24,198978,asus,Смартфоны,27339.823,11.26,10.0,"CombinedScore=11.26; OTS_Z=11.26; COUNT_Z=0.00; daily_ots=27339.8 > thresh=24638.3 (median=3197.6, MAD=1446.2, n=68)"
1585271561337019311,2025-08-24,207902,indesit,Крупная техника,27987.762,10.3492,10.0,"CombinedScore=10.35; OTS_Z=10.35; COUNT_Z=5.51; daily_ots=27987.8 > thresh=27149.4 (median=3141.5, MAD=1619.3, n=417)"
1729388589032331985,2025-08-24,281079,samsung galaxy,Смартфоны,64920.53,14.7112,10.0,"CombinedScore=14.71; OTS_Z=14.71; COUNT_Z=0.59; daily_ots=64920.5 > thresh=45631.7 (median=4689.4, MAD=2761.6, n=7433)"
3098483602160404120,2025-08-24,230759,ласка,Товары для стирки,29264.436,10.5703,10.0,"CombinedScore=10.57; OTS_Z=10.57; COUNT_Z=3.02; daily_ots=29264.4 > thresh=27885.8 (median=3713.9, MAD=1630.4, n=267)"
3747000630363940378,2025-08-24,281079,samsung galaxy,Смартфоны,59439.885,13.3726,10.0,"CombinedScore=13.37; OTS_Z=13.37; COUNT_Z=1.18; daily_ots=59439.9 > thresh=45631.7 (median=4689.4, MAD=2761.6, n=7433)"
4035232106963127754,2025-08-24,216114,realme,Смартфоны,81172.071,20.1365,10.0,"CombinedScore=20.14; OTS_Z=20.14; COUNT_Z=5.03; daily_ots=81172.1 > thresh=42576.5 (median=4500.5, MAD=2568.2, n=3843)"
6341074104264853985,2025-08-24,239221,тофа,Обувь,23158.768,22.0789,10.0,"CombinedScore=22.08; OTS_Z=22.08; COUNT_Z=2.59; daily_ots=23158.8 > thresh=12020.0 (median=2798.4, MAD=622.0, n=33)"
6711600666779088385,2025-08-24,199911,belwest,Обувь,31048.958,19.6634,10.0,"CombinedScore=19.66; OTS_Z=19.66; COUNT_Z=1.19; daily_ots=31049.0 > thresh=16884.8 (median=2227.2, MAD=988.7, n=124)"
7421939452518496470,2025-08-24,219550,the act,Средства для умывания и ухода за лицом,34036.908,11.1766,10.0,"CombinedScore=11.18; OTS_Z=11.18; COUNT_Z=2.83; daily_ots=34036.9 > thresh=30909.9 (median=4333.0, MAD=1792.6, n=24)"
7430953319858640640,2025-08-24,198590,aravia,Средства для умывания и ухода за лицом,48755.144,13.4943,10.0,"CombinedScore=13.49; OTS_Z=13.49; COUNT_Z=1.80; daily_ots=48755.1 > thresh=37225.9 (median=4231.9, MAD=2225.4, n=310)"
7719181970776511680,2025-08-24,242139,яндекс,Аудиотехника,56282.967,15.8588,10.0,"CombinedScore=15.86; OTS_Z=15.86; COUNT_Z=5.82; daily_ots=56283.0 > thresh=36944.9 (median=3938.1, MAD=2226.3, n=2495)"
8872102004503143591,2025-08-24,198484,apple iphone,Смартфоны,65251.624,12.359,10.0,"CombinedScore=12.36; OTS_Z=12.36; COUNT_Z=0.61; daily_ots=65251.6 > thresh=53838.7 (median=5457.4, MAD=3263.3, n=9860)"
144121238185983625,2025-08-25,208828,karmy,Корм для кошек,8553.39,13.1623,10.0,"CombinedScore=13.16; OTS_Z=13.16; COUNT_Z=5.12; daily_ots=8553.4 > thresh=6954.3 (median=1897.4, MAD=341.1, n=56)"
441361688982367554,2025-08-25,281079,samsung galaxy,Смартфоны,54635.466,12.1991,10.0,"CombinedScore=12.20; OTS_Z=12.20; COUNT_Z=0.59; daily_ots=54635.5 > thresh=45631.7 (median=4689.4, MAD=2761.6, n=7433)"
945767318361640843,2025-08-25,281079,samsung galaxy,Смартфоны,83477.088,19.2436,10.0,"CombinedScore=19.24; OTS_Z=19.24; COUNT_Z=1.77; daily_ots=83477.1 > thresh=45631.7 (median=4689.4, MAD=2761.6, n=7433)"
1585271561336766040,2025-08-25,210685,loreal,Краски для волос,90123.492,43.3586,10.0,"CombinedScore=43.36; OTS_Z=43.36; COUNT_Z=4.04; daily_ots=90123.5 > thresh=23493.8 (median=3520.1, MAD=1347.2, n=204)"
1585271561336934723,2025-08-25,207447,honor,Смартфоны,65197.769,16.4337,10.0,"CombinedScore=16.43; OTS_Z=16.43; COUNT_Z=7.76; daily_ots=65197.8 > thresh=41345.0 (median=4270.0, MAD=2500.7, n=4464)"
1585271561337009291,2025-08-25,281079,samsung galaxy,Смартфоны,99160.515,23.0742,10.0,"CombinedScore=23.07; OTS_Z=23.07; COUNT_Z=4.71; daily_ots=99160.5 > thresh=45631.7 (median=4689.4, MAD=2761.6, n=7433)"
1585271561337026298,2025-08-25,203587,dreame,Малая техника,78404.28,18.4768,10.0,"CombinedScore=18.48; OTS_Z=18.48; COUNT_Z=4.66; daily_ots=78404.3 > thresh=44574.9 (median=4666.7, MAD=2691.8, n=509)"
1594287976076177216,2025-08-25,213474,nike,Обувь,45119.919,10.8654,10.0,"CombinedScore=10.87; OTS_Z=10.87; COUNT_Z=7.19; daily_ots=45119.9 > thresh=41879.1 (median=4429.4, MAD=2526.0, n=1795)"
3098483602160404120,2025-08-25,214236,oralb,Уход за полостью рта,30141.318,20.0097,10.0,"CombinedScore=20.01; OTS_Z=20.01; COUNT_Z=2.63; daily_ots=30141.3 > thresh=16681.2 (median=3234.0, MAD=907.0, n=30)"
3107495819638266880,2025-08-25,211784,meizu,Смартфоны,29757.1,11.0777,10.0,"CombinedScore=11.08; OTS_Z=11.08; COUNT_Z=1.12; daily_ots=29757.1 > thresh=27184.8 (median=3315.5, MAD=1610.0, n=86)"
4107288419676846194,2025-08-25,214199,oppo (электроника),Смартфоны,45061.746,11.9363,10.0,"CombinedScore=11.94; OTS_Z=11.94; COUNT_Z=0.83; daily_ots=45061.7 > thresh=38433.0 (median=4198.8, MAD=2309.1, n=872)"
4764817325728903810,2025-08-25,210685,loreal,Краски для волос,24856.232,10.6821,10.0,"CombinedScore=10.68; OTS_Z=10.68; COUNT_Z=0.00; daily_ots=24856.2 > thresh=23493.8 (median=3520.1, MAD=1347.2, n=204)"
5629511959330150400,2025-08-25,197627,adidas,Обувь,49817.64,15.4594,10.0,"CombinedScore=15.46; OTS_Z=15.46; COUNT_Z=2.70; daily_ots=49817.6 > thresh=33583.1 (median=3846.3, MAD=2005.7, n=1525)"
6629304165209877951,2025-08-25,221229,vivo (электроника),Смартфоны,62965.254,14.4451,10.0,"CombinedScore=14.45; OTS_Z=14.45; COUNT_Z=7.80; daily_ots=62965.3 > thresh=45028.8 (median=4677.5, MAD=2721.7, n=1154)"
7421937771504245228,2025-08-25,198151,amazfit,Смарт-часы и браслеты,43399.8,13.3175,10.0,"CombinedScore=13.32; OTS_Z=13.32; COUNT_Z=3.57; daily_ots=43399.8 > thresh=33627.7 (median=4171.3, MAD=1986.8, n=262)"
945767318361640843,2025-08-26,198484,apple iphone,Смартфоны,143548.956,28.5424,10.0,"CombinedScore=28.54; OTS_Z=28.54; COUNT_Z=3.07; daily_ots=143549.0 > thresh=53838.7 (median=5457.4, MAD=3263.3, n=9860)"
1450167894921152576,2025-08-26,204837,farmina,Корм для собак,28911.621,13.4463,10.0,"CombinedScore=13.45; OTS_Z=13.45; COUNT_Z=3.32; daily_ots=28911.6 > thresh=22147.8 (median=2521.8, MAD=1323.8, n=29)"
1585271561336784959,2025-08-26,242139,яндекс,Аудиотехника,54238.218,15.2393,10.0,"CombinedScore=15.24; OTS_Z=15.24; COUNT_Z=3.64; daily_ots=54238.2 > thresh=36944.9 (median=3938.1, MAD=2226.3, n=2495)"
1585271561336826681,2025-08-26,240354,фрутоняня,Детское питание,36346.374,12.0025,10.0,"CombinedScore=12.00; OTS_Z=12.00; COUNT_Z=3.58; daily_ots=36346.4 > thresh=30971.5 (median=4130.2, MAD=1810.4, n=485)"
1585271561336965723,2025-08-26,215268,polar (бытовая техника),Смарт-часы и браслеты,12226.832,14.7225,10.0,"CombinedScore=14.72; OTS_Z=14.72; COUNT_Z=4.63; daily_ots=12226.8 > thresh=8795.3 (median=1529.0, MAD=490.1, n=119)"
1585271561337035030,2025-08-26,281079,samsung galaxy,Смартфоны,93517.668,21.6959,10.0,"CombinedScore=21.70; OTS_Z=21.70; COUNT_Z=0.59; daily_ots=93517.7 > thresh=45631.7 (median=4689.4, MAD=2761.6, n=7433)"
1585274479214059157,2025-08-26,281079,samsung galaxy,Смартфоны,51373.047,11.4023,10.0,"CombinedScore=11.40; OTS_Z=11.40; COUNT_Z=1.18; daily_ots=51373.0 > thresh=45631.7 (median=4689.4, MAD=2761.6, n=7433)"
1873514497487928217,2025-08-26,216114,realme,Смартфоны,82645.241,20.5234,10.0,"CombinedScore=20.52; OTS_Z=20.52; COUNT_Z=3.77; daily_ots=82645.2 > thresh=42576.5 (median=4500.5, MAD=2568.2, n=3843)"
1873514497487928217,2025-08-26,369276,iqoo,Смартфоны,70838.778,19.5934,10.0,"CombinedScore=19.59; OTS_Z=19.59; COUNT_Z=3.66; daily_ots=70838.8 > thresh=38107.0 (median=3987.8, MAD=2301.3, n=858)"
2305848744076623468,2025-08-26,281079,samsung galaxy,Смартфоны,47371.94,10.425,10.0,"CombinedScore=10.43; OTS_Z=10.43; COUNT_Z=5.30; daily_ots=47371.9 > thresh=45631.7 (median=4689.4, MAD=2761.6, n=7433)"
2388593940434537216,2025-08-26,210322,lg,Крупная техника,40203.42,12.8043,10.0,"CombinedScore=12.80; OTS_Z=12.80; COUNT_Z=3.41; daily_ots=40203.4 > thresh=32222.6 (median=3764.0, MAD=1919.5, n=942)"
2449965668495115337,2025-08-26,281079,samsung galaxy,Смартфоны,47552.493,10.4691,10.0,"CombinedScore=10.47; OTS_Z=10.47; COUNT_Z=1.18; daily_ots=47552.5 > thresh=45631.7 (median=4689.4, MAD=2761.6, n=7433)"
3035438502080357056,2025-08-26,219127,ttaccardi,Обувь,26950.794,11.0687,10.0,"CombinedScore=11.07; OTS_Z=11.07; COUNT_Z=0.00; daily_ots=26950.8 > thresh=24665.9 (median=3284.9, MAD=1442.1, n=471)"
3685155140900563584,2025-08-26,198484,apple iphone,Смартфоны,54890.395,10.2174,10.0,"CombinedScore=10.22; OTS_Z=10.22; COUNT_Z=3.68; daily_ots=54890.4 > thresh=53838.7 (median=5457.4, MAD=3263.3, n=9860)"
3828751370547352448,2025-08-26,216181,redmi,Смартфоны,80067.83,21.1209,10.0,"CombinedScore=21.12; OTS_Z=21.12; COUNT_Z=3.04; daily_ots=80067.8 > thresh=40150.5 (median=4256.6, MAD=2421.0, n=4609)"
4107288419676846194,2025-08-26,215234,poco,Смартфоны,45024.706,10.4635,10.0,"CombinedScore=10.46; OTS_Z=10.46; COUNT_Z=0.57; daily_ots=45024.7 > thresh=43228.0 (median=4459.8, MAD=2614.9, n=3221)"
4107288419676846194,2025-08-26,369276,iqoo,Смартфоны,67537.059,18.6257,10.0,"CombinedScore=18.63; OTS_Z=18.63; COUNT_Z=1.46; daily_ots=67537.1 > thresh=38107.0 (median=3987.8, MAD=2301.3, n=858)"
4260416483740630784,2025-08-26,220311,turkan,Одежда,25483.431,11.5035,10.0,"CombinedScore=11.50; OTS_Z=11.50; COUNT_Z=0.00; daily_ots=25483.4 > thresh=22721.2 (median=4349.3, MAD=1239.2, n=29)"
4693328088967446145,2025-08-26,208375,jbl (аудиотехника),Аудиотехника,39018.33,10.521,10.0,"CombinedScore=10.52; OTS_Z=10.52; COUNT_Z=0.79; daily_ots=39018.3 > thresh=37287.4 (median=4067.2, MAD=2240.7, n=1174)"
6341074104264853846,2025-08-26,206505,grandorf,Корм для кошек,39965.374,18.4747,10.0,"CombinedScore=18.47; OTS_Z=18.47; COUNT_Z=1.84; daily_ots=39965.4 > thresh=23097.5 (median=3193.7, MAD=1342.5, n=118)"
7215590911962668352,2025-08-26,207543,huawei,Аудиотехника,93517.668,23.3955,10.0,"CombinedScore=23.40; OTS_Z=23.40; COUNT_Z=0.72; daily_ots=93517.7 > thresh=42545.0 (median=4492.8, MAD=2566.6, n=295)"
8151526594975941451,2025-08-26,215274,polaris (бытовая техника),Малая техника,36751.734,11.2256,10.0,"CombinedScore=11.23; OTS_Z=11.23; COUNT_Z=5.06; daily_ots=36751.7 > thresh=33163.6 (median=3887.0, MAD=1974.7, n=593)"
8511814487741101120,2025-08-26,220411,ugreen,Аудиотехника,40038.138,65.9381,10.0,"CombinedScore=65.94; OTS_Z=65.94; COUNT_Z=3.43; daily_ots=40038.1 > thresh=7899.5 (median=2154.1, MAD=387.5, n=16)"
8583871904837544942,2025-08-26,281079,samsung galaxy,Смартфоны,53901.512,12.0199,10.0,"CombinedScore=12.02; OTS_Z=12.02; COUNT_Z=0.59; daily_ots=53901.5 > thresh=45631.7 (median=4689.4, MAD=2761.6, n=7433)"
8863091449405593921,2025-08-26,201236,canon,Малая техника,46913.337,12.0726,10.0,"CombinedScore=12.07; OTS_Z=12.07; COUNT_Z=12.39; daily_ots=46913.3 > thresh=39580.9 (median=4202.3, MAD=2386.3, n=381)"
8863091449405593921,2025-08-26,218309,sony,Малая техника,54320.706,12.5835,10.0,"CombinedScore=12.58; OTS_Z=12.58; COUNT_Z=9.15; daily_ots=54320.7 > thresh=44075.7 (median=4420.7, MAD=2674.7, n=356)"
9079264347632290093,2025-08-26,201090,cp company,Одежда,26822.968,15.5254,10.0,"CombinedScore=15.53; OTS_Z=15.53; COUNT_Z=0.00; daily_ots=26823.0 > thresh=18342.6 (median=2994.8, MAD=1035.2, n=168)"
792639191900656652,2025-08-27,336403,zoom (аудиотехника),Аудиотехника,26331.296,41.0788,10.0,"CombinedScore=41.08; OTS_Z=41.08; COUNT_Z=0.00; daily_ots=26331.3 > thresh=8428.2 (median=2667.6, MAD=388.5, n=11)"
1369101347001709768,2025-08-27,213937,off white,Обувь,42343.581,18.3056,10.0,"CombinedScore=18.31; OTS_Z=18.31; COUNT_Z=4.90; daily_ots=42343.6 > thresh=24570.0 (median=3170.4, MAD=1443.4, n=23)"
1585271561336901830,2025-08-27,207943,infinix,Смартфоны,68299.292,18.6542,10.0,"CombinedScore=18.65; OTS_Z=18.65; COUNT_Z=2.13; daily_ots=68299.3 > thresh=38467.1 (median=3995.5, MAD=2325.1, n=1831)"
1585271561336929916,2025-08-27,202929,demiand,Малая техника,32066.32,11.5854,10.0,"CombinedScore=11.59; OTS_Z=11.59; COUNT_Z=1.60; daily_ots=32066.3 > thresh=28200.7 (median=3818.1, MAD=1644.6, n=202)"
1585271561336929916,2025-08-27,209227,kitfort,Малая техника,32066.32,10.0297,10.0,"CombinedScore=10.03; OTS_Z=10.03; COUNT_Z=1.24; daily_ots=32066.3 > thresh=31982.8 (median=3853.5, MAD=1897.3, n=830)"
1585271561336969686,2025-08-27,207447,honor,Смартфоны,83228.285,21.2969,10.0,"CombinedScore=21.30; OTS_Z=21.30; COUNT_Z=3.88; daily_ots=83228.3 > thresh=41345.0 (median=4270.0, MAD=2500.7, n=4464)"
1585271561337034659,2025-08-27,206416,gorenje,Крупная техника,41124.546,13.964,10.0,"CombinedScore=13.96; OTS_Z=13.96; COUNT_Z=3.22; daily_ots=41124.5 > thresh=30537.5 (median=3829.3, MAD=1801.5, n=318)"
1585271561337034979,2025-08-27,209227,kitfort,Малая техника,75209.428,25.3671,10.0,"CombinedScore=25.37; OTS_Z=25.37; COUNT_Z=3.73; daily_ots=75209.4 > thresh=31982.8 (median=3853.5, MAD=1897.3, n=830)"
1585271561337034979,2025-08-27,219742,timberk,Малая техника,112814.142,31.9473,10.0,"CombinedScore=31.95; OTS_Z=31.95; COUNT_Z=4.02; daily_ots=112814.1 > thresh=38781.1 (median=5048.8, MAD=2275.2, n=34)"
1666345625407870272,2025-08-27,207447,honor,Смартфоны,51849.917,12.8334,10.0,"CombinedScore=12.83; OTS_Z=12.83; COUNT_Z=3.88; daily_ots=51849.9 > thresh=41345.0 (median=4270.0, MAD=2500.7, n=4464)"
1666345625407870272,2025-08-27,214199,oppo (электроника),Смартфоны,51849.917,13.9191,10.0,"CombinedScore=13.92; OTS_Z=13.92; COUNT_Z=4.96; daily_ots=51849.9 > thresh=38433.0 (median=4198.8, MAD=2309.1, n=872)"
2305848744076622784,2025-08-27,221942,xiaomi,Смартфоны,41784.966,10.6106,10.0,"CombinedScore=10.61; OTS_Z=10.61; COUNT_Z=5.69; daily_ots=41785.0 > thresh=39628.5 (median=4310.7, MAD=2382.2, n=3163)"
2305848744076623288,2025-08-27,238885,теплэко,Малая техника,45704.408,17.6248,10.0,"CombinedScore=17.62; OTS_Z=17.62; COUNT_Z=4.32; daily_ots=45704.4 > thresh=27446.1 (median=3500.0, MAD=1615.2, n=181)"
2388593940434537216,2025-08-27,210322,lg,Крупная техника,121452.42,41.3542,10.0,"CombinedScore=41.35; OTS_Z=41.35; COUNT_Z=11.92; daily_ots=121452.4 > thresh=32222.6 (median=3764.0, MAD=1919.5, n=942)"
3098483602160404038,2025-08-27,221223,vivienne sabo,Макияж для глаз,51809.553,16.2985,10.0,"CombinedScore=16.30; OTS_Z=16.30; COUNT_Z=2.90; daily_ots=51809.6 > thresh=33278.5 (median=3857.3, MAD=1984.5, n=310)"
3891115984388077661,2025-08-27,215234,poco,Смартфоны,45253.896,10.5226,10.0,"CombinedScore=10.52; OTS_Z=10.52; COUNT_Z=1.71; daily_ots=45253.9 > thresh=43228.0 (median=4459.8, MAD=2614.9, n=3221)"
4107288419676846194,2025-08-27,200371,blackview,Смартфоны,45024.706,14.2605,10.0,"CombinedScore=14.26; OTS_Z=14.26; COUNT_Z=0.74; daily_ots=45024.7 > thresh=32645.1 (median=3588.6, MAD=1959.9, n=145)"
4107288419676846194,2025-08-27,207447,honor,Смартфоны,45024.706,10.9925,10.0,"CombinedScore=10.99; OTS_Z=10.99; COUNT_Z=0.65; daily_ots=45024.7 > thresh=41345.0 (median=4270.0, MAD=2500.7, n=4464)"
4107288419676846194,2025-08-27,213703,nothing,Смартфоны,45024.706,10.6339,10.0,"CombinedScore=10.63; OTS_Z=10.63; COUNT_Z=1.05; daily_ots=45024.7 > thresh=42612.2 (median=4555.4, MAD=2566.9, n=276)"
4107288419676846194,2025-08-27,214142,oneplus,Смартфоны,45024.706,11.0957,10.0,"CombinedScore=11.10; OTS_Z=11.10; COUNT_Z=0.62; daily_ots=45024.7 > thresh=41004.4 (median=4311.5, MAD=2474.9, n=851)"
4107288419676846194,2025-08-27,215234,poco,Смартфоны,157586.471,39.4981,10.0,"CombinedScore=39.50; OTS_Z=39.50; COUNT_Z=3.42; daily_ots=157586.5 > thresh=43228.0 (median=4459.8, MAD=2614.9, n=3221)"
4107288419676846194,2025-08-27,216114,realme,Смартфоны,270148.236,69.7678,10.0,"CombinedScore=69.77; OTS_Z=69.77; COUNT_Z=6.92; daily_ots=270148.2 > thresh=42576.5 (median=4500.5, MAD=2568.2, n=3843)"
4107288419676846194,2025-08-27,216181,redmi,Смартфоны,45024.706,11.358,10.0,"CombinedScore=11.36; OTS_Z=11.36; COUNT_Z=0.76; daily_ots=45024.7 > thresh=40150.5 (median=4256.6, MAD=2421.0, n=4609)"
4107288419676846194,2025-08-27,369276,iqoo,Смартфоны,157586.471,45.0183,10.0,"CombinedScore=45.02; OTS_Z=45.02; COUNT_Z=4.39; daily_ots=157586.5 > thresh=38107.0 (median=3987.8, MAD=2301.3, n=858)"
4764817325728907460,2025-08-27,207535,htc,Смартфоны,34840.504,14.2636,10.0,"CombinedScore=14.26; OTS_Z=14.26; COUNT_Z=3.69; daily_ots=34840.5 > thresh=25427.5 (median=3349.9, MAD=1489.1, n=23)"
5404327400063577413,2025-08-27,213474,nike,Обувь,233412.68,61.1443,10.0,"CombinedScore=61.14; OTS_Z=61.14; COUNT_Z=11.38; daily_ots=233412.7 > thresh=41879.1 (median=4429.4, MAD=2526.0, n=1795)"
5991025196473750720,2025-08-27,207943,infinix,Смартфоны,43214.154,11.3771,10.0,"CombinedScore=11.38; OTS_Z=11.38; COUNT_Z=1.42; daily_ots=43214.2 > thresh=38467.1 (median=3995.5, MAD=2325.1, n=1831)"
7071730495301498368,2025-08-27,216621,rocs,Уход за полостью рта,48649.644,15.3289,10.0,"CombinedScore=15.33; OTS_Z=15.33; COUNT_Z=3.07; daily_ots=48649.6 > thresh=33200.9 (median=4210.5, MAD=1955.4, n=284)"
369305764258770457,2025-08-28,240354,фрутоняня,Детское питание,44187.69,14.9239,10.0,"CombinedScore=14.92; OTS_Z=14.92; COUNT_Z=1.79; daily_ots=44187.7 > thresh=30971.5 (median=4130.2, MAD=1810.4, n=485)"
1306055321721055768,2025-08-28,202165,constant delight,Краски для волос,20292.716,10.3422,10.0,"CombinedScore=10.34; OTS_Z=10.34; COUNT_Z=0.00; daily_ots=20292.7 > thresh=19763.8 (median=4306.8, MAD=1042.6, n=12)"
1585271561337003723,2025-08-28,311362,tecno pova,Смартфоны,54793.328,15.3744,10.0,"CombinedScore=15.37; OTS_Z=15.37; COUNT_Z=0.87; daily_ots=54793.3 > thresh=37011.2 (median=3924.7, MAD=2231.7, n=1104)"
1585271561337008237,2025-08-28,242139,яндекс,Аудиотехника,57827.145,16.3267,10.0,"CombinedScore=16.33; OTS_Z=16.33; COUNT_Z=2.91; daily_ots=57827.1 > thresh=36944.9 (median=3938.1, MAD=2226.3, n=2495)"
1585271561337036299,2025-08-28,203471,дав,Дезодоранты,27396.664,10.5239,10.0,"CombinedScore=10.52; OTS_Z=10.52; COUNT_Z=0.00; daily_ots=27396.7 > thresh=26217.6 (median=3714.6, MAD=1517.8, n=69)"
1873514497487928217,2025-08-28,221229,vivo (электроника),Смартфоны,57834.927,13.1737,10.0,"CombinedScore=13.17; OTS_Z=13.17; COUNT_Z=1.56; daily_ots=57834.9 > thresh=45028.8 (median=4677.5, MAD=2721.7, n=1154)"
2738194092690289087,2025-08-28,198484,apple iphone,Смартфоны,461276.718,94.214,10.0,"CombinedScore=94.21; OTS_Z=94.21; COUNT_Z=3.68; daily_ots=461276.7 > thresh=53838.7 (median=5457.4, MAD=3263.3, n=9860)"
3098483135638259014,2025-08-28,230759,ласка,Товары для стирки,28806.368,10.3808,10.0,"CombinedScore=10.38; OTS_Z=10.38; COUNT_Z=4.54; daily_ots=28806.4 > thresh=27885.8 (median=3713.9, MAD=1630.4, n=267)"
3107495819638272003,2025-08-28,213619,nokia,Смартфоны,73835.418,19.2135,10.0,"CombinedScore=19.21; OTS_Z=19.21; COUNT_Z=3.81; daily_ots=73835.4 > thresh=40449.0 (median=4212.6, MAD=2444.1, n=693)"
3747000630363940378,2025-08-28,281079,samsung galaxy,Смартфоны,100095.23,23.3025,10.0,"CombinedScore=23.30; OTS_Z=23.30; COUNT_Z=2.36; daily_ots=100095.2 > thresh=45631.7 (median=4689.4, MAD=2761.6, n=7433)"
4107288419676846194,2025-08-28,207943,infinix,Смартфоны,45017.306,11.9002,10.0,"CombinedScore=11.90; OTS_Z=11.90; COUNT_Z=0.71; daily_ots=45017.3 > thresh=38467.1 (median=3995.5, MAD=2325.1, n=1831)"
4107288419676846194,2025-08-28,215234,poco,Смартфоны,67525.959,16.2675,10.0,"CombinedScore=16.27; OTS_Z=16.27; COUNT_Z=1.14; daily_ots=67526.0 > thresh=43228.0 (median=4459.8, MAD=2614.9, n=3221)"
4107288419676846194,2025-08-28,216114,realme,Смартфоны,202577.877,52.0216,10.0,"CombinedScore=52.02; OTS_Z=52.02; COUNT_Z=5.03; daily_ots=202577.9 > thresh=42576.5 (median=4500.5, MAD=2568.2, n=3843)"
6341072931965192096,2025-08-28,231633,малютка,Детское питание,42190.304,11.9381,10.0,"CombinedScore=11.94; OTS_Z=11.94; COUNT_Z=3.56; daily_ots=42190.3 > thresh=36102.2 (median=4688.6, MAD=2118.8, n=126)"
7143312829365637760,2025-08-28,224251,бархатные ручки,Средства для мытья и ухода за руками,51381.654,19.2225,10.0,"CombinedScore=19.22; OTS_Z=19.22; COUNT_Z=2.39; daily_ots=51381.7 > thresh=28528.3 (median=3748.3, MAD=1671.4, n=59)"
504410216844887574,2025-08-29,201581,chappi,Корм для собак,27641.917,10.6738,10.0,"CombinedScore=10.67; OTS_Z=10.67; COUNT_Z=0.00; daily_ots=27641.9 > thresh=26127.8 (median=3657.2, MAD=1515.6, n=141)"
792640928209094937,2025-08-29,216114,realme,Смартфоны,51811.145,12.4253,10.0,"CombinedScore=12.43; OTS_Z=12.43; COUNT_Z=2.52; daily_ots=51811.1 > thresh=42576.5 (median=4500.5, MAD=2568.2, n=3843)"
874584275534426368,2025-08-29,209597,kuppersberg,Крупная техника,30871.188,13.9726,10.0,"CombinedScore=13.97; OTS_Z=13.97; COUNT_Z=6.91; daily_ots=30871.2 > thresh=23118.2 (median=3602.0, MAD=1316.4, n=75)"
1017826062559976640,2025-08-29,281079,samsung galaxy,Смартфоны,84435.175,19.4776,10.0,"CombinedScore=19.48; OTS_Z=19.48; COUNT_Z=2.36; daily_ots=84435.2 > thresh=45631.7 (median=4689.4, MAD=2761.6, n=7433)"
1585271561336901830,2025-08-29,203071,dexp,Крупная техника,85489.48,25.9832,10.0,"CombinedScore=25.98; OTS_Z=25.98; COUNT_Z=2.92; daily_ots=85489.5 > thresh=35394.4 (median=4052.1, MAD=2114.0, n=246)"
1585271561336901830,2025-08-29,215234,poco,Смартфоны,153881.064,38.5423,10.0,"CombinedScore=38.54; OTS_Z=38.54; COUNT_Z=4.56; daily_ots=153881.1 > thresh=43228.0 (median=4459.8, MAD=2614.9, n=3221)"
1585271561337020061,2025-08-29,216181,redmi,Аудиотехника,44934.112,11.1703,10.0,"CombinedScore=11.17; OTS_Z=11.17; COUNT_Z=3.04; daily_ots=44934.1 > thresh=40640.2 (median=3949.8, MAD=2474.8, n=203)"
1585271561337040758,2025-08-29,198484,apple iphone,Смартфоны,125554.08,24.823,10.0,"CombinedScore=24.82; OTS_Z=24.82; COUNT_Z=3.07; daily_ots=125554.1 > thresh=53838.7 (median=5457.4, MAD=3263.3, n=9860)"
4107288419676846096,2025-08-29,216063,razer,Аудиотехника,61518.687,11.2263,10.0,"CombinedScore=11.23; OTS_Z=11.23; COUNT_Z=4.75; daily_ots=61518.7 > thresh=55392.3 (median=5434.5, MAD=3369.7, n=49)"
4692759896965140290,2025-08-29,214973,philips,Малая техника,75802.428,18.1642,10.0,"CombinedScore=18.16; OTS_Z=18.16; COUNT_Z=4.52; daily_ots=75802.4 > thresh=43979.5 (median=5000.9, MAD=2629.1, n=702)"
5116096277414528843,2025-08-29,208796,kappa,Одежда,147314.532,46.5957,10.0,"CombinedScore=46.60; OTS_Z=46.60; COUNT_Z=9.40; daily_ots=147314.5 > thresh=34742.7 (median=3981.8, MAD=2074.8, n=159)"
6052843423965704808,2025-08-29,242139,яндекс,Крупная техника,37770.906,12.6793,10.0,"CombinedScore=12.68; OTS_Z=12.68; COUNT_Z=5.80; daily_ots=37770.9 > thresh=30553.4 (median=3615.0, MAD=1817.0, n=311)"
6711477864312357568,2025-08-29,198484,apple iphone,Смартфоны,55231.596,10.2879,10.0,"CombinedScore=10.29; OTS_Z=10.29; COUNT_Z=1.84; daily_ots=55231.6 > thresh=53838.7 (median=5457.4, MAD=3263.3, n=9860)"
7430951976169581696,2025-08-29,216114,realme,Смартфоны,63147.35,15.4026,10.0,"CombinedScore=15.40; OTS_Z=15.40; COUNT_Z=8.18; daily_ots=63147.3 > thresh=42576.5 (median=4500.5, MAD=2568.2, n=3843)"
7719181970776511680,2025-08-29,242139,яндекс,Аудиотехника,50258.645,14.0336,10.0,"CombinedScore=14.03; OTS_Z=14.03; COUNT_Z=2.91; daily_ots=50258.6 > thresh=36944.9 (median=3938.1, MAD=2226.3, n=2495)"
7854284809238590800,2025-08-29,207447,honor,Смартфоны,82133.463,21.0016,10.0,"CombinedScore=21.00; OTS_Z=21.00; COUNT_Z=1.29; daily_ots=82133.5 > thresh=41345.0 (median=4270.0, MAD=2500.7, n=4464)"
1585271561336901830,2025-08-30,203071,dexp,Крупная техника,104842.554,32.1579,10.0,"CombinedScore=32.16; OTS_Z=32.16; COUNT_Z=3.64; daily_ots=104842.6 > thresh=35394.4 (median=4052.1, MAD=2114.0, n=246)"
1585271561337003723,2025-08-30,215234,poco,Смартфоны,81277.254,19.8146,10.0,"CombinedScore=19.81; OTS_Z=19.81; COUNT_Z=1.14; daily_ots=81277.3 > thresh=43228.0 (median=4459.8, MAD=2614.9, n=3221)"
1585271561337003723,2025-08-30,216114,realme,Смартфоны,46868.273,11.1272,10.0,"CombinedScore=11.13; OTS_Z=11.13; COUNT_Z=0.00; daily_ots=46868.3 > thresh=42576.5 (median=4500.5, MAD=2568.2, n=3843)"
1585271561337012250,2025-08-30,214199,oppo (электроника),Смартфоны,48850.824,13.0431,10.0,"CombinedScore=13.04; OTS_Z=13.04; COUNT_Z=1.65; daily_ots=48850.8 > thresh=38433.0 (median=4198.8, MAD=2309.1, n=872)"
1585271561337023951,2025-08-30,205014,fiero,Аудиотехника,38069.814,12.0012,10.0,"CombinedScore=12.00; OTS_Z=12.00; COUNT_Z=4.29; daily_ots=38069.8 > thresh=32213.5 (median=2949.0, MAD=1973.9, n=74)"
1585271561337053064,2025-08-30,222512,zota,Крупная техника,50290.425,19.8981,10.0,"CombinedScore=19.90; OTS_Z=19.90; COUNT_Z=5.06; daily_ots=50290.4 > thresh=26830.7 (median=3129.6, MAD=1598.6, n=32)"
1666345625407870272,2025-08-30,216181,redmi,Смартфоны,74814.81,19.6575,10.0,"CombinedScore=19.66; OTS_Z=19.66; COUNT_Z=3.80; daily_ots=74814.8 > thresh=40150.5 (median=4256.6, MAD=2421.0, n=4609)"
2954367870147815893,2025-08-30,199814,befree,Одежда,51761.735,13.2544,10.0,"CombinedScore=13.25; OTS_Z=13.25; COUNT_Z=5.42; daily_ots=51761.7 > thresh=40178.7 (median=4587.0, MAD=2400.7, n=387)"
2954367870147816339,2025-08-30,217968,skinphoria,Средства для умывания и ухода за лицом,28176.368,10.817,10.0,"CombinedScore=10.82; OTS_Z=10.82; COUNT_Z=3.48; daily_ots=28176.4 > thresh=26251.1 (median=2687.3, MAD=1589.4, n=11)"
3747000630363940378,2025-08-30,212714,motorola,Смартфоны,120851.382,36.8226,10.0,"CombinedScore=36.82; OTS_Z=36.82; COUNT_Z=4.80; daily_ots=120851.4 > thresh=35356.1 (median=3481.7, MAD=2149.9, n=269)"
3747000630363940378,2025-08-30,281079,samsung galaxy,Смартфоны,161135.176,38.2112,10.0,"CombinedScore=38.21; OTS_Z=38.21; COUNT_Z=4.12; daily_ots=161135.2 > thresh=45631.7 (median=4689.4, MAD=2761.6, n=7433)"
4107288419676846096,2025-08-30,216187,redragon,Аудиотехника,22627.668,10.2226,10.0,"CombinedScore=10.22; OTS_Z=10.22; COUNT_Z=0.00; daily_ots=22627.7 > thresh=22213.7 (median=3618.1, MAD=1254.3, n=11)"
4107288419676846194,2025-08-30,207943,infinix,Смартфоны,45255.336,11.9692,10.0,"CombinedScore=11.97; OTS_Z=11.97; COUNT_Z=0.71; daily_ots=45255.3 > thresh=38467.1 (median=3995.5, MAD=2325.1, n=1831)"
6341074104264854342,2025-08-30,203761,e,Товары для стирки,49616.71,16.9056,10.0,"CombinedScore=16.91; OTS_Z=16.91; COUNT_Z=4.19; daily_ots=49616.7 > thresh=30866.0 (median=3713.2, MAD=1831.5, n=33)"
6629304165209876489,2025-08-30,206804,haier,Крупная техника,44254.522,13.0189,10.0,"CombinedScore=13.02; OTS_Z=13.02; COUNT_Z=8.24; daily_ots=44254.5 > thresh=34924.6 (median=4019.2, MAD=2084.6, n=729)"
8368054544090180032,2025-08-30,207943,infinix,Смартфоны,42251.28,11.0978,10.0,"CombinedScore=11.10; OTS_Z=11.10; COUNT_Z=1.42; daily_ots=42251.3 > thresh=38467.1 (median=3995.5, MAD=2325.1, n=1831)"
9989555737518336,2025-08-31,198484,apple iphone,Смартфоны,56733.804,10.5984,10.0,"CombinedScore=10.60; OTS_Z=10.60; COUNT_Z=10.43; daily_ots=56733.8 > thresh=53838.7 (median=5457.4, MAD=3263.3, n=9860)"
369306588173643414,2025-08-31,214199,oppo (электроника),Смартфоны,57389.178,15.5372,10.0,"CombinedScore=15.54; OTS_Z=15.54; COUNT_Z=4.96; daily_ots=57389.2 > thresh=38433.0 (median=4198.8, MAD=2309.1, n=872)"
936754186446804364,2025-08-31,214973,philips,Аудиотехника,69817.005,21.888,10.0,"CombinedScore=21.89; OTS_Z=21.89; COUNT_Z=1.24; daily_ots=69817.0 > thresh=33663.2 (median=3251.2, MAD=2051.3, n=78)"
1585271561337003723,2025-08-31,311362,tecno pova,Смартфоны,54304.066,15.2265,10.0,"CombinedScore=15.23; OTS_Z=15.23; COUNT_Z=0.87; daily_ots=54304.1 > thresh=37011.2 (median=3924.7, MAD=2231.7, n=1104)"
1585271561337022991,2025-08-31,202516,curaprox,Уход за полостью рта,24115.168,15.2627,10.0,"CombinedScore=15.26; OTS_Z=15.26; COUNT_Z=1.66; daily_ots=24115.2 > thresh=17289.5 (median=4319.5, MAD=874.8, n=104)"
1738403280270865088,2025-08-31,217082,samsung,Смартфоны,35075.81,10.4894,10.0,"CombinedScore=10.49; OTS_Z=10.49; COUNT_Z=1.65; daily_ots=35075.8 > thresh=33612.7 (median=3716.5, MAD=2016.5, n=1421)"
1739916987938841344,2025-08-31,198484,apple iphone,Смартфоны,58321.896,10.9266,10.0,"CombinedScore=10.93; OTS_Z=10.93; COUNT_Z=6.75; daily_ots=58321.9 > thresh=53838.7 (median=5457.4, MAD=3263.3, n=9860)"
2233791780476071135,2025-08-31,215274,polaris (бытовая техника),Малая техника,49980.224,15.7441,10.0,"CombinedScore=15.74; OTS_Z=15.74; COUNT_Z=3.03; daily_ots=49980.2 > thresh=33163.6 (median=3887.0, MAD=1974.7, n=593)"
2233791780476071135,2025-08-31,242139,яндекс,Аудиотехника,37485.168,10.1637,10.0,"CombinedScore=10.16; OTS_Z=10.16; COUNT_Z=1.46; daily_ots=37485.2 > thresh=36944.9 (median=3938.1, MAD=2226.3, n=2495)"
2305848744076622648,2025-08-31,336403,zoom (аудиотехника),Аудиотехника,8591.378,10.2833,10.0,"CombinedScore=10.28; OTS_Z=10.28; COUNT_Z=0.00; daily_ots=8591.4 > thresh=8428.2 (median=2667.6, MAD=388.5, n=11)"
2882310110228255577,2025-08-31,216114,realme,Смартфоны,74142.618,18.2903,10.0,"CombinedScore=18.29; OTS_Z=18.29; COUNT_Z=3.14; daily_ots=74142.6 > thresh=42576.5 (median=4500.5, MAD=2568.2, n=3843)"
2882310110228255577,2025-08-31,238974,tecno spark,Смартфоны,49428.412,14.0808,10.0,"CombinedScore=14.08; OTS_Z=14.08; COUNT_Z=2.67; daily_ots=49428.4 > thresh=36237.5 (median=3913.1, MAD=2180.3, n=1254)"
3684346221097551104,2025-08-31,208810,kari,Обувь,53993.244,17.6035,10.0,"CombinedScore=17.60; OTS_Z=17.60; COUNT_Z=1.57; daily_ots=53993.2 > thresh=32319.3 (median=3814.1, MAD=1922.7, n=736)"
3684346221097551104,2025-08-31,215020,pierre cardin,Обувь,107986.488,42.6812,10.0,"CombinedScore=42.68; OTS_Z=42.68; COUNT_Z=3.25; daily_ots=107986.5 > thresh=28032.8 (median=3568.1, MAD=1650.1, n=140)"
4107288419676846194,2025-08-31,212714,motorola,Смартфоны,41059.8,11.7894,10.0,"CombinedScore=11.79; OTS_Z=11.79; COUNT_Z=0.96; daily_ots=41059.8 > thresh=35356.1 (median=3481.7, MAD=2149.9, n=269)"
4405819833020689728,2025-08-31,210322,lg,Крупная техника,43285.134,13.8872,10.0,"CombinedScore=13.89; OTS_Z=13.89; COUNT_Z=4.26; daily_ots=43285.1 > thresh=32222.6 (median=3764.0, MAD=1919.5, n=942)"
6052843423965704462,2025-08-31,199814,befree,Одежда,54304.066,13.9687,10.0,"CombinedScore=13.97; OTS_Z=13.97; COUNT_Z=1.35; daily_ots=54304.1 > thresh=40178.7 (median=4587.0, MAD=2400.7, n=387)"
6413133733194254145,2025-08-31,211535,matrix (уход за волосами),Средства для волос,54304.066,18.9387,10.0,"CombinedScore=18.94; OTS_Z=18.94; COUNT_Z=1.37; daily_ots=54304.1 > thresh=30628.5 (median=4142.0, MAD=1786.5, n=91)"
6629304165209877503,2025-08-31,205029,fiio,Аудиотехника,31742.968,11.8805,10.0,"CombinedScore=11.88; OTS_Z=11.88; COUNT_Z=1.43; daily_ots=31743.0 > thresh=27181.8 (median=2926.2, MAD=1636.0, n=79)"
7430951976169581696,2025-08-31,216114,realme,Смартфоны,45400.87,10.7418,10.0,"CombinedScore=10.74; OTS_Z=10.74; COUNT_Z=5.66; daily_ots=45400.9 > thresh=42576.5 (median=4500.5, MAD=2568.2, n=3843)"
7576643904375722625,2025-08-31,199522,bape,Обувь,48622.382,14.4746,10.0,"CombinedScore=14.47; OTS_Z=14.47; COUNT_Z=0.67; daily_ots=48622.4 > thresh=34813.6 (median=3953.6, MAD=2081.5, n=2)"
8800042911955350657,2025-08-31,213811,nutridrink,Детское питание,26845.696,11.821,10.0,"CombinedScore=11.82; OTS_Z=11.82; COUNT_Z=0.00; daily_ots=26845.7 > thresh=23197.3 (median=3162.1, MAD=1351.4, n=31)"
1585271561336638088,2025-09-01,392297,selsovet,Одежда,15137.33,10.0076,10.0,"CombinedScore=10.01; OTS_Z=10.01; COUNT_Z=2.26; daily_ots=15137.3 > thresh=15127.8 (median=2536.2, MAD=849.3, n=15)"
1585271561336939603,2025-09-01,207558,huggies,Подгузники,53263.826,12.4133,10.0,"CombinedScore=12.41; OTS_Z=12.41; COUNT_Z=1.23; daily_ots=53263.8 > thresh=43853.2 (median=4857.9, MAD=2630.2, n=276)"
1585271561336939603,2025-09-01,214544,pampers,Подгузники,159791.478,50.3734,10.0,"CombinedScore=50.37; OTS_Z=50.37; COUNT_Z=7.26; daily_ots=159791.5 > thresh=35283.4 (median=4444.3, MAD=2080.1, n=985)"
1585271561337003723,2025-09-01,311362,tecno pova,Смартфоны,53263.826,14.9121,10.0,"CombinedScore=14.91; OTS_Z=14.91; COUNT_Z=0.87; daily_ots=53263.8 > thresh=37011.2 (median=3924.7, MAD=2231.7, n=1104)"
1585271561337010470,2025-09-01,320820,neva (сантехника),Крупная техника,14196.282,11.2871,10.0,"CombinedScore=11.29; OTS_Z=11.29; COUNT_Z=2.08; daily_ots=14196.3 > thresh=12831.5 (median=2228.5, MAD=715.2, n=79)"
1729388589032331985,2025-09-01,211325,marko,Обувь,25449.709,11.0091,10.0,"CombinedScore=11.01; OTS_Z=11.01; COUNT_Z=0.00; daily_ots=25449.7 > thresh=23347.7 (median=2517.5, MAD=1405.0, n=47)"
3035438502080357056,2025-09-01,205874,garnier,Средства для волос,53263.826,18.2342,10.0,"CombinedScore=18.23; OTS_Z=18.23; COUNT_Z=1.79; daily_ots=53263.8 > thresh=30922.2 (median=3789.5, MAD=1830.1, n=32)"
4692759896965140290,2025-09-01,214973,philips,Малая техника,53709.67,12.4963,10.0,"CombinedScore=12.50; OTS_Z=12.50; COUNT_Z=3.39; daily_ots=53709.7 > thresh=43979.5 (median=5000.9, MAD=2629.1, n=702)"
8872104940726666496,2025-09-01,219383,tefal,Малая техника,38047.544,14.1017,10.0,"CombinedScore=14.10; OTS_Z=14.10; COUNT_Z=3.33; daily_ots=38047.5 > thresh=28025.4 (median=3591.3, MAD=1648.1, n=498)"
5034735006505,2025-09-02,210535,listerine,Уход за полостью рта,9620.5,13.2271,10.0,"CombinedScore=13.23; OTS_Z=13.23; COUNT_Z=0.00; daily_ots=9620.5 > thresh=7993.8 (median=2953.2, MAD=340.0, n=27)"
369306588173643414,2025-09-02,238974,tecno spark,Смартфоны,40035.976,11.1751,10.0,"CombinedScore=11.18; OTS_Z=11.18; COUNT_Z=6.23; daily_ots=40036.0 > thresh=36237.5 (median=3913.1, MAD=2180.3, n=1254)"
1585271561336916995,2025-09-02,216181,redmi,Смартфоны,50578.27,12.9052,10.0,"CombinedScore=12.91; OTS_Z=12.91; COUNT_Z=3.04; daily_ots=50578.3 > thresh=40150.5 (median=4256.6, MAD=2421.0, n=4609)"
1585271561337054659,2025-09-02,281079,samsung galaxy,Смартфоны,51217.01,11.3642,10.0,"CombinedScore=11.36; OTS_Z=11.36; COUNT_Z=5.30; daily_ots=51217.0 > thresh=45631.7 (median=4689.4, MAD=2761.6, n=7433)"
3611898983435468034,2025-09-02,216114,realme,Смартфоны,103363.92,25.9648,10.0,"CombinedScore=25.96; OTS_Z=25.96; COUNT_Z=1.89; daily_ots=103363.9 > thresh=42576.5 (median=4500.5, MAD=2568.2, n=3843)"
3747000630363940378,2025-09-02,281079,samsung galaxy,Смартфоны,167677.929,39.8093,10.0,"CombinedScore=39.81; OTS_Z=39.81; COUNT_Z=4.71; daily_ots=167677.9 > thresh=45631.7 (median=4689.4, MAD=2761.6, n=7433)"
4764817325728908033,2025-09-02,242139,яндекс,Аудиотехника,42452.282,11.6686,10.0,"CombinedScore=11.67; OTS_Z=11.67; COUNT_Z=0.73; daily_ots=42452.3 > thresh=36944.9 (median=3938.1, MAD=2226.3, n=2495)"
5116095829525861647,2025-09-02,206223,glissade,Одежда,152880.21,52.9076,10.0,"CombinedScore=52.91; OTS_Z=52.91; COUNT_Z=3.81; daily_ots=152880.2 > thresh=33167.0 (median=5266.7, MAD=1881.9, n=14)"
5197177867537097536,2025-09-02,216181,redmi,Смартфоны,56395.84,14.5259,10.0,"CombinedScore=14.53; OTS_Z=14.53; COUNT_Z=6.83; daily_ots=56395.8 > thresh=40150.5 (median=4256.6, MAD=2421.0, n=4609)"
5332267584642577438,2025-09-02,208967,kenwood (бытовая техника),Малая техника,33393.909,12.2085,10.0,"CombinedScore=12.21; OTS_Z=12.21; COUNT_Z=2.77; daily_ots=33393.9 > thresh=28126.9 (median=4278.1, MAD=1608.6, n=106)"
5413337214202460504,2025-09-02,207902,indesit,Крупная техника,35398.242,13.4359,10.0,"CombinedScore=13.44; OTS_Z=13.44; COUNT_Z=5.51; daily_ots=35398.2 > thresh=27149.4 (median=3141.5, MAD=1619.3, n=417)"
5548441990942654369,2025-09-02,207943,infinix,Смартфоны,53672.526,14.411,10.0,"CombinedScore=14.41; OTS_Z=14.41; COUNT_Z=3.56; daily_ots=53672.5 > thresh=38467.1 (median=3995.5, MAD=2325.1, n=1831)"
6196960145816224397,2025-09-02,281079,samsung galaxy,Смартфоны,54082.015,12.0639,10.0,"CombinedScore=12.06; OTS_Z=12.06; COUNT_Z=2.36; daily_ots=54082.0 > thresh=45631.7 (median=4689.4, MAD=2761.6, n=7433)"
6413133404652387456,2025-09-02,215539,pro plan,Корм для кошек,33230.044,12.5579,10.0,"CombinedScore=12.56; OTS_Z=12.56; COUNT_Z=3.83; daily_ots=33230.0 > thresh=27127.5 (median=3270.1, MAD=1609.2, n=291)"
6629304165209876826,2025-09-02,216387,revyline,Малая техника,25779.749,10.5353,10.0,"CombinedScore=10.54; OTS_Z=10.54; COUNT_Z=0.00; daily_ots=25779.7 > thresh=24633.3 (median=3217.4, MAD=1444.5, n=29)"
6629304165209877571,2025-09-02,202964,denon,Аудиотехника,38580.254,10.206,10.0,"CombinedScore=10.21; OTS_Z=10.21; COUNT_Z=0.76; daily_ots=38580.3 > thresh=37875.7 (median=3672.4, MAD=2307.0, n=46)"
8007413447319366784,2025-09-02,209879,lamm,Товары для стирки,32449.209,10.0485,10.0,"CombinedScore=10.05; OTS_Z=10.05; COUNT_Z=3.40; daily_ots=32449.2 > thresh=32310.8 (median=3799.9, MAD=1923.1, n=172)"
8511817191720792833,2025-09-02,198484,apple iphone,Смартфоны,104220.396,20.4135,10.0,"CombinedScore=20.41; OTS_Z=20.41; COUNT_Z=1.84; daily_ots=104220.4 > thresh=53838.7 (median=5457.4, MAD=3263.3, n=9860)"
369306588173643414,2025-09-03,238974,tecno spark,Смартфоны,47585.3,13.5106,10.0,"CombinedScore=13.51; OTS_Z=13.51; COUNT_Z=3.56; daily_ots=47585.3 > thresh=36237.5 (median=3913.1, MAD=2180.3, n=1254)"
441361688982362880,2025-09-03,198484,apple iphone,Смартфоны,54744.258,10.1872,10.0,"CombinedScore=10.19; OTS_Z=10.19; COUNT_Z=3.07; daily_ots=54744.3 > thresh=53838.7 (median=5457.4, MAD=3263.3, n=9860)"
1522327548243721536,2025-09-03,198484,apple iphone,Смартфоны,78391.08,15.0748,10.0,"CombinedScore=15.07; OTS_Z=15.07; COUNT_Z=1.84; daily_ots=78391.1 > thresh=53838.7 (median=5457.4, MAD=3263.3, n=9860)"
1585271561337001691,2025-09-03,202845,defender,Аудиотехника,139257.498,72.169,10.0,"CombinedScore=72.17; OTS_Z=72.17; COUNT_Z=2.57; daily_ots=139257.5 > thresh=21966.4 (median=3100.0, MAD=1272.5, n=38)"
1585271561337001691,2025-09-03,217082,samsung,Крупная техника,92838.332,32.3254,10.0,"CombinedScore=32.33; OTS_Z=32.33; COUNT_Z=1.12; daily_ots=92838.3 > thresh=31154.3 (median=3524.9, MAD=1863.6, n=1271)"
1585271561337035030,2025-09-03,281079,samsung galaxy,Смартфоны,146380.656,34.6075,10.0,"CombinedScore=34.61; OTS_Z=34.61; COUNT_Z=1.77; daily_ots=146380.7 > thresh=45631.7 (median=4689.4, MAD=2761.6, n=7433)"
1729388589032331985,2025-09-03,205297,florida,Корм для кошек,122463.872,71.4509,10.0,"CombinedScore=71.45; OTS_Z=71.45; COUNT_Z=3.91; daily_ots=122463.9 > thresh=19527.6 (median=2776.6, MAD=1129.9, n=59)"
1729388589032331985,2025-09-03,216798,royal canin,Корм для кошек,30615.968,11.1079,10.0,"CombinedScore=11.11; OTS_Z=11.11; COUNT_Z=0.00; daily_ots=30616.0 > thresh=27911.2 (median=3497.0, MAD=1646.7, n=527)"
3747000630363940378,2025-09-03,281079,samsung galaxy,Смартфоны,53730.94,11.9782,10.0,"CombinedScore=11.98; OTS_Z=11.98; COUNT_Z=2.36; daily_ots=53730.9 > thresh=45631.7 (median=4689.4, MAD=2761.6, n=7433)"
3747000630363940429,2025-09-03,216181,redmi,Смартфоны,42565.884,10.6729,10.0,"CombinedScore=10.67; OTS_Z=10.67; COUNT_Z=1.52; daily_ots=42565.9 > thresh=40150.5 (median=4256.6, MAD=2421.0, n=4609)"
3900491956871671808,2025-09-03,216181,redmi,Смартфоны,45896.334,11.6008,10.0,"CombinedScore=11.60; OTS_Z=11.60; COUNT_Z=7.59; daily_ots=45896.3 > thresh=40150.5 (median=4256.6, MAD=2421.0, n=4609)"
3963174911056333763,2025-09-03,208375,jbl (аудиотехника),Аудиотехника,81345.02,23.2623,10.0,"CombinedScore=23.26; OTS_Z=23.26; COUNT_Z=2.38; daily_ots=81345.0 > thresh=37287.4 (median=4067.2, MAD=2240.7, n=1174)"
4548647573216189508,2025-09-03,307306,tecno camon,Смартфоны,37421.51,10.218,10.0,"CombinedScore=10.22; OTS_Z=10.22; COUNT_Z=0.82; daily_ots=37421.5 > thresh=36701.5 (median=3668.9, MAD=2228.1, n=806)"
5332267584642577225,2025-09-03,204933,felix (корм),Корм для кошек,40139.712,15.638,10.0,"CombinedScore=15.64; OTS_Z=15.64; COUNT_Z=1.35; daily_ots=40139.7 > thresh=26882.5 (median=3368.5, MAD=1586.0, n=725)"
7782225973962771564,2025-09-03,207543,huawei,Смарт-часы и браслеты,38328.295,10.4973,10.0,"CombinedScore=10.50; OTS_Z=10.50; COUNT_Z=2.76; daily_ots=38328.3 > thresh=36711.3 (median=4198.1, MAD=2193.0, n=956)"
8430745724812681766,2025-09-03,214783,pedigree,Корм для собак,42532.898,11.973,10.0,"CombinedScore=11.97; OTS_Z=11.97; COUNT_Z=1.27; daily_ots=42532.9 > thresh=36186.9 (median=4022.4, MAD=2169.5, n=89)"
1522228125953156623,2025-09-04,197627,adidas,Обувь,36230.21,10.8902,10.0,"CombinedScore=10.89; OTS_Z=10.89; COUNT_Z=0.68; daily_ots=36230.2 > thresh=33583.1 (median=3846.3, MAD=2005.7, n=1525)"
1585271561337020061,2025-09-04,208375,jbl (аудиотехника),Аудиотехника,58591.24,16.4129,10.0,"CombinedScore=16.41; OTS_Z=16.41; COUNT_Z=3.17; daily_ots=58591.2 > thresh=37287.4 (median=4067.2, MAD=2240.7, n=1174)"
1585271561337020061,2025-09-04,211419,marshall (электроника),Аудиотехника,46872.992,10.6562,10.0,"CombinedScore=10.66; OTS_Z=10.66; COUNT_Z=2.88; daily_ots=46873.0 > thresh=44253.0 (median=4326.2, MAD=2693.1, n=199)"
1739916987938841344,2025-09-04,198484,apple iphone,Смартфоны,146611.02,29.1753,10.0,"CombinedScore=29.18; OTS_Z=29.18; COUNT_Z=6.75; daily_ots=146611.0 > thresh=53838.7 (median=5457.4, MAD=3263.3, n=9860)"
3747000630363940378,2025-09-04,281079,samsung galaxy,Смартфоны,69859.434,15.9175,10.0,"CombinedScore=15.92; OTS_Z=15.92; COUNT_Z=2.94; daily_ots=69859.4 > thresh=45631.7 (median=4689.4, MAD=2761.6, n=7433)"
4116303225502382720,2025-09-04,198484,apple iphone,Смартфоны,78490.227,15.0953,10.0,"CombinedScore=15.10; OTS_Z=15.10; COUNT_Z=1.23; daily_ots=78490.2 > thresh=53838.7 (median=5457.4, MAD=3263.3, n=9860)"
5332267584642577320,2025-09-04,206402,google pixel,Смартфоны,60306.789,13.0559,10.0,"CombinedScore=13.06; OTS_Z=13.06; COUNT_Z=1.31; daily_ots=60306.8 > thresh=47325.1 (median=4843.7, MAD=2865.4, n=681)"
1585271561336814638,2025-09-05,219238,tanix,Крупная техника,45250.45,14.6927,10.0,"CombinedScore=14.69; OTS_Z=14.69; COUNT_Z=8.13; daily_ots=45250.5 > thresh=32110.6 (median=4110.2, MAD=1888.6, n=138)"
1585271561336935049,2025-09-05,216181,redmi,Смартфоны,70179.196,18.366,10.0,"CombinedScore=18.37; OTS_Z=18.37; COUNT_Z=2.28; daily_ots=70179.2 > thresh=40150.5 (median=4256.6, MAD=2421.0, n=4609)"
1585271561337010551,2025-09-05,198806,art visage,Макияж для лица,21585.91,13.0601,10.0,"CombinedScore=13.06; OTS_Z=13.06; COUNT_Z=4.25; daily_ots=21585.9 > thresh=17462.0 (median=3985.5, MAD=909.0, n=17)"
1585271561337020061,2025-09-05,211419,marshall (электроника),Аудиотехника,49521.366,11.3195,10.0,"CombinedScore=11.32; OTS_Z=11.32; COUNT_Z=4.81; daily_ots=49521.4 > thresh=44253.0 (median=4326.2, MAD=2693.1, n=199)"
1585271561337035030,2025-09-05,281079,samsung galaxy,Смартфоны,75880.394,17.3881,10.0,"CombinedScore=17.39; OTS_Z=17.39; COUNT_Z=0.59; daily_ots=75880.4 > thresh=45631.7 (median=4689.4, MAD=2761.6, n=7433)"
2233791780476071135,2025-09-05,204179,elseve,Средства для волос,48840.868,13.1955,10.0,"CombinedScore=13.20; OTS_Z=13.20; COUNT_Z=3.14; daily_ots=48840.9 > thresh=38109.4 (median=4526.1, MAD=2265.2, n=160)"
2242805481916280257,2025-09-05,214142,oneplus,Смартфоны,49674.015,12.3628,10.0,"CombinedScore=12.36; OTS_Z=12.36; COUNT_Z=2.48; daily_ots=49674.0 > thresh=41004.4 (median=4311.5, MAD=2474.9, n=851)"
2314863075954556928,2025-09-05,213336,nestle,Детское питание,36630.168,17.8301,10.0,"CombinedScore=17.83; OTS_Z=17.83; COUNT_Z=2.99; daily_ots=36630.2 > thresh=21987.0 (median=3286.0, MAD=1261.4, n=65)"
2388593940434537216,2025-09-05,203071,dexp,Крупная техника,85256.532,25.9089,10.0,"CombinedScore=25.91; OTS_Z=25.91; COUNT_Z=12.39; daily_ots=85256.5 > thresh=35394.4 (median=4052.1, MAD=2114.0, n=246)"
2819265587255210048,2025-09-05,221942,xiaomi,Смартфоны,159047.868,43.8128,10.0,"CombinedScore=43.81; OTS_Z=43.81; COUNT_Z=3.56; daily_ots=159047.9 > thresh=39628.5 (median=4310.7, MAD=2382.2, n=3163)"
5044039385649898752,2025-09-05,221942,xiaomi,Малая техника,53015.956,18.5957,10.0,"CombinedScore=18.60; OTS_Z=18.60; COUNT_Z=0.99; daily_ots=53016.0 > thresh=30191.1 (median=3637.1, MAD=1791.1, n=919)"
5116095829525861647,2025-09-05,206223,glissade,Одежда,60715.982,19.8741,10.0,"CombinedScore=19.87; OTS_Z=19.87; COUNT_Z=0.95; daily_ots=60716.0 > thresh=33167.0 (median=5266.7, MAD=1881.9, n=14)"
5485393630446062144,2025-09-05,210322,lg,Крупная техника,50059.08,16.2675,10.0,"CombinedScore=16.27; OTS_Z=16.27; COUNT_Z=6.81; daily_ots=50059.1 > thresh=32222.6 (median=3764.0, MAD=1919.5, n=942)"
6341074104264853769,2025-09-05,200656,bosch,Малая техника,26507.978,10.4294,10.0,"CombinedScore=10.43; OTS_Z=10.43; COUNT_Z=0.00; daily_ots=26508.0 > thresh=25553.8 (median=3334.2, MAD=1498.7, n=255)"
6629304165209877571,2025-09-05,241553,электроника,Аудиотехника,37089.038,17.2473,10.0,"CombinedScore=17.25; OTS_Z=17.25; COUNT_Z=1.67; daily_ots=37089.0 > thresh=24266.3 (median=6573.2, MAD=1193.4, n=119)"
369306588173643414,2025-09-06,311362,tecno pova,Смартфоны,40180.296,10.9578,10.0,"CombinedScore=10.96; OTS_Z=10.96; COUNT_Z=2.61; daily_ots=40180.3 > thresh=37011.2 (median=3924.7, MAD=2231.7, n=1104)"
504410216844887574,2025-09-06,204933,felix (корм),Корм для кошек,53658.716,21.3873,10.0,"CombinedScore=21.39; OTS_Z=21.39; COUNT_Z=1.35; daily_ots=53658.7 > thresh=26882.5 (median=3368.5, MAD=1586.0, n=725)"
1585271561336914069,2025-09-06,207447,honor,Смартфоны,168150.276,44.2024,10.0,"CombinedScore=44.20; OTS_Z=44.20; COUNT_Z=10.99; daily_ots=168150.3 > thresh=41345.0 (median=4270.0, MAD=2500.7, n=4464)"
1585271561336981550,2025-09-06,216181,redmi,Смартфоны,43580.665,10.9557,10.0,"CombinedScore=10.96; OTS_Z=10.96; COUNT_Z=3.04; daily_ots=43580.7 > thresh=40150.5 (median=4256.6, MAD=2421.0, n=4609)"
1585271561337020061,2025-09-06,211419,marshall (электроника),Аудиотехника,46996.1,10.687,10.0,"CombinedScore=10.69; OTS_Z=10.69; COUNT_Z=2.88; daily_ots=46996.1 > thresh=44253.0 (median=4326.2, MAD=2693.1, n=199)"
1585271561337036442,2025-09-06,206703,guess,Одежда,20889.76,10.3012,10.0,"CombinedScore=10.30; OTS_Z=10.30; COUNT_Z=2.44; daily_ots=20889.8 > thresh=20379.7 (median=3445.8, MAD=1142.2, n=52)"
1585271561337038249,2025-09-06,239819,ушастый нянь,Товары для стирки,36325.972,13.5545,10.0,"CombinedScore=13.55; OTS_Z=13.55; COUNT_Z=2.15; daily_ots=36326.0 > thresh=27826.6 (median=3915.0, MAD=1612.8, n=165)"
2233791780476071135,2025-09-06,204179,elseve,Средства для волос,47668.148,12.8463,10.0,"CombinedScore=12.85; OTS_Z=12.85; COUNT_Z=3.14; daily_ots=47668.1 > thresh=38109.4 (median=4526.1, MAD=2265.2, n=160)"
2819265587255210048,2025-09-06,221942,xiaomi,Смартфоны,53658.27,13.9724,10.0,"CombinedScore=13.97; OTS_Z=13.97; COUNT_Z=0.71; daily_ots=53658.3 > thresh=39628.5 (median=4310.7, MAD=2382.2, n=3163)"
3747000630363940378,2025-09-06,207543,huawei,Смартфоны,37453.006,10.866,10.0,"CombinedScore=10.87; OTS_Z=10.87; COUNT_Z=0.76; daily_ots=37453.0 > thresh=34773.1 (median=3828.5, MAD=2087.2, n=1984)"
3747000630363940378,2025-09-06,208375,jbl (аудиотехника),Аудиотехника,37453.006,10.0498,10.0,"CombinedScore=10.05; OTS_Z=10.05; COUNT_Z=0.79; daily_ots=37453.0 > thresh=37287.4 (median=4067.2, MAD=2240.7, n=1174)"
3747000630363940378,2025-09-06,214142,oneplus,Аудиотехника,168538.527,24.7061,10.0,"CombinedScore=24.71; OTS_Z=24.71; COUNT_Z=5.89; daily_ots=168538.5 > thresh=72113.9 (median=6545.9, MAD=4422.6, n=86)"
3747000630363940378,2025-09-06,216181,redmi,Смартфоны,74906.012,19.6829,10.0,"CombinedScore=19.68; OTS_Z=19.68; COUNT_Z=2.28; daily_ots=74906.0 > thresh=40150.5 (median=4256.6, MAD=2421.0, n=4609)"
3747000630363940378,2025-09-06,217082,samsung,Смартфоны,56179.509,17.5484,10.0,"CombinedScore=17.55; OTS_Z=17.55; COUNT_Z=3.30; daily_ots=56179.5 > thresh=33612.7 (median=3716.5, MAD=2016.5, n=1421)"
3747000630363940378,2025-09-06,281079,samsung galaxy,Смартфоны,374530.06,90.332,10.0,"CombinedScore=90.33; OTS_Z=90.33; COUNT_Z=11.19; daily_ots=374530.1 > thresh=45631.7 (median=4689.4, MAD=2761.6, n=7433)"
4611691438142762188,2025-09-06,198504,apple watch,Смарт-часы и браслеты,50351.774,16.4935,10.0,"CombinedScore=16.49; OTS_Z=16.49; COUNT_Z=1.03; daily_ots=50351.8 > thresh=32006.2 (median=3753.9, MAD=1905.6, n=323)"
6629304165209877571,2025-09-06,197830,akg,Аудиотехника,54450.882,15.4028,10.0,"CombinedScore=15.40; OTS_Z=15.40; COUNT_Z=3.73; daily_ots=54450.9 > thresh=37202.1 (median=5276.4, MAD=2153.4, n=20)"
7000147901829877888,2025-09-06,198484,apple iphone,Смартфоны,57347.538,10.7253,10.0,"CombinedScore=10.73; OTS_Z=10.73; COUNT_Z=3.07; daily_ots=57347.5 > thresh=53838.7 (median=5457.4, MAD=3263.3, n=9860)"
7576643904375722625,2025-09-06,206804,haier,Крупная техника,71043.228,21.6868,10.0,"CombinedScore=21.69; OTS_Z=21.69; COUNT_Z=1.37; daily_ots=71043.2 > thresh=34924.6 (median=4019.2, MAD=2084.6, n=729)"
7576643904375722625,2025-09-06,219306,tcl (техника),Крупная техника,94724.304,29.1776,10.0,"CombinedScore=29.18; OTS_Z=29.18; COUNT_Z=1.57; daily_ots=94724.3 > thresh=34879.3 (median=3673.6, MAD=2104.8, n=372)"
7576643904375722625,2025-09-06,236987,сбер,Крупная техника,165767.532,61.764,10.0,"CombinedScore=61.76; OTS_Z=61.76; COUNT_Z=7.06; daily_ots=165767.5 > thresh=29721.3 (median=3439.3, MAD=1772.7, n=180)"
648524241621891017,2025-09-07,202087,columbia,Одежда,58316.025,28.1424,10.0,"CombinedScore=28.14; OTS_Z=28.14; COUNT_Z=4.83; daily_ots=58316.0 > thresh=22760.1 (median=3161.9, MAD=1321.9, n=144)"
1306110973670995840,2025-09-07,238974,tecno spark,Смартфоны,71653.824,20.9565,10.0,"CombinedScore=20.96; OTS_Z=20.96; COUNT_Z=6.23; daily_ots=71653.8 > thresh=36237.5 (median=3913.1, MAD=2180.3, n=1254)"
1585271561336907068,2025-09-07,213292,neohit,Одежда,54646.596,14.2998,10.0,"CombinedScore=14.30; OTS_Z=14.30; COUNT_Z=4.02; daily_ots=54646.6 > thresh=39524.2 (median=4353.8, MAD=2372.2, n=18)"
1585271561337007204,2025-09-07,217610,sheba,Корм для кошек,24738.909,14.717,10.0,"CombinedScore=14.72; OTS_Z=14.72; COUNT_Z=3.88; daily_ots=24738.9 > thresh=17673.6 (median=2695.1, MAD=1010.3, n=250)"
1585271561337020061,2025-09-07,211419,marshall (электроника),Аудиотехника,59789.595,13.8913,10.0,"CombinedScore=13.89; OTS_Z=13.89; COUNT_Z=3.85; daily_ots=59789.6 > thresh=44253.0 (median=4326.2, MAD=2693.1, n=199)"
1873514497487928217,2025-09-07,214199,oppo (электроника),Смартфоны,65401.947,17.8778,10.0,"CombinedScore=17.88; OTS_Z=17.88; COUNT_Z=1.65; daily_ots=65401.9 > thresh=38433.0 (median=4198.8, MAD=2309.1, n=872)"
1873514497487928217,2025-09-07,216114,realme,Смартфоны,109003.245,27.4458,10.0,"CombinedScore=27.45; OTS_Z=27.45; COUNT_Z=2.52; daily_ots=109003.2 > thresh=42576.5 (median=4500.5, MAD=2568.2, n=3843)"
1873514497487928217,2025-09-07,216181,redmi,Смартфоны,43601.298,10.9614,10.0,"CombinedScore=10.96; OTS_Z=10.96; COUNT_Z=0.76; daily_ots=43601.3 > thresh=40150.5 (median=4256.6, MAD=2421.0, n=4609)"
1873514497487928217,2025-09-07,221942,xiaomi,Смартфоны,43601.298,11.1249,10.0,"CombinedScore=11.12; OTS_Z=11.12; COUNT_Z=0.71; daily_ots=43601.3 > thresh=39628.5 (median=4310.7, MAD=2382.2, n=3163)"
1873514497487928217,2025-09-07,369276,iqoo,Смартфоны,87202.596,24.3895,10.0,"CombinedScore=24.39; OTS_Z=24.39; COUNT_Z=2.20; daily_ots=87202.6 > thresh=38107.0 (median=3987.8, MAD=2301.3, n=858)"
1955985030040472000,2025-09-07,213619,nokia,Смартфоны,50186.031,12.6871,10.0,"CombinedScore=12.69; OTS_Z=12.69; COUNT_Z=4.57; daily_ots=50186.0 > thresh=40449.0 (median=4212.6, MAD=2444.1, n=693)"
1956151497532999744,2025-09-07,369276,iqoo,Смартфоны,49095.112,13.2205,10.0,"CombinedScore=13.22; OTS_Z=13.22; COUNT_Z=0.73; daily_ots=49095.1 > thresh=38107.0 (median=3987.8, MAD=2301.3, n=858)"
2233791780476071135,2025-09-07,242139,яндекс,Аудиотехника,99485.584,28.9478,10.0,"CombinedScore=28.95; OTS_Z=28.95; COUNT_Z=5.09; daily_ots=99485.6 > thresh=36944.9 (median=3938.1, MAD=2226.3, n=2495)"
3395728048205572672,2025-09-07,214142,oneplus,Смартфоны,60482.754,15.3085,10.0,"CombinedScore=15.31; OTS_Z=15.31; COUNT_Z=3.10; daily_ots=60482.8 > thresh=41004.4 (median=4311.5, MAD=2474.9, n=851)"
4332819951031581440,2025-09-07,281079,samsung galaxy,Смартфоны,100238.836,23.3376,10.0,"CombinedScore=23.34; OTS_Z=23.34; COUNT_Z=1.77; daily_ots=100238.8 > thresh=45631.7 (median=4689.4, MAD=2761.6, n=7433)"
4476589022556912707,2025-09-07,218758,stone island,Одежда,53110.79,27.4336,10.0,"CombinedScore=27.43; OTS_Z=27.43; COUNT_Z=1.44; daily_ots=53110.8 > thresh=21324.7 (median=3092.1, MAD=1229.8, n=219)"
5413337214202460210,2025-09-07,221367,vulpes,Детские одежда и обувь,24444.468,10.4161,10.0,"CombinedScore=10.42; OTS_Z=10.42; COUNT_Z=0.93; daily_ots=24444.5 > thresh=23603.5 (median=3394.7, MAD=1363.1, n=35)"
6494201578204133717,2025-09-07,212579,monro,Обувь,42048.804,22.4349,10.0,"CombinedScore=22.43; OTS_Z=22.43; COUNT_Z=1.79; daily_ots=42048.8 > thresh=20688.7 (median=3511.2, MAD=1158.6, n=18)"
6566259415539717973,2025-09-07,198484,apple iphone,Смартфоны,132776.975,26.3159,10.0,"CombinedScore=26.32; OTS_Z=26.32; COUNT_Z=2.45; daily_ots=132777.0 > thresh=53838.7 (median=5457.4, MAD=3263.3, n=9860)"
7576643904375722625,2025-09-07,210729,louis vuitton,Обувь,7284.998,10.4593,10.0,"CombinedScore=10.46; OTS_Z=10.46; COUNT_Z=0.00; daily_ots=7285.0 > thresh=7034.5 (median=1580.7, MAD=367.9, n=25)"
7576643904375722625,2025-09-07,213474,nike,Обувь,58279.984,14.3795,10.0,"CombinedScore=14.38; OTS_Z=14.38; COUNT_Z=4.19; daily_ots=58280.0 > thresh=41879.1 (median=4429.4, MAD=2526.0, n=1795)"
7638112022221130127,2025-09-07,240354,фрутоняня,Детское питание,46859.223,15.9192,10.0,"CombinedScore=15.92; OTS_Z=15.92; COUNT_Z=3.58; daily_ots=46859.2 > thresh=30971.5 (median=4130.2, MAD=1810.4, n=485)"
7647124409916189440,2025-09-07,211631,mayoral,Детские одежда и обувь,5239.762,29.9307,10.0,"CombinedScore=29.93; OTS_Z=29.93; COUNT_Z=1.75; daily_ots=5239.8 > thresh=2819.5 (median=1605.2, MAD=81.9, n=17)"
5034735006420,2025-09-08,199172,avene,Средства для умывания и ухода за лицом,22933.245,11.2857,10.0,"CombinedScore=11.29; OTS_Z=11.29; COUNT_Z=3.51; daily_ots=22933.2 > thresh=20644.4 (median=2842.9, MAD=1200.7, n=47)"
288235994927349424,2025-09-08,208828,karmy,Корм для кошек,7258.772,10.6022,10.0,"CombinedScore=10.60; OTS_Z=10.60; COUNT_Z=0.00; daily_ots=7258.8 > thresh=6954.3 (median=1897.4, MAD=341.1, n=56)"
360293909705804832,2025-09-08,216181,redmi,Смартфоны,54911.353,14.1124,10.0,"CombinedScore=14.11; OTS_Z=14.11; COUNT_Z=4.56; daily_ots=54911.4 > thresh=40150.5 (median=4256.6, MAD=2421.0, n=4609)"
442589780884584704,2025-09-08,214853,perfect fit,Корм для кошек,29432.526,10.3917,10.0,"CombinedScore=10.39; OTS_Z=10.39; COUNT_Z=2.07; daily_ots=29432.5 > thresh=28452.7 (median=3437.7, MAD=1687.3, n=234)"
1233998612444276034,2025-09-08,207543,huawei,Смартфоны,45098.09,13.3366,10.0,"CombinedScore=13.34; OTS_Z=13.34; COUNT_Z=0.76; daily_ots=45098.1 > thresh=34773.1 (median=3828.5, MAD=2087.2, n=1984)"
1585271561336614914,2025-09-08,207286,hisense,Крупная техника,37333.2,11.4749,10.0,"CombinedScore=11.47; OTS_Z=11.47; COUNT_Z=6.49; daily_ots=37333.2 > thresh=33063.7 (median=4116.5, MAD=1952.5, n=262)"
1585271561336741967,2025-09-08,215413,prada,Одежда,40132.079,10.2909,10.0,"CombinedScore=10.29; OTS_Z=10.29; COUNT_Z=5.32; daily_ots=40132.1 > thresh=39107.8 (median=3895.0, MAD=2375.1, n=28)"
1585271561336910174,2025-09-08,206413,gopro,Малая техника,49917.012,16.7974,10.0,"CombinedScore=16.80; OTS_Z=16.80; COUNT_Z=5.32; daily_ots=49917.0 > thresh=31164.1 (median=3575.9, MAD=1860.8, n=136)"
1585271561336939603,2025-09-08,213067,nestle nan,Детское питание,131060.8,32.0001,10.0,"CombinedScore=32.00; OTS_Z=32.00; COUNT_Z=5.34; daily_ots=131060.8 > thresh=44492.0 (median=5142.7, MAD=2654.1, n=230)"
1585271561336951321,2025-09-08,208807,karcher,Малая техника,37643.526,11.0837,10.0,"CombinedScore=11.08; OTS_Z=11.08; COUNT_Z=6.46; daily_ots=37643.5 > thresh=34348.3 (median=3941.5, MAD=2050.9, n=479)"
2315410463079109376,2025-09-08,216181,redmi,Смартфоны,43194.256,10.848,10.0,"CombinedScore=10.85; OTS_Z=10.85; COUNT_Z=0.76; daily_ots=43194.3 > thresh=40150.5 (median=4256.6, MAD=2421.0, n=4609)"
2315410463079109376,2025-09-08,281079,samsung galaxy,Смартфоны,151179.896,35.7797,10.0,"CombinedScore=35.78; OTS_Z=35.78; COUNT_Z=3.53; daily_ots=151179.9 > thresh=45631.7 (median=4689.4, MAD=2761.6, n=7433)"
3170542200554773569,2025-09-08,198484,apple iphone,Смартфоны,88989.407,17.2654,10.0,"CombinedScore=17.27; OTS_Z=17.27; COUNT_Z=7.36; daily_ots=88989.4 > thresh=53838.7 (median=5457.4, MAD=3263.3, n=9860)"
3611898983435468929,2025-09-08,281079,samsung galaxy,Смартфоны,52424.838,11.6592,10.0,"CombinedScore=11.66; OTS_Z=11.66; COUNT_Z=0.59; daily_ots=52424.8 > thresh=45631.7 (median=4689.4, MAD=2761.6, n=7433)"
3747000630363940378,2025-09-08,281079,samsung galaxy,Смартфоны,132239.737,31.1536,10.0,"CombinedScore=31.15; OTS_Z=31.15; COUNT_Z=3.53; daily_ots=132239.7 > thresh=45631.7 (median=4689.4, MAD=2761.6, n=7433)"
3828751370547352448,2025-09-08,216114,realme,Смартфоны,61304.32,14.9185,10.0,"CombinedScore=14.92; OTS_Z=14.92; COUNT_Z=1.89; daily_ots=61304.3 > thresh=42576.5 (median=4500.5, MAD=2568.2, n=3843)"
5764613821978702669,2025-09-08,211554,maunfeld,Крупная техника,38407.866,12.3079,10.0,"CombinedScore=12.31; OTS_Z=12.31; COUNT_Z=0.71; daily_ots=38407.9 > thresh=32009.0 (median=4283.7, MAD=1870.1, n=76)"
6782432877799019008,2025-09-08,198484,apple iphone,Смартфоны,113661.128,22.3648,10.0,"CombinedScore=22.36; OTS_Z=22.36; COUNT_Z=4.29; daily_ots=113661.1 > thresh=53838.7 (median=5457.4, MAD=3263.3, n=9860)"
7286835908884542084,2025-09-08,210535,listerine,Уход за полостью рта,9587.514,13.1616,10.0,"CombinedScore=13.16; OTS_Z=13.16; COUNT_Z=4.47; daily_ots=9587.5 > thresh=7993.8 (median=2953.2, MAD=340.0, n=27)"
7576643904375722625,2025-09-08,219306,tcl (техника),Крупная техника,81990.716,25.097,10.0,"CombinedScore=25.10; OTS_Z=25.10; COUNT_Z=1.57; daily_ots=81990.7 > thresh=34879.3 (median=3673.6, MAD=2104.8, n=372)"
7926340078215188296,2025-09-08,325719,юнармия,Одежда,27658.2,16.0586,10.0,"CombinedScore=16.06; OTS_Z=16.06; COUNT_Z=3.53; daily_ots=27658.2 > thresh=18806.2 (median=4195.5, MAD=985.5, n=31)"
729595702993863104,2025-09-09,202493,cubot,Смартфоны,80512.587,38.4186,10.0,"CombinedScore=38.42; OTS_Z=38.42; COUNT_Z=7.70; daily_ots=80512.6 > thresh=23025.7 (median=2797.0, MAD=1364.4, n=137)"
946914460040435776,2025-09-09,198484,apple iphone,Смартфоны,102215.24,19.999,10.0,"CombinedScore=20.00; OTS_Z=20.00; COUNT_Z=1.84; daily_ots=102215.2 > thresh=53838.7 (median=5457.4, MAD=3263.3, n=9860)"
1306055321721055829,2025-09-09,213937,off white,Одежда,16023.076,19.1251,10.0,"CombinedScore=19.13; OTS_Z=19.13; COUNT_Z=2.89; daily_ots=16023.1 > thresh=9535.4 (median=2425.8, MAD=479.5, n=62)"
1585271561336820883,2025-09-09,198484,apple iphone,Смартфоны,54720.475,10.1823,10.0,"CombinedScore=10.18; OTS_Z=10.18; COUNT_Z=2.45; daily_ots=54720.5 > thresh=53838.7 (median=5457.4, MAD=3263.3, n=9860)"
1585271561336901830,2025-09-09,199691,bbk,Малая техника,65093.556,20.8436,10.0,"CombinedScore=20.84; OTS_Z=20.84; COUNT_Z=2.76; daily_ots=65093.6 > thresh=33209.5 (median=3805.9, MAD=1983.3, n=48)"
1585271561336934307,2025-09-09,238974,tecno spark,Смартфоны,94770.567,28.108,10.0,"CombinedScore=28.11; OTS_Z=28.11; COUNT_Z=1.78; daily_ots=94770.6 > thresh=36237.5 (median=3913.1, MAD=2180.3, n=1254)"
1585271561336939603,2025-09-09,213067,nestle nan,Детское питание,105734.784,25.5639,10.0,"CombinedScore=25.56; OTS_Z=25.56; COUNT_Z=4.00; daily_ots=105734.8 > thresh=44492.0 (median=5142.7, MAD=2654.1, n=230)"
1585271561337010551,2025-09-09,199753,beauty bomb,Макияж для лица,43776.38,20.6158,10.0,"CombinedScore=20.62; OTS_Z=20.62; COUNT_Z=4.25; daily_ots=43776.4 > thresh=23251.5 (median=3917.3, MAD=1304.1, n=17)"
2233791780476071135,2025-09-09,237869,сомат,Средства для мытья посуды,32343.993,10.9365,10.0,"CombinedScore=10.94; OTS_Z=10.94; COUNT_Z=3.26; daily_ots=32344.0 > thresh=29893.2 (median=3722.6, MAD=1765.2, n=78)"
3467783911479848960,2025-09-09,204933,felix (корм),Корм для кошек,40265.074,15.6913,10.0,"CombinedScore=15.69; OTS_Z=15.69; COUNT_Z=1.35; daily_ots=40265.1 > thresh=26882.5 (median=3368.5, MAD=1586.0, n=725)"
3747000630363940378,2025-09-09,281079,samsung galaxy,Смартфоны,112437.36,26.317,10.0,"CombinedScore=26.32; OTS_Z=26.32; COUNT_Z=2.94; daily_ots=112437.4 > thresh=45631.7 (median=4689.4, MAD=2761.6, n=7433)"
5980787599406315050,2025-09-09,198484,apple iphone,Смартфоны,55168.416,10.2749,10.0,"CombinedScore=10.27; OTS_Z=10.27; COUNT_Z=1.23; daily_ots=55168.4 > thresh=53838.7 (median=5457.4, MAD=3263.3, n=9860)"
5980787599406315050,2025-09-09,216114,realme,Смартфоны,73557.888,18.1367,10.0,"CombinedScore=18.14; OTS_Z=18.14; COUNT_Z=1.89; daily_ots=73557.9 > thresh=42576.5 (median=4500.5, MAD=2568.2, n=3843)"
5980787599406315050,2025-09-09,281079,samsung galaxy,Смартфоны,147115.776,34.7871,10.0,"CombinedScore=34.79; OTS_Z=34.79; COUNT_Z=4.12; daily_ots=147115.8 > thresh=45631.7 (median=4689.4, MAD=2761.6, n=7433)"
5990866601320619776,2025-09-09,221942,xiaomi,Смартфоны,45571.616,11.6828,10.0,"CombinedScore=11.68; OTS_Z=11.68; COUNT_Z=10.67; daily_ots=45571.6 > thresh=39628.5 (median=4310.7, MAD=2382.2, n=3163)"
6052843423965704468,2025-09-09,205729,futurino,Детские одежда и обувь,56278.992,26.4216,10.0,"CombinedScore=26.42; OTS_Z=26.42; COUNT_Z=7.96; daily_ots=56279.0 > thresh=23729.9 (median=3909.0, MAD=1336.9, n=110)"
6566258848326450193,2025-09-09,213619,nokia,Смартфоны,54259.431,13.8112,10.0,"CombinedScore=13.81; OTS_Z=13.81; COUNT_Z=1.52; daily_ots=54259.4 > thresh=40449.0 (median=4212.6, MAD=2444.1, n=693)"
6927906236549392704,2025-09-09,311362,tecno pova,Смартфоны,42532.67,11.6688,10.0,"CombinedScore=11.67; OTS_Z=11.67; COUNT_Z=3.48; daily_ots=42532.7 > thresh=37011.2 (median=3924.7, MAD=2231.7, n=1104)"
7214779874194756800,2025-09-09,201165,calvin klein,Одежда,49872.602,15.5126,10.0,"CombinedScore=15.51; OTS_Z=15.51; COUNT_Z=1.24; daily_ots=49872.6 > thresh=33586.4 (median=4042.7, MAD=1992.7, n=187)"
7576643904375722625,2025-09-09,213474,nike,Обувь,75372.4,18.9436,10.0,"CombinedScore=18.94; OTS_Z=18.94; COUNT_Z=1.80; daily_ots=75372.4 > thresh=41879.1 (median=4429.4, MAD=2526.0, n=1795)"
7576643904375722625,2025-09-09,220328,tuvio,Крупная техника,56529.3,19.2602,10.0,"CombinedScore=19.26; OTS_Z=19.26; COUNT_Z=1.92; daily_ots=56529.3 > thresh=31157.3 (median=3758.2, MAD=1848.1, n=153)"
8502804186997688729,2025-09-09,215234,poco,Смартфоны,142273.235,35.5481,10.0,"CombinedScore=35.55; OTS_Z=35.55; COUNT_Z=6.84; daily_ots=142273.2 > thresh=43228.0 (median=4459.8, MAD=2614.9, n=3221)"
369306588173643414,2025-09-10,207943,infinix,Смартфоны,46665.58,12.3783,10.0,"CombinedScore=12.38; OTS_Z=12.38; COUNT_Z=2.85; daily_ots=46665.6 > thresh=38467.1 (median=3995.5, MAD=2325.1, n=1831)"
369306588173643414,2025-09-10,307306,tecno camon,Смартфоны,37332.464,10.191,10.0,"CombinedScore=10.19; OTS_Z=10.19; COUNT_Z=2.45; daily_ots=37332.5 > thresh=36701.5 (median=3668.9, MAD=2228.1, n=806)"
513422920879684160,2025-09-10,281079,samsung galaxy,Смартфоны,46032.526,10.0979,10.0,"CombinedScore=10.10; OTS_Z=10.10; COUNT_Z=0.59; daily_ots=46032.5 > thresh=45631.7 (median=4689.4, MAD=2761.6, n=7433)"
1233998501833434304,2025-09-10,204459,estel,Средства для волос,46734.228,15.055,10.0,"CombinedScore=15.06; OTS_Z=15.06; COUNT_Z=2.56; daily_ots=46734.2 > thresh=32381.2 (median=3987.6, MAD=1915.2, n=471)"
1585271561336801038,2025-09-10,222393,zewa,Туалетная бумага,106294.336,41.1783,10.0,"CombinedScore=41.18; OTS_Z=41.18; COUNT_Z=4.22; daily_ots=106294.3 > thresh=28681.8 (median=3788.7, MAD=1679.0, n=249)"
1585271561336835628,2025-09-10,212714,motorola,Смартфоны,37429.665,10.6505,10.0,"CombinedScore=10.65; OTS_Z=10.65; COUNT_Z=1.92; daily_ots=37429.7 > thresh=35356.1 (median=3481.7, MAD=2149.9, n=269)"
1585271561337041917,2025-09-10,221942,xiaomi,Смартфоны,41129.058,10.4249,10.0,"CombinedScore=10.42; OTS_Z=10.42; COUNT_Z=3.56; daily_ots=41129.1 > thresh=39628.5 (median=4310.7, MAD=2382.2, n=3163)"
1729388589032331985,2025-09-10,210250,leran,Крупная техника,63309.578,20.9826,10.0,"CombinedScore=20.98; OTS_Z=20.98; COUNT_Z=1.12; daily_ots=63309.6 > thresh=32128.3 (median=3736.9, MAD=1915.0, n=65)"
1729388589032331985,2025-09-10,210250,leran,Малая техника,31654.789,13.1392,10.0,"CombinedScore=13.14; OTS_Z=13.14; COUNT_Z=0.00; daily_ots=31654.8 > thresh=25027.8 (median=3917.5, MAD=1423.9, n=17)"
1810488552298001280,2025-09-10,281079,samsung galaxy,Смартфоны,50342.424,11.1506,10.0,"CombinedScore=11.15; OTS_Z=11.15; COUNT_Z=6.48; daily_ots=50342.4 > thresh=45631.7 (median=4689.4, MAD=2761.6, n=7433)"
3747000630363940378,2025-09-10,212714,motorola,Смартфоны,35710.326,10.1111,10.0,"CombinedScore=10.11; OTS_Z=10.11; COUNT_Z=1.92; daily_ots=35710.3 > thresh=35356.1 (median=3481.7, MAD=2149.9, n=269)"
3747000630363940378,2025-09-10,281079,samsung galaxy,Смарт-часы и браслеты,37448.52,10.2302,10.0,"CombinedScore=10.23; OTS_Z=10.23; COUNT_Z=0.69; daily_ots=37448.5 > thresh=36694.5 (median=3942.5, MAD=2209.1, n=395)"
4755806029018135186,2025-09-10,199462,ballu,Малая техника,74498.4,35.665,10.0,"CombinedScore=35.67; OTS_Z=35.67; COUNT_Z=5.60; daily_ots=74498.4 > thresh=23168.2 (median=3168.1, MAD=1349.0, n=119)"
6052843423965704808,2025-09-10,205079,finish,Средства для мытья посуды,32837.295,10.6749,10.0,"CombinedScore=10.67; OTS_Z=10.67; COUNT_Z=6.19; daily_ots=32837.3 > thresh=31014.5 (median=4006.9, MAD=1821.7, n=158)"
6927906236549392704,2025-09-10,369276,iqoo,Смартфоны,43236.64,11.5035,10.0,"CombinedScore=11.50; OTS_Z=11.50; COUNT_Z=2.93; daily_ots=43236.6 > thresh=38107.0 (median=3987.8, MAD=2301.3, n=858)"
8007412031770014786,2025-09-10,213820,nutrilon,Детское питание,40240.128,10.6408,10.0,"CombinedScore=10.64; OTS_Z=10.64; COUNT_Z=2.55; daily_ots=40240.1 > thresh=38109.5 (median=4861.4, MAD=2242.6, n=259)"
8511814487741101120,2025-09-10,224020,atlant (бытовая техника),Крупная техника,41222.391,13.7305,10.0,"CombinedScore=13.73; OTS_Z=13.73; COUNT_Z=1.73; daily_ots=41222.4 > thresh=31022.1 (median=3679.2, MAD=1844.3, n=361)"
8511817191720792833,2025-09-10,198484,apple iphone,Смартфоны,63104.355,11.9151,10.0,"CombinedScore=11.92; OTS_Z=11.92; COUNT_Z=2.45; daily_ots=63104.4 > thresh=53838.7 (median=5457.4, MAD=3263.3, n=9860)"
8872102004503143591,2025-09-10,205948,gefest (бытовая техника),Крупная техника,57656.242,16.9646,10.0,"CombinedScore=16.96; OTS_Z=16.96; COUNT_Z=0.69; daily_ots=57656.2 > thresh=35543.9 (median=3794.3, MAD=2141.5, n=302)"
1017826062559976640,2025-09-11,281079,samsung galaxy,Смартфоны,138231.882,32.6172,10.0,"CombinedScore=32.62; OTS_Z=32.62; COUNT_Z=2.94; daily_ots=138231.9 > thresh=45631.7 (median=4689.4, MAD=2761.6, n=7433)"
1585271561336826681,2025-09-11,216181,redmi,Смарт-часы и браслеты,49065.176,14.2387,10.0,"CombinedScore=14.24; OTS_Z=14.24; COUNT_Z=2.91; daily_ots=49065.2 > thresh=35618.9 (median=3896.2, MAD=2139.7, n=259)"
1585271561336910174,2025-09-11,206413,gopro,Малая техника,48885.48,16.4235,10.0,"CombinedScore=16.42; OTS_Z=16.42; COUNT_Z=5.32; daily_ots=48885.5 > thresh=31164.1 (median=3575.9, MAD=1860.8, n=136)"
1585271561336965723,2025-09-11,215268,polar (бытовая техника),Смарт-часы и браслеты,9506.376,10.9786,10.0,"CombinedScore=10.98; OTS_Z=10.98; COUNT_Z=3.09; daily_ots=9506.4 > thresh=8795.3 (median=1529.0, MAD=490.1, n=119)"
1585271561337026298,2025-09-11,206225,glister,Уход за полостью рта,37848.395,13.1996,10.0,"CombinedScore=13.20; OTS_Z=13.20; COUNT_Z=3.59; daily_ots=37848.4 > thresh=29651.6 (median=4033.3, MAD=1728.0, n=14)"
2233791780476071135,2025-09-11,213565,nivea,Дезодоранты,74814.082,25.7116,10.0,"CombinedScore=25.71; OTS_Z=25.71; COUNT_Z=7.46; daily_ots=74814.1 > thresh=31242.5 (median=3510.4, MAD=1870.5, n=132)"
4332688031754152128,2025-09-11,207902,indesit,Крупная техника,35152.815,13.3336,10.0,"CombinedScore=13.33; OTS_Z=13.33; COUNT_Z=2.20; daily_ots=35152.8 > thresh=27149.4 (median=3141.5, MAD=1619.3, n=417)"
4539635606295686016,2025-09-11,217727,shure,Аудиотехника,102444.652,18.3479,10.0,"CombinedScore=18.35; OTS_Z=18.35; COUNT_Z=6.16; daily_ots=102444.7 > thresh=58355.4 (median=5540.7, MAD=3562.4, n=84)"
4539635606295686581,2025-09-11,216114,realme,Смартфоны,98251.444,24.6221,10.0,"CombinedScore=24.62; OTS_Z=24.62; COUNT_Z=1.89; daily_ots=98251.4 > thresh=42576.5 (median=4500.5, MAD=2568.2, n=3843)"
4539635606295686581,2025-09-11,219362,tecno,Смартфоны,24562.861,10.0338,10.0,"CombinedScore=10.03; OTS_Z=10.03; COUNT_Z=0.00; daily_ots=24562.9 > thresh=24489.9 (median=2898.9, MAD=1456.3, n=869)"
4539635606295686581,2025-09-11,311362,tecno pova,Смартфоны,73688.583,21.0853,10.0,"CombinedScore=21.09; OTS_Z=21.09; COUNT_Z=1.74; daily_ots=73688.6 > thresh=37011.2 (median=3924.7, MAD=2231.7, n=1104)"
4908935609760525954,2025-09-11,197627,adidas,Обувь,75770.95,24.1871,10.0,"CombinedScore=24.19; OTS_Z=24.19; COUNT_Z=6.08; daily_ots=75770.9 > thresh=33583.1 (median=3846.3, MAD=2005.7, n=1525)"
5044039385649898752,2025-09-11,221942,xiaomi,Малая техника,52699.286,18.4764,10.0,"CombinedScore=18.48; OTS_Z=18.48; COUNT_Z=0.99; daily_ots=52699.3 > thresh=30191.1 (median=3637.1, MAD=1791.1, n=919)"
6206986986536104064,2025-09-11,201225,candy,Малая техника,16078.899,12.7663,10.0,"CombinedScore=12.77; OTS_Z=12.77; COUNT_Z=1.62; daily_ots=16078.9 > thresh=13079.6 (median=2237.0, MAD=731.3, n=12)"
6557248337431442582,2025-09-11,219306,tcl (техника),Крупная техника,37198.625,10.7432,10.0,"CombinedScore=10.74; OTS_Z=10.74; COUNT_Z=2.09; daily_ots=37198.6 > thresh=34879.3 (median=3673.6, MAD=2104.8, n=372)"
6998605659912808066,2025-09-11,209895,lancome,Средства для маникюра,35841.144,14.0293,10.0,"CombinedScore=14.03; OTS_Z=14.03; COUNT_Z=5.24; daily_ots=35841.1 > thresh=26482.3 (median=3255.1, MAD=1566.7, n=211)"
7576643904375722625,2025-09-11,213474,nike,Обувь,136135.146,35.1687,10.0,"CombinedScore=35.17; OTS_Z=35.17; COUNT_Z=2.99; daily_ots=136135.1 > thresh=41879.1 (median=4429.4, MAD=2526.0, n=1795)"
7576643904375722625,2025-09-11,219744,timberland,Обувь,68067.573,12.7166,10.0,"CombinedScore=12.72; OTS_Z=12.72; COUNT_Z=2.26; daily_ots=68067.6 > thresh=54610.2 (median=5072.3, MAD=3341.3, n=106)"
8863091449405593921,2025-09-11,207543,huawei,Смартфоны,46144.4,13.6747,10.0,"CombinedScore=13.67; OTS_Z=13.67; COUNT_Z=14.42; daily_ots=46144.4 > thresh=34773.1 (median=3828.5, MAD=2087.2, n=1984)"
801651201304651908,2025-09-12,219462,termit,Одежда,24756.696,11.4264,10.0,"CombinedScore=11.43; OTS_Z=11.43; COUNT_Z=1.57; daily_ots=24756.7 > thresh=22058.2 (median=3139.6, MAD=1276.1, n=62)"
1585271561336937810,2025-09-12,207286,hisense,Крупная техника,62050.344,20.0136,10.0,"CombinedScore=20.01; OTS_Z=20.01; COUNT_Z=4.13; daily_ots=62050.3 > thresh=33063.7 (median=4116.5, MAD=1952.5, n=262)"
1585271561337036739,2025-09-12,213997,old spice,Дезодоранты,65136.928,19.0786,10.0,"CombinedScore=19.08; OTS_Z=19.08; COUNT_Z=4.04; daily_ots=65136.9 > thresh=35935.5 (median=3770.3, MAD=2169.5, n=221)"
2242805481916280257,2025-09-12,215234,poco,Смартфоны,47061.125,10.9887,10.0,"CombinedScore=10.99; OTS_Z=10.99; COUNT_Z=2.28; daily_ots=47061.1 > thresh=43228.0 (median=4459.8, MAD=2614.9, n=3221)"
2242805481916280257,2025-09-12,216114,realme,Смартфоны,47061.125,11.1778,10.0,"CombinedScore=11.18; OTS_Z=11.18; COUNT_Z=2.52; daily_ots=47061.1 > thresh=42576.5 (median=4500.5, MAD=2568.2, n=3843)"
2242805481916280257,2025-09-12,216181,redmi,Смартфоны,47061.125,11.9253,10.0,"CombinedScore=11.93; OTS_Z=11.93; COUNT_Z=3.04; daily_ots=47061.1 > thresh=40150.5 (median=4256.6, MAD=2421.0, n=4609)"
2387485871456972544,2025-09-12,206416,gorenje,Крупная техника,63469.367,22.3302,10.0,"CombinedScore=22.33; OTS_Z=22.33; COUNT_Z=7.73; daily_ots=63469.4 > thresh=30537.5 (median=3829.3, MAD=1801.5, n=318)"
2738194092690289683,2025-09-12,219016,sven,Аудиотехника,60476.34,16.1145,10.0,"CombinedScore=16.11; OTS_Z=16.11; COUNT_Z=4.45; daily_ots=60476.3 > thresh=39081.5 (median=4091.1, MAD=2360.1, n=152)"
2882321156862687168,2025-09-12,203071,dexp,Малая техника,48287.958,12.196,10.0,"CombinedScore=12.20; OTS_Z=12.20; COUNT_Z=1.51; daily_ots=48288.0 > thresh=40410.0 (median=4536.1, MAD=2419.7, n=64)"
4764817325728901248,2025-09-12,207943,infinix,Смартфоны,41345.096,10.8349,10.0,"CombinedScore=10.83; OTS_Z=10.83; COUNT_Z=2.13; daily_ots=41345.1 > thresh=38467.1 (median=3995.5, MAD=2325.1, n=1831)"
5125106987349937950,2025-09-12,214236,oralb,Малая техника,40782.974,14.1581,10.0,"CombinedScore=14.16; OTS_Z=14.16; COUNT_Z=1.18; daily_ots=40783.0 > thresh=29962.9 (median=3940.9, MAD=1755.2, n=192)"
5332267584642577443,2025-09-12,281079,samsung galaxy,Смартфоны,51914.502,11.5345,10.0,"CombinedScore=11.53; OTS_Z=11.53; COUNT_Z=4.71; daily_ots=51914.5 > thresh=45631.7 (median=4689.4, MAD=2761.6, n=7433)"
5413337214202460210,2025-09-12,204439,essence,Средства для маникюра,37135.044,10.7522,10.0,"CombinedScore=10.75; OTS_Z=10.75; COUNT_Z=2.50; daily_ots=37135.0 > thresh=34813.6 (median=3953.6, MAD=2081.5, n=5)"
5629848815320820608,2025-09-12,213768,nubia,Смартфоны,36282.294,11.1937,10.0,"CombinedScore=11.19; OTS_Z=11.19; COUNT_Z=2.76; daily_ots=36282.3 > thresh=32792.9 (median=3560.8, MAD=1971.7, n=138)"
7576643904375722625,2025-09-12,206401,google,Крупная техника,47910.286,14.2439,10.0,"CombinedScore=14.24; OTS_Z=14.24; COUNT_Z=3.18; daily_ots=47910.3 > thresh=34813.6 (median=3953.6, MAD=2081.5, n=9)"
7576643904375722625,2025-09-12,217082,samsung,Крупная техника,71865.429,24.7347,10.0,"CombinedScore=24.73; OTS_Z=24.73; COUNT_Z=2.24; daily_ots=71865.4 > thresh=31154.3 (median=3524.9, MAD=1863.6, n=1271)"
7576643904375722625,2025-09-12,219306,tcl (техника),Крупная техника,95820.572,29.5289,10.0,"CombinedScore=29.53; OTS_Z=29.53; COUNT_Z=1.57; daily_ots=95820.6 > thresh=34879.3 (median=3673.6, MAD=2104.8, n=372)"
7576643904375722625,2025-09-12,220410,ugoos,Крупная техника,23955.143,12.7205,10.0,"CombinedScore=12.72; OTS_Z=12.72; COUNT_Z=0.00; daily_ots=23955.1 > thresh=19331.4 (median=2335.6, MAD=1146.4, n=72)"
7576643904375722625,2025-09-12,221942,xiaomi,Крупная техника,71865.429,23.9656,10.0,"CombinedScore=23.97; OTS_Z=23.97; COUNT_Z=1.97; daily_ots=71865.4 > thresh=32179.4 (median=3762.4, MAD=1916.7, n=413)"
8079469907788932736,2025-09-12,206416,gorenje,Крупная техника,43332.96,14.7908,10.0,"CombinedScore=14.79; OTS_Z=14.79; COUNT_Z=1.93; daily_ots=43333.0 > thresh=30537.5 (median=3829.3, MAD=1801.5, n=318)"
8511814465627459280,2025-09-12,210535,listerine,Уход за полостью рта,25910.076,45.5435,10.0,"CombinedScore=45.54; OTS_Z=45.54; COUNT_Z=0.00; daily_ots=25910.1 > thresh=7993.8 (median=2953.2, MAD=340.0, n=27)"
8511817191720792833,2025-09-12,198484,apple iphone,Смартфоны,70147.085,13.3708,10.0,"CombinedScore=13.37; OTS_Z=13.37; COUNT_Z=2.45; daily_ots=70147.1 > thresh=53838.7 (median=5457.4, MAD=3263.3, n=9860)"
864698737912134848,2025-09-13,207447,honor,Смартфоны,76566.832,19.5002,10.0,"CombinedScore=19.50; OTS_Z=19.50; COUNT_Z=1.94; daily_ots=76566.8 > thresh=41345.0 (median=4270.0, MAD=2500.7, n=4464)"
1233998612444276034,2025-09-13,213703,nothing,Смартфоны,53836.014,12.9492,10.0,"CombinedScore=12.95; OTS_Z=12.95; COUNT_Z=1.05; daily_ots=53836.0 > thresh=42612.2 (median=4555.4, MAD=2566.9, n=276)"
1585271561336812430,2025-09-13,199661,baxi,Крупная техника,26337.204,10.9429,10.0,"CombinedScore=10.94; OTS_Z=10.94; COUNT_Z=1.74; daily_ots=26337.2 > thresh=24397.7 (median=3828.2, MAD=1387.4, n=116)"
1585271561337012809,2025-09-13,215667,protherm,Крупная техника,27631.89,13.1256,10.0,"CombinedScore=13.13; OTS_Z=13.13; COUNT_Z=4.32; daily_ots=27631.9 > thresh=21985.7 (median=3921.4, MAD=1218.4, n=20)"
3747000630363940378,2025-09-13,281079,samsung galaxy,Смарт-часы и браслеты,74965.748,21.6852,10.0,"CombinedScore=21.69; OTS_Z=21.69; COUNT_Z=2.06; daily_ots=74965.7 > thresh=36694.5 (median=3942.5, MAD=2209.1, n=395)"
7286835588169424773,2025-09-13,198395,anta,Обувь,80930.403,23.5515,10.0,"CombinedScore=23.55; OTS_Z=23.55; COUNT_Z=3.05; daily_ots=80930.4 > thresh=36989.6 (median=4564.4, MAD=2187.1, n=72)"
7576643904375722625,2025-09-13,213474,nike,Обувь,82382.892,20.8155,10.0,"CombinedScore=20.82; OTS_Z=20.82; COUNT_Z=1.80; daily_ots=82382.9 > thresh=41879.1 (median=4429.4, MAD=2526.0, n=1795)"
8511817191720792833,2025-09-13,198484,apple iphone,Смартфоны,116862.895,23.0266,10.0,"CombinedScore=23.03; OTS_Z=23.03; COUNT_Z=2.45; daily_ots=116862.9 > thresh=53838.7 (median=5457.4, MAD=3263.3, n=9860)"
864698737912134848,2025-09-14,281079,samsung galaxy,Смартфоны,151403.77,35.8344,10.0,"CombinedScore=35.83; OTS_Z=35.83; COUNT_Z=3.53; daily_ots=151403.8 > thresh=45631.7 (median=4689.4, MAD=2761.6, n=7433)"
874855854027596352,2025-09-14,198484,apple iphone,Смартфоны,54426.384,10.1215,10.0,"CombinedScore=10.12; OTS_Z=10.12; COUNT_Z=0.61; daily_ots=54426.4 > thresh=53838.7 (median=5457.4, MAD=3263.3, n=9860)"
936754186446804364,2025-09-14,207543,huawei,Смартфоны,49740.63,14.8369,10.0,"CombinedScore=14.84; OTS_Z=14.84; COUNT_Z=0.76; daily_ots=49740.6 > thresh=34773.1 (median=3828.5, MAD=2087.2, n=1984)"
1585271561336618804,2025-09-14,216114,realme,Смартфоны,50928.24,12.1934,10.0,"CombinedScore=12.19; OTS_Z=12.19; COUNT_Z=6.92; daily_ots=50928.2 > thresh=42576.5 (median=4500.5, MAD=2568.2, n=3843)"
1883917688565411456,2025-09-14,207447,honor,Смартфоны,128963.485,33.6328,10.0,"CombinedScore=33.63; OTS_Z=33.63; COUNT_Z=2.59; daily_ots=128963.5 > thresh=41345.0 (median=4270.0, MAD=2500.7, n=4464)"
1883917688565411456,2025-09-14,207943,infinix,Смартфоны,51585.394,13.8056,10.0,"CombinedScore=13.81; OTS_Z=13.81; COUNT_Z=0.71; daily_ots=51585.4 > thresh=38467.1 (median=3995.5, MAD=2325.1, n=1831)"
1883917688565411456,2025-09-14,232898,мтс,Смартфоны,25792.697,14.6413,10.0,"CombinedScore=14.64; OTS_Z=14.64; COUNT_Z=0.00; daily_ots=25792.7 > thresh=18488.0 (median=2749.6, MAD=1061.6, n=32)"
3251609575546333699,2025-09-14,198484,apple iphone,Смартфоны,87950.49,17.0506,10.0,"CombinedScore=17.05; OTS_Z=17.05; COUNT_Z=3.07; daily_ots=87950.5 > thresh=53838.7 (median=5457.4, MAD=3263.3, n=9860)"
3747000630363940378,2025-09-14,281079,samsung galaxy,Смарт-часы и браслеты,55519.308,15.7477,10.0,"CombinedScore=15.75; OTS_Z=15.75; COUNT_Z=1.38; daily_ots=55519.3 > thresh=36694.5 (median=3942.5, MAD=2209.1, n=395)"
3747000630363940378,2025-09-14,281079,samsung galaxy,Аудиотехника,92532.18,24.0031,10.0,"CombinedScore=24.00; OTS_Z=24.00; COUNT_Z=3.88; daily_ots=92532.2 > thresh=41040.3 (median=4268.5, MAD=2480.3, n=197)"
4323473004444958080,2025-09-14,198484,apple iphone,Смартфоны,66516.258,12.6204,10.0,"CombinedScore=12.62; OTS_Z=12.62; COUNT_Z=3.07; daily_ots=66516.3 > thresh=53838.7 (median=5457.4, MAD=3263.3, n=9860)"
4476591466642187584,2025-09-14,220042,toshiba,Крупная техника,44205.924,18.9184,10.0,"CombinedScore=18.92; OTS_Z=18.92; COUNT_Z=3.53; daily_ots=44205.9 > thresh=24995.9 (median=3456.0, MAD=1452.9, n=137)"
4620705194905618881,2025-09-14,198484,apple iphone,Смартфоны,79441.572,15.2919,10.0,"CombinedScore=15.29; OTS_Z=15.29; COUNT_Z=3.07; daily_ots=79441.6 > thresh=53838.7 (median=5457.4, MAD=3263.3, n=9860)"
4837337629923812032,2025-09-14,216114,realme,Смартфоны,69786.56,17.1462,10.0,"CombinedScore=17.15; OTS_Z=17.15; COUNT_Z=2.52; daily_ots=69786.6 > thresh=42576.5 (median=4500.5, MAD=2568.2, n=3843)"
5989799398687552961,2025-09-14,207447,honor,Смартфоны,45079.38,11.0073,10.0,"CombinedScore=11.01; OTS_Z=11.01; COUNT_Z=1.29; daily_ots=45079.4 > thresh=41345.0 (median=4270.0, MAD=2500.7, n=4464)"
6629304165209876610,2025-09-14,220410,ugoos,Крупная техника,72610.881,41.3484,10.0,"CombinedScore=41.35; OTS_Z=41.35; COUNT_Z=5.10; daily_ots=72610.9 > thresh=19331.4 (median=2335.6, MAD=1146.4, n=72)"
7000007313155770752,2025-09-14,216114,realme,Смартфоны,70208.384,17.257,10.0,"CombinedScore=17.26; OTS_Z=17.26; COUNT_Z=9.43; daily_ots=70208.4 > thresh=42576.5 (median=4500.5, MAD=2568.2, n=3843)"
7576643904375722625,2025-09-14,202423,crocs,Обувь,44291.246,13.3119,10.0,"CombinedScore=13.31; OTS_Z=13.31; COUNT_Z=1.31; daily_ots=44291.2 > thresh=34287.2 (median=4080.8, MAD=2037.4, n=1343)"
7576643904375722625,2025-09-14,213474,nike,Обувь,44291.246,10.6441,10.0,"CombinedScore=10.64; OTS_Z=10.64; COUNT_Z=0.60; daily_ots=44291.2 > thresh=41879.1 (median=4429.4, MAD=2526.0, n=1795)"
7576643904375722625,2025-09-14,213937,off white,Одежда,22145.623,27.7367,10.0,"CombinedScore=27.74; OTS_Z=27.74; COUNT_Z=0.00; daily_ots=22145.6 > thresh=9535.4 (median=2425.8, MAD=479.5, n=62)"
8863090172069209728,2025-09-14,214236,oralb,Уход за полостью рта,41329.524,28.3298,10.0,"CombinedScore=28.33; OTS_Z=28.33; COUNT_Z=3.94; daily_ots=41329.5 > thresh=16681.2 (median=3234.0, MAD=907.0, n=30)"
360293909705805023,2025-09-15,211784,meizu,Смартфоны,28862.48,10.7029,10.0,"CombinedScore=10.70; OTS_Z=10.70; COUNT_Z=4.47; daily_ots=28862.5 > thresh=27184.8 (median=3315.5, MAD=1610.0, n=86)"
864698737912134848,2025-09-15,281079,samsung galaxy,Смартфоны,65396.226,14.8274,10.0,"CombinedScore=14.83; OTS_Z=14.83; COUNT_Z=1.18; daily_ots=65396.2 > thresh=45631.7 (median=4689.4, MAD=2761.6, n=7433)"
1369101741337283277,2025-09-15,198484,apple iphone,Смартфоны,66889.908,12.6976,10.0,"CombinedScore=12.70; OTS_Z=12.70; COUNT_Z=3.07; daily_ots=66889.9 > thresh=53838.7 (median=5457.4, MAD=3263.3, n=9860)"
1585271561336824147,2025-09-15,207543,huawei,Смартфоны,80765.592,24.8628,10.0,"CombinedScore=24.86; OTS_Z=24.86; COUNT_Z=8.35; daily_ots=80765.6 > thresh=34773.1 (median=3828.5, MAD=2087.2, n=1984)"
1585271561336835628,2025-09-15,212714,motorola,Смартфоны,49084.888,14.3072,10.0,"CombinedScore=14.31; OTS_Z=14.31; COUNT_Z=2.88; daily_ots=49084.9 > thresh=35356.1 (median=3481.7, MAD=2149.9, n=269)"
1585271561336876209,2025-09-15,239662,умная эмаль,Средства для маникюра,26461.753,12.846,10.0,"CombinedScore=12.85; OTS_Z=12.85; COUNT_Z=0.00; daily_ots=26461.8 > thresh=21412.6 (median=3671.8, MAD=1196.6, n=20)"
1585271561336989842,2025-09-15,200656,bosch,Крупная техника,35779.44,10.4679,10.0,"CombinedScore=10.47; OTS_Z=10.47; COUNT_Z=3.18; daily_ots=35779.4 > thresh=34353.4 (median=3878.4, MAD=2055.5, n=351)"
1585271561337047436,2025-09-15,221622,whiskas,Корм для кошек,35161.79,13.6687,10.0,"CombinedScore=13.67; OTS_Z=13.67; COUNT_Z=0.97; daily_ots=35161.8 > thresh=26625.4 (median=3357.2, MAD=1569.4, n=656)"
1739916987938841344,2025-09-15,198484,apple iphone,Смартфоны,74147.706,14.1977,10.0,"CombinedScore=14.20; OTS_Z=14.20; COUNT_Z=10.43; daily_ots=74147.7 > thresh=53838.7 (median=5457.4, MAD=3263.3, n=9860)"
4692759896965140290,2025-09-15,214973,philips,Малая техника,65833.524,15.6067,10.0,"CombinedScore=15.61; OTS_Z=15.61; COUNT_Z=4.52; daily_ots=65833.5 > thresh=43979.5 (median=5000.9, MAD=2629.1, n=702)"
4837337629923812032,2025-09-15,207447,honor,Смартфоны,68025.745,17.1964,10.0,"CombinedScore=17.20; OTS_Z=17.20; COUNT_Z=2.59; daily_ots=68025.7 > thresh=41345.0 (median=4270.0, MAD=2500.7, n=4464)"
5044039385649898752,2025-09-15,208375,jbl (аудиотехника),Аудиотехника,61985.964,17.4348,10.0,"CombinedScore=17.43; OTS_Z=17.43; COUNT_Z=0.00; daily_ots=61986.0 > thresh=37287.4 (median=4067.2, MAD=2240.7, n=1174)"
5125106987349937950,2025-09-15,203364,domestos,Универсальные чистящие средства,20857.078,10.0009,10.0,"CombinedScore=10.00; OTS_Z=10.00; COUNT_Z=0.00; daily_ots=20857.1 > thresh=20855.5 (median=2710.8, MAD=1223.9, n=30)"
5125106987349937950,2025-09-15,214236,oralb,Малая техника,62571.234,22.5311,10.0,"CombinedScore=22.53; OTS_Z=22.53; COUNT_Z=2.36; daily_ots=62571.2 > thresh=29962.9 (median=3940.9, MAD=1755.2, n=192)"
5629511854270504897,2025-09-15,197627,adidas,Одежда,185232.271,53.3844,10.0,"CombinedScore=53.38; OTS_Z=53.38; COUNT_Z=3.32; daily_ots=185232.3 > thresh=38075.3 (median=4156.0, MAD=2287.9, n=697)"
369306588173643414,2025-09-16,307306,tecno camon,Смартфоны,110532.132,32.3508,10.0,"CombinedScore=32.35; OTS_Z=32.35; COUNT_Z=8.97; daily_ots=110532.1 > thresh=36701.5 (median=3668.9, MAD=2228.1, n=806)"
1585271561336892046,2025-09-16,202901,delonghi,Малая техника,39974.12,14.1477,10.0,"CombinedScore=14.15; OTS_Z=14.15; COUNT_Z=9.41; daily_ots=39974.1 > thresh=29302.9 (median=3574.9, MAD=1735.4, n=229)"
1585271561337020657,2025-09-16,212723,moulinex,Малая техника,46898.448,13.913,10.0,"CombinedScore=13.91; OTS_Z=13.91; COUNT_Z=2.58; daily_ots=46898.4 > thresh=34831.2 (median=3992.6, MAD=2080.1, n=131)"
1585271561337026298,2025-09-16,203587,dreame,Малая техника,58275.048,13.4329,10.0,"CombinedScore=13.43; OTS_Z=13.43; COUNT_Z=3.63; daily_ots=58275.0 > thresh=44574.9 (median=4666.7, MAD=2691.8, n=509)"
1585271561337026805,2025-09-16,207943,infinix,Смартфоны,43216.648,11.3778,10.0,"CombinedScore=11.38; OTS_Z=11.38; COUNT_Z=2.13; daily_ots=43216.6 > thresh=38467.1 (median=3995.5, MAD=2325.1, n=1831)"
1585271561337046123,2025-09-16,218981,supra,Крупная техника,39802.21,16.3405,10.0,"CombinedScore=16.34; OTS_Z=16.34; COUNT_Z=1.24; daily_ots=39802.2 > thresh=25732.5 (median=3542.2, MAD=1496.7, n=54)"
3828751370547352448,2025-09-16,216114,realme,Смартфоны,43786.518,10.3178,10.0,"CombinedScore=10.32; OTS_Z=10.32; COUNT_Z=1.26; daily_ots=43786.5 > thresh=42576.5 (median=4500.5, MAD=2568.2, n=3843)"
4107288419676846176,2025-09-16,411910,gosposha beauty,Товары для ухода за телом,51309.502,10.1814,10.0,"CombinedScore=10.18; OTS_Z=10.18; COUNT_Z=2.21; daily_ots=51309.5 > thresh=50484.0 (median=4970.9, MAD=3069.9, n=21)"
4693213739758153216,2025-09-16,207286,hisense,Крупная техника,39571.47,12.2482,10.0,"CombinedScore=12.25; OTS_Z=12.25; COUNT_Z=0.59; daily_ots=39571.5 > thresh=33063.7 (median=4116.5, MAD=1952.5, n=262)"
4755806029018135186,2025-09-16,198476,apple airpods,Аудиотехника,57078.189,13.4621,10.0,"CombinedScore=13.46; OTS_Z=13.46; COUNT_Z=5.32; daily_ots=57078.2 > thresh=43568.0 (median=4544.8, MAD=2632.1, n=531)"
4837259759342887489,2025-09-16,203835,ecco,Обувь,33385.509,14.0765,10.0,"CombinedScore=14.08; OTS_Z=14.08; COUNT_Z=10.23; daily_ots=33385.5 > thresh=24756.3 (median=3587.9, MAD=1427.8, n=538)"
5269222877690299145,2025-09-16,207543,huawei,Смартфоны,69264.455,21.1461,10.0,"CombinedScore=21.15; OTS_Z=21.15; COUNT_Z=9.11; daily_ots=69264.5 > thresh=34773.1 (median=3828.5, MAD=2087.2, n=1984)"
6061859049728066433,2025-09-16,198484,apple iphone,Смартфоны,57137.968,10.6819,10.0,"CombinedScore=10.68; OTS_Z=10.68; COUNT_Z=9.20; daily_ots=57138.0 > thresh=53838.7 (median=5457.4, MAD=3263.3, n=9860)"
7349881930372709760,2025-09-16,242139,яндекс,Аудиотехника,38836.735,10.5732,10.0,"CombinedScore=10.57; OTS_Z=10.57; COUNT_Z=4.37; daily_ots=38836.7 > thresh=36944.9 (median=3938.1, MAD=2226.3, n=2495)"
369306588173643414,2025-09-17,307306,tecno camon,Смартфоны,60243.39,17.1268,10.0,"CombinedScore=17.13; OTS_Z=17.13; COUNT_Z=4.08; daily_ots=60243.4 > thresh=36701.5 (median=3668.9, MAD=2228.1, n=806)"
441365747090418625,2025-09-17,213159,natura siberica (косметика),Средства для волос,43145.76,11.5394,10.0,"CombinedScore=11.54; OTS_Z=11.54; COUNT_Z=4.63; daily_ots=43145.8 > thresh=37960.6 (median=4277.4, MAD=2271.9, n=75)"
1585271561336828790,2025-09-17,207447,honor,Смартфоны,50801.627,12.5507,10.0,"CombinedScore=12.55; OTS_Z=12.55; COUNT_Z=10.34; daily_ots=50801.6 > thresh=41345.0 (median=4270.0, MAD=2500.7, n=4464)"
1585271561336848397,2025-09-17,217889,sirius,Корм для кошек,27981.696,10.1666,10.0,"CombinedScore=10.17; OTS_Z=10.17; COUNT_Z=4.43; daily_ots=27981.7 > thresh=27583.3 (median=3670.8, MAD=1612.9, n=126)"
2738194092690289732,2025-09-17,198484,apple iphone,Смартфоны,80264.013,15.4619,10.0,"CombinedScore=15.46; OTS_Z=15.46; COUNT_Z=1.23; daily_ots=80264.0 > thresh=53838.7 (median=5457.4, MAD=3263.3, n=9860)"
2882311520272393920,2025-09-17,198484,apple iphone,Смартфоны,225998.304,45.584,10.0,"CombinedScore=45.58; OTS_Z=45.58; COUNT_Z=1.84; daily_ots=225998.3 > thresh=53838.7 (median=5457.4, MAD=3263.3, n=9860)"
2882311520272393920,2025-09-17,221942,xiaomi,Смартфоны,56499.576,14.7769,10.0,"CombinedScore=14.78; OTS_Z=14.78; COUNT_Z=0.00; daily_ots=56499.6 > thresh=39628.5 (median=4310.7, MAD=2382.2, n=3163)"
4764817325728908033,2025-09-17,221229,vivo (электроника),Смартфоны,170098.278,40.9951,10.0,"CombinedScore=41.00; OTS_Z=41.00; COUNT_Z=4.68; daily_ots=170098.3 > thresh=45028.8 (median=4677.5, MAD=2721.7, n=1154)"
4764817325728908033,2025-09-17,281079,samsung galaxy,Смартфоны,218697.786,52.2707,10.0,"CombinedScore=52.27; OTS_Z=52.27; COUNT_Z=4.71; daily_ots=218697.8 > thresh=45631.7 (median=4689.4, MAD=2761.6, n=7433)"
5269222877690299145,2025-09-17,207543,huawei,Смартфоны,59335.592,17.9376,10.0,"CombinedScore=17.94; OTS_Z=17.94; COUNT_Z=5.31; daily_ots=59335.6 > thresh=34773.1 (median=3828.5, MAD=2087.2, n=1984)"
5629513220079284288,2025-09-17,198484,apple iphone,Смартфоны,56403.802,10.5302,10.0,"CombinedScore=10.53; OTS_Z=10.53; COUNT_Z=3.68; daily_ots=56403.8 > thresh=53838.7 (median=5457.4, MAD=3263.3, n=9860)"
6061859049728066433,2025-09-17,198484,apple iphone,Смартфоны,53874.22,10.0074,10.0,"CombinedScore=10.01; OTS_Z=10.01; COUNT_Z=5.52; daily_ots=53874.2 > thresh=53838.7 (median=5457.4, MAD=3263.3, n=9860)"
6629304165209878717,2025-09-17,221367,vulpes,Детские одежда и обувь,30584.85,13.4546,10.0,"CombinedScore=13.45; OTS_Z=13.45; COUNT_Z=1.86; daily_ots=30584.9 > thresh=23603.5 (median=3394.7, MAD=1363.1, n=35)"
6629304165209878726,2025-09-17,203106,dialog,Аудиотехника,19030.039,10.3393,10.0,"CombinedScore=10.34; OTS_Z=10.34; COUNT_Z=2.65; daily_ots=19030.0 > thresh=18506.6 (median=3079.5, MAD=1040.6, n=11)"
8367701467274729984,2025-09-17,198484,apple iphone,Смартфоны,65045.07,12.3163,10.0,"CombinedScore=12.32; OTS_Z=12.32; COUNT_Z=3.07; daily_ots=65045.1 > thresh=53838.7 (median=5457.4, MAD=3263.3, n=9860)"
8511817191720792833,2025-09-17,198484,apple iphone,Смартфоны,90585.39,17.5952,10.0,"CombinedScore=17.60; OTS_Z=17.60; COUNT_Z=3.07; daily_ots=90585.4 > thresh=53838.7 (median=5457.4, MAD=3263.3, n=9860)"
369305764258770457,2025-09-18,281079,samsung galaxy,Смартфоны,48542.01,10.7108,10.0,"CombinedScore=10.71; OTS_Z=10.71; COUNT_Z=1.18; daily_ots=48542.0 > thresh=45631.7 (median=4689.4, MAD=2761.6, n=7433)"
1585271561336938714,2025-09-18,197627,adidas,Одежда,88442.508,24.8491,10.0,"CombinedScore=24.85; OTS_Z=24.85; COUNT_Z=3.32; daily_ots=88442.5 > thresh=38075.3 (median=4156.0, MAD=2287.9, n=697)"
1585271561336939603,2025-09-18,215815,qin,Смартфоны,25819.126,12.3395,10.0,"CombinedScore=12.34; OTS_Z=12.34; COUNT_Z=0.00; daily_ots=25819.1 > thresh=21516.7 (median=3126.6, MAD=1240.4, n=30)"
1585271561337036739,2025-09-18,239170,тоника,Краски для волос,51874.208,17.1576,10.0,"CombinedScore=17.16; OTS_Z=17.16; COUNT_Z=3.19; daily_ots=51874.2 > thresh=31923.9 (median=4050.8, MAD=1880.0, n=272)"
2170890936830043136,2025-09-18,217889,sirius,Корм для собак,30102.76,10.584,10.0,"CombinedScore=10.58; OTS_Z=10.58; COUNT_Z=2.56; daily_ots=30102.8 > thresh=28659.5 (median=3944.6, MAD=1667.0, n=42)"
3251609575546333699,2025-09-18,216181,redmi,Аудиотехника,78739.12,20.3839,10.0,"CombinedScore=20.38; OTS_Z=20.38; COUNT_Z=7.08; daily_ots=78739.1 > thresh=40640.2 (median=3949.8, MAD=2474.8, n=203)"
4611694214010660315,2025-09-18,217082,samsung,Крупная техника,40387.596,13.3418,10.0,"CombinedScore=13.34; OTS_Z=13.34; COUNT_Z=3.36; daily_ots=40387.6 > thresh=31154.3 (median=3524.9, MAD=1863.6, n=1271)"
5125106987349937950,2025-09-18,204459,estel,Макияж для глаз,82833.424,39.1116,10.0,"CombinedScore=39.11; OTS_Z=39.11; COUNT_Z=4.22; daily_ots=82833.4 > thresh=23147.6 (median=2645.2, MAD=1382.9, n=18)"
6196960145816224397,2025-09-18,281079,samsung galaxy,Смартфоны,64686.948,14.6542,10.0,"CombinedScore=14.65; OTS_Z=14.65; COUNT_Z=2.94; daily_ots=64686.9 > thresh=45631.7 (median=4689.4, MAD=2761.6, n=7433)"
6927906236549392704,2025-09-18,207943,infinix,Смартфоны,69749.512,19.0749,10.0,"CombinedScore=19.07; OTS_Z=19.07; COUNT_Z=2.13; daily_ots=69749.5 > thresh=38467.1 (median=3995.5, MAD=2325.1, n=1831)"
6927906236549392704,2025-09-18,215234,poco,Смартфоны,69749.512,16.8411,10.0,"CombinedScore=16.84; OTS_Z=16.84; COUNT_Z=1.71; daily_ots=69749.5 > thresh=43228.0 (median=4459.8, MAD=2614.9, n=3221)"
7215590911962668352,2025-09-18,213937,off white,Одежда,21562.316,26.9163,10.0,"CombinedScore=26.92; OTS_Z=26.92; COUNT_Z=2.89; daily_ots=21562.3 > thresh=9535.4 (median=2425.8, MAD=479.5, n=62)"
7576643904375722625,2025-09-18,213474,nike,Обувь,197363.232,51.5182,10.0,"CombinedScore=51.52; OTS_Z=51.52; COUNT_Z=4.19; daily_ots=197363.2 > thresh=41879.1 (median=4429.4, MAD=2526.0, n=1795)"
369306588173643414,2025-09-19,216114,realme,Смартфоны,49281.05,11.7608,10.0,"CombinedScore=11.76; OTS_Z=11.76; COUNT_Z=2.52; daily_ots=49281.0 > thresh=42576.5 (median=4500.5, MAD=2568.2, n=3843)"
504410216844887574,2025-09-19,209431,kotex,Женская гигиена,133310.185,44.94,10.0,"CombinedScore=44.94; OTS_Z=44.94; COUNT_Z=7.64; daily_ots=133310.2 > thresh=32445.9 (median=3578.0, MAD=1947.1, n=157)"
936754186446804364,2025-09-19,199606,baseus,Смартфоны,62802.306,36.0373,10.0,"CombinedScore=36.04; OTS_Z=36.04; COUNT_Z=2.08; daily_ots=62802.3 > thresh=19184.1 (median=2432.0, MAD=1129.9, n=60)"
1729388589032331985,2025-09-19,217050,salomon,Обувь,65853.65,22.2895,10.0,"CombinedScore=22.29; OTS_Z=22.29; COUNT_Z=1.20; daily_ots=65853.6 > thresh=31585.9 (median=3702.3, MAD=1880.8, n=169)"
4548647573216189508,2025-09-19,216181,redmi,Смартфоны,47230.03,11.9724,10.0,"CombinedScore=11.97; OTS_Z=11.97; COUNT_Z=0.76; daily_ots=47230.0 > thresh=40150.5 (median=4256.6, MAD=2421.0, n=4609)"
5044039385649898752,2025-09-19,212714,motorola,Смартфоны,53323.61,15.637,10.0,"CombinedScore=15.64; OTS_Z=15.64; COUNT_Z=0.96; daily_ots=53323.6 > thresh=35356.1 (median=3481.7, MAD=2149.9, n=269)"
5044039385649898752,2025-09-19,221942,xiaomi,Смартфоны,79985.415,21.4268,10.0,"CombinedScore=21.43; OTS_Z=21.43; COUNT_Z=1.42; daily_ots=79985.4 > thresh=39628.5 (median=4310.7, MAD=2382.2, n=3163)"
6124903351516349376,2025-09-19,198684,ariston,Крупная техника,22691.694,10.0351,10.0,"CombinedScore=10.04; OTS_Z=10.04; COUNT_Z=1.67; daily_ots=22691.7 > thresh=22622.8 (median=3004.0, MAD=1323.3, n=141)"
6341074104264852773,2025-09-19,215761,purina one,Корм для кошек,35770.392,10.9775,10.0,"CombinedScore=10.98; OTS_Z=10.98; COUNT_Z=1.82; daily_ots=35770.4 > thresh=32929.7 (median=3870.9, MAD=1960.0, n=465)"
6341074104264853588,2025-09-19,210685,loreal,Краски для волос,23647.053,10.0767,10.0,"CombinedScore=10.08; OTS_Z=10.08; COUNT_Z=2.70; daily_ots=23647.1 > thresh=23493.8 (median=3520.1, MAD=1347.2, n=204)"
6629304165209876621,2025-09-19,198484,apple iphone,Смартфоны,60067.89,11.2875,10.0,"CombinedScore=11.29; OTS_Z=11.29; COUNT_Z=3.07; daily_ots=60067.9 > thresh=53838.7 (median=5457.4, MAD=3263.3, n=9860)"
7576643904375722625,2025-09-19,213474,nike,Обувь,69710.841,17.4318,10.0,"CombinedScore=17.43; OTS_Z=17.43; COUNT_Z=1.20; daily_ots=69710.8 > thresh=41879.1 (median=4429.4, MAD=2526.0, n=1795)"
5034735006054,2025-09-20,203587,dreame,Малая техника,63804.286,14.8184,10.0,"CombinedScore=14.82; OTS_Z=14.82; COUNT_Z=6.22; daily_ots=63804.3 > thresh=44574.9 (median=4666.7, MAD=2691.8, n=509)"
360295281038589837,2025-09-20,221229,vivo (электроника),Смартфоны,48550.694,10.8728,10.0,"CombinedScore=10.87; OTS_Z=10.87; COUNT_Z=0.78; daily_ots=48550.7 > thresh=45028.8 (median=4677.5, MAD=2721.7, n=1154)"
360295281038589837,2025-09-20,281079,samsung galaxy,Смартфоны,72826.041,16.6421,10.0,"CombinedScore=16.64; OTS_Z=16.64; COUNT_Z=1.18; daily_ots=72826.0 > thresh=45631.7 (median=4689.4, MAD=2761.6, n=7433)"
1585271561336939603,2025-09-20,207543,huawei,Смартфоны,54173.738,16.2695,10.0,"CombinedScore=16.27; OTS_Z=16.27; COUNT_Z=0.76; daily_ots=54173.7 > thresh=34773.1 (median=3828.5, MAD=2087.2, n=1984)"
1585271561336983258,2025-09-20,216181,redmi,Смарт-часы и браслеты,37330.2,10.5395,10.0,"CombinedScore=10.54; OTS_Z=10.54; COUNT_Z=2.91; daily_ots=37330.2 > thresh=35618.9 (median=3896.2, MAD=2139.7, n=259)"
1585271561337038249,2025-09-20,200811,бреф,Средства для унитаза,48173.962,21.5787,10.0,"CombinedScore=21.58; OTS_Z=21.58; COUNT_Z=2.03; daily_ots=48174.0 > thresh=23954.5 (median=3037.3, MAD=1410.9, n=106)"
1667991858692970944,2025-09-20,231292,лысьва,Крупная техника,37483.72,17.2729,10.0,"CombinedScore=17.27; OTS_Z=17.27; COUNT_Z=5.48; daily_ots=37483.7 > thresh=22942.7 (median=2949.2, MAD=1348.6, n=34)"
1882517727383915840,2025-09-20,225246,вега (аудиотехника),Аудиотехника,43859.814,10.8295,10.0,"CombinedScore=10.83; OTS_Z=10.83; COUNT_Z=1.22; daily_ots=43859.8 > thresh=40876.2 (median=4907.2, MAD=2426.1, n=43)"
2305848744076624014,2025-09-20,216461,rieker,Обувь,27087.04,11.0418,10.0,"CombinedScore=11.04; OTS_Z=11.04; COUNT_Z=0.00; daily_ots=27087.0 > thresh=24830.0 (median=3165.4, MAD=1461.3, n=316)"
3458771820566642445,2025-09-20,202042,colgate,Уход за полостью рта,27087.04,12.6706,10.0,"CombinedScore=12.67; OTS_Z=12.67; COUNT_Z=0.00; daily_ots=27087.0 > thresh=21974.8 (median=2831.9, MAD=1291.2, n=132)"
4035232106963127754,2025-09-20,216114,realme,Смартфоны,45247.79,10.7016,10.0,"CombinedScore=10.70; OTS_Z=10.70; COUNT_Z=2.52; daily_ots=45247.8 > thresh=42576.5 (median=4500.5, MAD=2568.2, n=3843)"
4620705515620634944,2025-09-20,219913,tombi,Детские одежда и обувь,31253.889,14.6231,10.0,"CombinedScore=14.62; OTS_Z=14.62; COUNT_Z=3.14; daily_ots=31253.9 > thresh=22762.6 (median=4395.7, MAD=1238.8, n=29)"
4764817325728908033,2025-09-20,221229,vivo (электроника),Смартфоны,45371.432,10.0849,10.0,"CombinedScore=10.08; OTS_Z=10.08; COUNT_Z=2.34; daily_ots=45371.4 > thresh=45028.8 (median=4677.5, MAD=2721.7, n=1154)"
6196961100373024751,2025-09-20,202423,crocs,Обувь,45938.488,13.8572,10.0,"CombinedScore=13.86; OTS_Z=13.86; COUNT_Z=1.31; daily_ots=45938.5 > thresh=34287.2 (median=4080.8, MAD=2037.4, n=1343)"
6341074104264852291,2025-09-20,198484,apple iphone,Смартфоны,63550.619,12.0074,10.0,"CombinedScore=12.01; OTS_Z=12.01; COUNT_Z=6.13; daily_ots=63550.6 > thresh=53838.7 (median=5457.4, MAD=3263.3, n=9860)"
6927906236549392704,2025-09-20,281079,samsung galaxy,Смартфоны,49950.074,11.0547,10.0,"CombinedScore=11.05; OTS_Z=11.05; COUNT_Z=0.59; daily_ots=49950.1 > thresh=45631.7 (median=4689.4, MAD=2761.6, n=7433)"
7214778762743763392,2025-09-20,197627,adidas,Обувь,80773.863,25.8695,10.0,"CombinedScore=25.87; OTS_Z=25.87; COUNT_Z=1.35; daily_ots=80773.9 > thresh=33583.1 (median=3846.3, MAD=2005.7, n=1525)"
8367701467274729984,2025-09-20,198484,apple iphone,Смартфоны,65726.37,12.4571,10.0,"CombinedScore=12.46; OTS_Z=12.46; COUNT_Z=3.07; daily_ots=65726.4 > thresh=53838.7 (median=5457.4, MAD=3263.3, n=9860)"
1585271561336654772,2025-09-21,208269,jabra,Аудиотехника,18147.264,10.4548,10.0,"CombinedScore=10.45; OTS_Z=10.45; COUNT_Z=3.92; daily_ots=18147.3 > thresh=17496.4 (median=3186.9, MAD=965.2, n=48)"
1585271561336916995,2025-09-21,221942,xiaomi,Смартфоны,157515.632,43.379,10.0,"CombinedScore=43.38; OTS_Z=43.38; COUNT_Z=10.67; daily_ots=157515.6 > thresh=39628.5 (median=4310.7, MAD=2382.2, n=3163)"
1585271561336939603,2025-09-21,202102,comfee,Крупная техника,26916.66,10.9134,10.0,"CombinedScore=10.91; OTS_Z=10.91; COUNT_Z=0.00; daily_ots=26916.7 > thresh=24972.0 (median=3682.1, MAD=1436.0, n=37)"
1585271561337050448,2025-09-21,206416,gorenje,Крупная техника,31604.53,10.3995,10.0,"CombinedScore=10.40; OTS_Z=10.40; COUNT_Z=2.58; daily_ots=31604.5 > thresh=30537.5 (median=3829.3, MAD=1801.5, n=318)"
1666345625407870272,2025-09-21,238974,tecno spark,Смартфоны,44477.748,12.5492,10.0,"CombinedScore=12.55; OTS_Z=12.55; COUNT_Z=1.78; daily_ots=44477.7 > thresh=36237.5 (median=3913.1, MAD=2180.3, n=1254)"
1729388589032331985,2025-09-21,214365,ostin,Детские одежда и обувь,26917.417,12.4282,10.0,"CombinedScore=12.43; OTS_Z=12.43; COUNT_Z=0.00; daily_ots=26917.4 > thresh=22484.7 (median=4229.3, MAD=1231.3, n=39)"
1729390231323623488,2025-09-21,216114,realme,Смартфоны,92067.228,22.9979,10.0,"CombinedScore=23.00; OTS_Z=23.00; COUNT_Z=3.14; daily_ots=92067.2 > thresh=42576.5 (median=4500.5, MAD=2568.2, n=3843)"
1729390231323623488,2025-09-21,221942,xiaomi,Смартфоны,46033.614,11.8136,10.0,"CombinedScore=11.81; OTS_Z=11.81; COUNT_Z=1.42; daily_ots=46033.6 > thresh=39628.5 (median=4310.7, MAD=2382.2, n=3163)"
2386920338217059969,2025-09-21,213816,nutrilak,Детское питание,53834.834,14.9883,10.0,"CombinedScore=14.99; OTS_Z=14.99; COUNT_Z=1.57; daily_ots=53834.8 > thresh=37349.4 (median=4301.5, MAD=2229.1, n=230)"
2386920338217059969,2025-09-21,213820,nutrilon,Детское питание,53834.834,14.7297,10.0,"CombinedScore=14.73; OTS_Z=14.73; COUNT_Z=1.27; daily_ots=53834.8 > thresh=38109.5 (median=4861.4, MAD=2242.6, n=259)"
4035232106963127754,2025-09-21,207543,huawei,Смартфоны,45206.58,13.3717,10.0,"CombinedScore=13.37; OTS_Z=13.37; COUNT_Z=3.04; daily_ots=45206.6 > thresh=34773.1 (median=3828.5, MAD=2087.2, n=1984)"
4179348047056553453,2025-09-21,203471,дав,Средства для волос,26917.417,10.4443,10.0,"CombinedScore=10.44; OTS_Z=10.44; COUNT_Z=0.00; daily_ots=26917.4 > thresh=25921.3 (median=3502.7, MAD=1512.1, n=97)"
4764817325728908033,2025-09-21,281079,samsung galaxy,Смартфоны,71947.716,16.4276,10.0,"CombinedScore=16.43; OTS_Z=16.43; COUNT_Z=1.18; daily_ots=71947.7 > thresh=45631.7 (median=4689.4, MAD=2761.6, n=7433)"
5044039385649898752,2025-09-21,360351,mijia,Крупная техника,26917.074,11.5095,10.0,"CombinedScore=11.51; OTS_Z=11.51; COUNT_Z=0.00; daily_ots=26917.1 > thresh=23811.6 (median=3238.7, MAD=1387.6, n=14)"
5341280786910604865,2025-09-21,203416,doogee,Смартфоны,42459.526,11.579,10.0,"CombinedScore=11.58; OTS_Z=11.58; COUNT_Z=1.04; daily_ots=42459.5 > thresh=37247.7 (median=4240.9, MAD=2226.3, n=102)"
6052843423965704462,2025-09-21,334522,koton,Одежда,26917.395,11.1109,10.0,"CombinedScore=11.11; OTS_Z=11.11; COUNT_Z=0.00; daily_ots=26917.4 > thresh=24578.3 (median=3522.2, MAD=1420.2, n=74)"
6413133733194254145,2025-09-21,205297,florida,Корм для собак,26917.389,20.6205,10.0,"CombinedScore=20.62; OTS_Z=20.62; COUNT_Z=0.00; daily_ots=26917.4 > thresh=14416.0 (median=2645.0, MAD=794.0, n=28)"
6629304165209876826,2025-09-21,281079,samsung galaxy,Смартфоны,80752.251,18.578,10.0,"CombinedScore=18.58; OTS_Z=18.58; COUNT_Z=1.18; daily_ots=80752.3 > thresh=45631.7 (median=4689.4, MAD=2761.6, n=7433)"
7576643904375722625,2025-09-21,213474,nike,Обувь,150262.692,38.9412,10.0,"CombinedScore=38.94; OTS_Z=38.94; COUNT_Z=2.99; daily_ots=150262.7 > thresh=41879.1 (median=4429.4, MAD=2526.0, n=1795)"
5034735007183,2025-09-22,211631,mayoral,Детские одежда и обувь,4018.538,19.8738,10.0,"CombinedScore=19.87; OTS_Z=19.87; COUNT_Z=0.00; daily_ots=4018.5 > thresh=2819.5 (median=1605.2, MAD=81.9, n=17)"
1585271561337010551,2025-09-22,199753,beauty bomb,Макияж для губ,39261.456,12.6642,10.0,"CombinedScore=12.66; OTS_Z=12.66; COUNT_Z=3.87; daily_ots=39261.5 > thresh=31740.3 (median=3509.5, MAD=1904.2, n=14)"
1585271561337010551,2025-09-22,204439,essence,Макияж для губ,58892.184,14.161,10.0,"CombinedScore=14.16; OTS_Z=14.16; COUNT_Z=3.82; daily_ots=58892.2 > thresh=43001.4 (median=4812.1, MAD=2575.9, n=13)"
1585271561337010551,2025-09-22,207354,holika holika,Макияж для губ,63956.118,19.4434,10.0,"CombinedScore=19.44; OTS_Z=19.44; COUNT_Z=2.31; daily_ots=63956.1 > thresh=34813.6 (median=3953.6, MAD=2081.5, n=4)"
1585271561337054199,2025-09-22,215234,poco,Смартфоны,49840.637,11.7057,10.0,"CombinedScore=11.71; OTS_Z=11.71; COUNT_Z=3.42; daily_ots=49840.6 > thresh=43228.0 (median=4459.8, MAD=2614.9, n=3221)"
4188356816114176577,2025-09-22,216273,remington (бытовая техника),Малая техника,37500.016,12.0289,10.0,"CombinedScore=12.03; OTS_Z=12.03; COUNT_Z=3.89; daily_ots=37500.0 > thresh=31860.4 (median=4064.4, MAD=1874.8, n=22)"
8583871904837544896,2025-09-22,210662,lonsdale,Одежда,23057.178,10.9177,10.0,"CombinedScore=10.92; OTS_Z=10.92; COUNT_Z=1.51; daily_ots=23057.2 > thresh=21371.2 (median=2998.7, MAD=1239.2, n=85)"
8655930903394017281,2025-09-22,206252,gloria jeans,Детские одежда и обувь,24406.51,10.3561,10.0,"CombinedScore=10.36; OTS_Z=10.36; COUNT_Z=5.37; daily_ots=24406.5 > thresh=23697.2 (median=3778.0, MAD=1343.5, n=199)"
720583759961119936,2025-09-23,197627,adidas,Обувь,46867.77,14.4674,10.0,"CombinedScore=14.47; OTS_Z=14.47; COUNT_Z=2.70; daily_ots=46867.8 > thresh=33583.1 (median=3846.3, MAD=2005.7, n=1525)"
945767318361640843,2025-09-23,197627,adidas,Обувь,50802.552,15.7906,10.0,"CombinedScore=15.79; OTS_Z=15.79; COUNT_Z=0.68; daily_ots=50802.6 > thresh=33583.1 (median=3846.3, MAD=2005.7, n=1525)"
1297043776825667136,2025-09-23,218309,sony,Аудиотехника,41514.53,12.2656,10.0,"CombinedScore=12.27; OTS_Z=12.27; COUNT_Z=2.93; daily_ots=41514.5 > thresh=34510.6 (median=3596.3, MAD=2085.2, n=486)"
1306055918923481346,2025-09-23,197548,asics,Обувь,54272.112,13.7625,10.0,"CombinedScore=13.76; OTS_Z=13.76; COUNT_Z=2.15; daily_ots=54272.1 > thresh=40678.3 (median=4548.6, MAD=2436.9, n=512)"
1585271561336775309,2025-09-23,212714,motorola,Смартфоны,72824.838,21.7551,10.0,"CombinedScore=21.76; OTS_Z=21.76; COUNT_Z=4.80; daily_ots=72824.8 > thresh=35356.1 (median=3481.7, MAD=2149.9, n=269)"
1585271561336947644,2025-09-23,217082,samsung,Крупная техника,33756.91,10.942,10.0,"CombinedScore=10.94; OTS_Z=10.94; COUNT_Z=10.09; daily_ots=33756.9 > thresh=31154.3 (median=3524.9, MAD=1863.6, n=1271)"
1585271561336992295,2025-09-23,217580,shamtu,Средства для волос,27896.136,12.0998,10.0,"CombinedScore=12.10; OTS_Z=12.10; COUNT_Z=4.73; daily_ots=27896.1 > thresh=23607.1 (median=3181.2, MAD=1377.7, n=128)"
1585271561337036473,2025-09-23,210219,lenovo,Смартфоны,91766.788,34.1024,10.0,"CombinedScore=34.10; OTS_Z=34.10; COUNT_Z=4.50; daily_ots=91766.8 > thresh=29100.0 (median=3099.8, MAD=1753.7, n=35)"
1585271561337036473,2025-09-23,213619,nokia,Смартфоны,45883.394,11.4997,10.0,"CombinedScore=11.50; OTS_Z=11.50; COUNT_Z=0.76; daily_ots=45883.4 > thresh=40449.0 (median=4212.6, MAD=2444.1, n=693)"
1585271561337052854,2025-09-23,216181,redmi,Смартфоны,73332.72,19.2445,10.0,"CombinedScore=19.24; OTS_Z=19.24; COUNT_Z=5.32; daily_ots=73332.7 > thresh=40150.5 (median=4256.6, MAD=2421.0, n=4609)"
1585271561337054199,2025-09-23,215234,poco,Смартфоны,43382.958,10.04,10.0,"CombinedScore=10.04; OTS_Z=10.04; COUNT_Z=2.85; daily_ots=43383.0 > thresh=43228.0 (median=4459.8, MAD=2614.9, n=3221)"
3251612439879604416,2025-09-23,198484,apple iphone,Смартфоны,95212.629,18.5517,10.0,"CombinedScore=18.55; OTS_Z=18.55; COUNT_Z=0.00; daily_ots=95212.6 > thresh=53838.7 (median=5457.4, MAD=3263.3, n=9860)"
4764817325728908033,2025-09-23,214142,oneplus,Смартфоны,48596.412,12.0691,10.0,"CombinedScore=12.07; OTS_Z=12.07; COUNT_Z=1.24; daily_ots=48596.4 > thresh=41004.4 (median=4311.5, MAD=2474.9, n=851)"
4764817325728908033,2025-09-23,281079,samsung galaxy,Смартфоны,97192.824,22.5936,10.0,"CombinedScore=22.59; OTS_Z=22.59; COUNT_Z=2.94; daily_ots=97192.8 > thresh=45631.7 (median=4689.4, MAD=2761.6, n=7433)"
5332267584642577160,2025-09-23,281079,samsung galaxy,Смартфоны,63177.17,14.2854,10.0,"CombinedScore=14.29; OTS_Z=14.29; COUNT_Z=3.53; daily_ots=63177.2 > thresh=45631.7 (median=4689.4, MAD=2761.6, n=7433)"
5764612461673938508,2025-09-23,224020,atlant (бытовая техника),Крупная техника,31418.84,10.1451,10.0,"CombinedScore=10.15; OTS_Z=10.15; COUNT_Z=0.87; daily_ots=31418.8 > thresh=31022.1 (median=3679.2, MAD=1844.3, n=361)"
7000007313155770752,2025-09-23,216114,realme,Смартфоны,64604.792,15.7853,10.0,"CombinedScore=15.79; OTS_Z=15.79; COUNT_Z=3.77; daily_ots=64604.8 > thresh=42576.5 (median=4500.5, MAD=2568.2, n=3843)"
1585271561336717022,2025-09-24,206804,haier,Крупная техника,275245.692,87.7602,10.0,"CombinedScore=87.76; OTS_Z=87.76; COUNT_Z=15.11; daily_ots=275245.7 > thresh=34924.6 (median=4019.2, MAD=2084.6, n=729)"
1585271561336717022,2025-09-24,207286,hisense,Крупная техника,47868.816,15.1145,10.0,"CombinedScore=15.11; OTS_Z=15.11; COUNT_Z=1.77; daily_ots=47868.8 > thresh=33063.7 (median=4116.5, MAD=1952.5, n=262)"
1585271561336766040,2025-09-24,210327,li ning,Одежда,37022.217,10.7157,10.0,"CombinedScore=10.72; OTS_Z=10.72; COUNT_Z=2.31; daily_ots=37022.2 > thresh=34813.6 (median=3953.6, MAD=2081.5, n=4)"
1585271561337034979,2025-09-24,204459,estel,Краски для волос,74262.064,22.9346,10.0,"CombinedScore=22.93; OTS_Z=22.93; COUNT_Z=2.80; daily_ots=74262.1 > thresh=34785.8 (median=4265.9, MAD=2058.6, n=412)"
1739916987938841344,2025-09-24,213474,nike,Обувь,74009.478,18.5796,10.0,"CombinedScore=18.58; OTS_Z=18.58; COUNT_Z=2.99; daily_ots=74009.5 > thresh=41879.1 (median=4429.4, MAD=2526.0, n=1795)"
2810253572328673248,2025-09-24,281079,samsung galaxy,Смартфоны,48273.936,10.6453,10.0,"CombinedScore=10.65; OTS_Z=10.65; COUNT_Z=0.59; daily_ots=48273.9 > thresh=45631.7 (median=4689.4, MAD=2761.6, n=7433)"
3107497533813582784,2025-09-24,218309,sony,Малая техника,53726.288,12.4336,10.0,"CombinedScore=12.43; OTS_Z=12.43; COUNT_Z=5.67; daily_ots=53726.3 > thresh=44075.7 (median=4420.7, MAD=2674.7, n=356)"
3972183818959580032,2025-09-24,205023,fifine,Аудиотехника,117336.296,16.276,10.0,"CombinedScore=16.28; OTS_Z=16.28; COUNT_Z=5.88; daily_ots=117336.3 > thresh=75072.0 (median=7729.1, MAD=4542.3, n=111)"
4107288419676846176,2025-09-24,198484,apple iphone,Смартфоны,80325.186,15.4745,10.0,"CombinedScore=15.47; OTS_Z=15.47; COUNT_Z=1.23; daily_ots=80325.2 > thresh=53838.7 (median=5457.4, MAD=3263.3, n=9860)"
6196961000847500672,2025-09-24,202048,colins,Одежда,31564.148,11.2389,10.0,"CombinedScore=11.24; OTS_Z=11.24; COUNT_Z=3.11; daily_ots=31564.1 > thresh=28483.4 (median=3616.3, MAD=1677.3, n=123)"
6629304165209876610,2025-09-24,220410,ugoos,Крупная техника,37724.84,20.8223,10.0,"CombinedScore=20.82; OTS_Z=20.82; COUNT_Z=2.55; daily_ots=37724.8 > thresh=19331.4 (median=2335.6, MAD=1146.4, n=72)"
7142785589095501632,2025-09-24,238974,tecno spark,Смартфоны,44781.68,12.6433,10.0,"CombinedScore=12.64; OTS_Z=12.64; COUNT_Z=2.67; daily_ots=44781.7 > thresh=36237.5 (median=3913.1, MAD=2180.3, n=1254)"
7576643904375722625,2025-09-24,217082,samsung,Крупная техника,45358.035,15.1408,10.0,"CombinedScore=15.14; OTS_Z=15.14; COUNT_Z=2.24; daily_ots=45358.0 > thresh=31154.3 (median=3524.9, MAD=1863.6, n=1271)"
7576643904375722625,2025-09-24,242139,яндекс,Крупная техника,75596.725,26.7209,10.0,"CombinedScore=26.72; OTS_Z=26.72; COUNT_Z=4.64; daily_ots=75596.7 > thresh=30553.4 (median=3615.0, MAD=1817.0, n=311)"
7998400403885849124,2025-09-24,216194,reebok,Обувь,74938.64,26.201,10.0,"CombinedScore=26.20; OTS_Z=26.20; COUNT_Z=8.81; daily_ots=74938.6 > thresh=31015.5 (median=3904.1, MAD=1828.7, n=356)"
8800699037240317312,2025-09-24,219595,the north face,Одежда,53550.124,20.4524,10.0,"CombinedScore=20.45; OTS_Z=20.45; COUNT_Z=1.29; daily_ots=53550.1 > thresh=27890.7 (median=3341.8, MAD=1655.8, n=68)"
8863091126132830545,2025-09-24,198684,ariston,Крупная техника,26772.779,12.1153,10.0,"CombinedScore=12.12; OTS_Z=12.12; COUNT_Z=0.00; daily_ots=26772.8 > thresh=22622.8 (median=3004.0, MAD=1323.3, n=141)"
8935147025123495674,2025-09-24,214783,pedigree,Корм для собак,41768.733,11.7354,10.0,"CombinedScore=11.74; OTS_Z=11.74; COUNT_Z=2.54; daily_ots=41768.7 > thresh=36186.9 (median=4022.4, MAD=2169.5, n=89)"
9079264347632290320,2025-09-24,216570,roblox,Детские одежда и обувь,42635.796,11.0498,10.0,"CombinedScore=11.05; OTS_Z=11.05; COUNT_Z=3.63; daily_ots=42635.8 > thresh=38972.1 (median=4073.3, MAD=2353.9, n=45)"
648524346683254859,2025-09-25,224020,atlant (бытовая техника),Крупная техника,40394.781,13.4278,10.0,"CombinedScore=13.43; OTS_Z=13.43; COUNT_Z=5.19; daily_ots=40394.8 > thresh=31022.1 (median=3679.2, MAD=1844.3, n=361)"
1585271561336717022,2025-09-25,206804,haier,Крупная техника,131955.626,41.3961,10.0,"CombinedScore=41.40; OTS_Z=41.40; COUNT_Z=6.87; daily_ots=131955.6 > thresh=34924.6 (median=4019.2, MAD=2084.6, n=729)"
1585271561336766040,2025-09-25,202429,cropp,Обувь,12383.349,53.0408,10.0,"CombinedScore=53.04; OTS_Z=53.04; COUNT_Z=0.00; daily_ots=12383.3 > thresh=3634.2 (median=1601.5, MAD=137.1, n=17)"
1585271561336938714,2025-09-25,203522,dr martens,Обувь,49809.08,11.8556,10.0,"CombinedScore=11.86; OTS_Z=11.86; COUNT_Z=3.53; daily_ots=49809.1 > thresh=42792.2 (median=4978.0, MAD=2550.6, n=90)"
1585271561337011960,2025-09-25,207447,honor,Смартфоны,60993.7,15.2997,10.0,"CombinedScore=15.30; OTS_Z=15.30; COUNT_Z=1.94; daily_ots=60993.7 > thresh=41345.0 (median=4270.0, MAD=2500.7, n=4464)"
1585271561337052854,2025-09-25,206252,gloria jeans,Детские одежда и обувь,55274.555,25.8528,10.0,"CombinedScore=25.85; OTS_Z=25.85; COUNT_Z=8.06; daily_ots=55274.6 > thresh=23697.2 (median=3778.0, MAD=1343.5, n=199)"
2233792731551792686,2025-09-25,211631,mayoral,Детские одежда и обувь,8995.923,60.8629,10.0,"CombinedScore=60.86; OTS_Z=60.86; COUNT_Z=3.51; daily_ots=8995.9 > thresh=2819.5 (median=1605.2, MAD=81.9, n=17)"
2242804895778101824,2025-09-25,206402,google pixel,Смартфоны,59283.792,12.815,10.0,"CombinedScore=12.82; OTS_Z=12.82; COUNT_Z=1.31; daily_ots=59283.8 > thresh=47325.1 (median=4843.7, MAD=2865.4, n=681)"
2305848744076622417,2025-09-25,207447,honor,Смартфоны,45711.09,11.1776,10.0,"CombinedScore=11.18; OTS_Z=11.18; COUNT_Z=5.17; daily_ots=45711.1 > thresh=41345.0 (median=4270.0, MAD=2500.7, n=4464)"
2531033574337164798,2025-09-25,234881,персил,Товары для стирки,79634.793,26.2419,10.0,"CombinedScore=26.24; OTS_Z=26.24; COUNT_Z=2.89; daily_ots=79634.8 > thresh=32816.3 (median=3990.5, MAD=1944.3, n=354)"
2594080773626550032,2025-09-25,202423,crocs,Обувь,79967.1,25.1226,10.0,"CombinedScore=25.12; OTS_Z=25.12; COUNT_Z=2.61; daily_ots=79967.1 > thresh=34287.2 (median=4080.8, MAD=2037.4, n=1343)"
3098483602160404120,2025-09-25,216779,rowenta,Малая техника,57812.754,16.885,10.0,"CombinedScore=16.89; OTS_Z=16.89; COUNT_Z=5.56; daily_ots=57812.8 > thresh=35912.7 (median=4104.4, MAD=2145.5, n=87)"
3972187335165675456,2025-09-25,205657,fujifilm,Малая техника,53311.4,12.9044,10.0,"CombinedScore=12.90; OTS_Z=12.90; COUNT_Z=0.55; daily_ots=53311.4 > thresh=42486.9 (median=5217.6, MAD=2513.8, n=92)"
5116095829525861647,2025-09-25,211784,meizu,Смартфоны,98060.421,39.6932,10.0,"CombinedScore=39.69; OTS_Z=39.69; COUNT_Z=2.23; daily_ots=98060.4 > thresh=27184.8 (median=3315.5, MAD=1610.0, n=86)"
5116095829525861647,2025-09-25,238974,tecno spark,Смартфоны,65373.614,19.0137,10.0,"CombinedScore=19.01; OTS_Z=19.01; COUNT_Z=0.89; daily_ots=65373.6 > thresh=36237.5 (median=3913.1, MAD=2180.3, n=1254)"
5116095829525861647,2025-09-25,281079,samsung galaxy,Смартфоны,65373.614,14.8219,10.0,"CombinedScore=14.82; OTS_Z=14.82; COUNT_Z=0.59; daily_ots=65373.6 > thresh=45631.7 (median=4689.4, MAD=2761.6, n=7433)"
5764615010830211364,2025-09-25,215234,poco,Смартфоны,74952.885,18.1832,10.0,"CombinedScore=18.18; OTS_Z=18.18; COUNT_Z=1.14; daily_ots=74952.9 > thresh=43228.0 (median=4459.8, MAD=2614.9, n=3221)"
5764615010830211364,2025-09-25,216181,redmi,Смартфоны,124921.475,33.6171,10.0,"CombinedScore=33.62; OTS_Z=33.62; COUNT_Z=3.04; daily_ots=124921.5 > thresh=40150.5 (median=4256.6, MAD=2421.0, n=4609)"
7576643904375722625,2025-09-25,200283,birkenstock,Обувь,24537.108,20.5088,10.0,"CombinedScore=20.51; OTS_Z=20.51; COUNT_Z=0.00; daily_ots=24537.1 > thresh=13137.0 (median=2288.9, MAD=731.7, n=25)"
7998400403885849124,2025-09-25,216194,reebok,Обувь,43416.384,14.574,10.0,"CombinedScore=14.57; OTS_Z=14.57; COUNT_Z=6.46; daily_ots=43416.4 > thresh=31015.5 (median=3904.1, MAD=1828.7, n=356)"
8367701467274729984,2025-09-25,198484,apple iphone,Смартфоны,64364.694,12.1756,10.0,"CombinedScore=12.18; OTS_Z=12.18; COUNT_Z=3.07; daily_ots=64364.7 > thresh=53838.7 (median=5457.4, MAD=3263.3, n=9860)"
8430745724812681766,2025-09-25,206519,grass,Средства для унитаза,27784.676,10.8751,10.0,"CombinedScore=10.88; OTS_Z=10.88; COUNT_Z=3.75; daily_ots=27784.7 > thresh=25782.8 (median=2906.5, MAD=1543.0, n=26)"
8935147025123495674,2025-09-25,216461,rieker,Обувь,26741.282,10.8822,10.0,"CombinedScore=10.88; OTS_Z=10.88; COUNT_Z=1.05; daily_ots=26741.3 > thresh=24830.0 (median=3165.4, MAD=1461.3, n=316)"
1585271561337010551,2025-09-26,223942,асепта,Уход за полостью рта,32281.473,16.0965,10.0,"CombinedScore=16.10; OTS_Z=16.10; COUNT_Z=3.23; daily_ots=32281.5 > thresh=21170.4 (median=2944.9, MAD=1229.3, n=83)"
3107495819638267072,2025-09-26,202932,demix,Обувь,32247.519,12.1446,10.0,"CombinedScore=12.14; OTS_Z=12.14; COUNT_Z=3.34; daily_ots=32247.5 > thresh=27210.3 (median=3722.4, MAD=1584.3, n=116)"
4694401212316192064,2025-09-26,198484,apple iphone,Смартфоны,215074.032,43.326,10.0,"CombinedScore=43.33; OTS_Z=43.33; COUNT_Z=1.23; daily_ots=215074.0 > thresh=53838.7 (median=5457.4, MAD=3263.3, n=9860)"
4764817325728903810,2025-09-26,215539,pro plan,Корм для собак,23749.361,11.6085,10.0,"CombinedScore=11.61; OTS_Z=11.61; COUNT_Z=0.00; daily_ots=23749.4 > thresh=20871.9 (median=2983.2, MAD=1206.6, n=66)"
4764817325728908033,2025-09-26,206402,google pixel,Смартфоны,164579.487,37.6014,10.0,"CombinedScore=37.60; OTS_Z=37.60; COUNT_Z=1.31; daily_ots=164579.5 > thresh=47325.1 (median=4843.7, MAD=2865.4, n=681)"
4764817325728908033,2025-09-26,207543,huawei,Смартфоны,274299.145,87.4047,10.0,"CombinedScore=87.40; OTS_Z=87.40; COUNT_Z=3.04; daily_ots=274299.1 > thresh=34773.1 (median=3828.5, MAD=2087.2, n=1984)"
4764817325728908033,2025-09-26,211784,meizu,Смартфоны,109719.658,44.5778,10.0,"CombinedScore=44.58; OTS_Z=44.58; COUNT_Z=1.12; daily_ots=109719.7 > thresh=27184.8 (median=3315.5, MAD=1610.0, n=86)"
4764817325728908033,2025-09-26,213703,nothing,Смартфоны,54859.829,13.2182,10.0,"CombinedScore=13.22; OTS_Z=13.22; COUNT_Z=0.00; daily_ots=54859.8 > thresh=42612.2 (median=4555.4, MAD=2566.9, n=276)"
4764817325728908033,2025-09-26,214142,oneplus,Смартфоны,54859.829,13.7761,10.0,"CombinedScore=13.78; OTS_Z=13.78; COUNT_Z=0.00; daily_ots=54859.8 > thresh=41004.4 (median=4311.5, MAD=2474.9, n=851)"
4764817325728908033,2025-09-26,215234,poco,Смартфоны,54859.829,13.0004,10.0,"CombinedScore=13.00; OTS_Z=13.00; COUNT_Z=0.00; daily_ots=54859.8 > thresh=43228.0 (median=4459.8, MAD=2614.9, n=3221)"
4764817325728908033,2025-09-26,216180,redmagic,Смартфоны,164579.487,38.0107,10.0,"CombinedScore=38.01; OTS_Z=38.01; COUNT_Z=2.83; daily_ots=164579.5 > thresh=46912.5 (median=4904.7, MAD=2833.4, n=146)"
4764817325728908033,2025-09-26,218309,sony,Смартфоны,164579.487,52.5769,10.0,"CombinedScore=52.58; OTS_Z=52.58; COUNT_Z=1.68; daily_ots=164579.5 > thresh=34444.0 (median=3879.2, MAD=2061.6, n=311)"
4764817325728908033,2025-09-26,221229,vivo (электроника),Смартфоны,109719.658,26.0319,10.0,"CombinedScore=26.03; OTS_Z=26.03; COUNT_Z=0.78; daily_ots=109719.7 > thresh=45028.8 (median=4677.5, MAD=2721.7, n=1154)"
4764817325728908033,2025-09-26,221942,xiaomi,Смартфоны,54859.829,14.3127,10.0,"CombinedScore=14.31; OTS_Z=14.31; COUNT_Z=0.00; daily_ots=54859.8 > thresh=39628.5 (median=4310.7, MAD=2382.2, n=3163)"
4764817325728908033,2025-09-26,222525,zte,Смартфоны,54859.829,16.2249,10.0,"CombinedScore=16.22; OTS_Z=16.22; COUNT_Z=0.00; daily_ots=54859.8 > thresh=35262.4 (median=3779.8, MAD=2123.5, n=107)"
4764817325728908033,2025-09-26,307306,tecno camon,Смартфоны,54859.829,15.4971,10.0,"CombinedScore=15.50; OTS_Z=15.50; COUNT_Z=0.00; daily_ots=54859.8 > thresh=36701.5 (median=3668.9, MAD=2228.1, n=806)"
5269224077618120705,2025-09-26,242139,яндекс,Аудиотехника,52342.552,14.665,10.0,"CombinedScore=14.66; OTS_Z=14.66; COUNT_Z=0.73; daily_ots=52342.6 > thresh=36944.9 (median=3938.1, MAD=2226.3, n=2495)"
6341074104264852773,2025-09-26,215761,purina one,Корм для кошек,47799.746,15.1172,10.0,"CombinedScore=15.12; OTS_Z=15.12; COUNT_Z=1.82; daily_ots=47799.7 > thresh=32929.7 (median=3870.9, MAD=1960.0, n=465)"
6341074104264854342,2025-09-26,221535,weissgauff,Крупная техника,45376.011,13.8954,10.0,"CombinedScore=13.90; OTS_Z=13.90; COUNT_Z=1.42; daily_ots=45376.0 > thresh=33757.1 (median=3929.9, MAD=2011.8, n=227)"
6629305709414973060,2025-09-26,207543,huawei,Смарт-часы и браслеты,91176.976,26.7518,10.0,"CombinedScore=26.75; OTS_Z=26.75; COUNT_Z=2.07; daily_ots=91177.0 > thresh=36711.3 (median=4198.1, MAD=2193.0, n=956)"
720580779483787593,2025-09-27,220042,toshiba,Крупная техника,29757.084,12.2104,10.0,"CombinedScore=12.21; OTS_Z=12.21; COUNT_Z=0.00; daily_ots=29757.1 > thresh=24995.9 (median=3456.0, MAD=1452.9, n=137)"
1297043776825667136,2025-09-27,218309,sony,Малая техника,70512.696,16.6667,10.0,"CombinedScore=16.67; OTS_Z=16.67; COUNT_Z=4.79; daily_ots=70512.7 > thresh=44075.7 (median=4420.7, MAD=2674.7, n=356)"
1585271561336832225,2025-09-27,216181,redmi,Смартфоны,49479.54,12.5991,10.0,"CombinedScore=12.60; OTS_Z=12.60; COUNT_Z=6.83; daily_ots=49479.5 > thresh=40150.5 (median=4256.6, MAD=2421.0, n=4609)"
1585271561336914069,2025-09-27,207447,honor,Смартфоны,46721.35,11.4501,10.0,"CombinedScore=11.45; OTS_Z=11.45; COUNT_Z=2.59; daily_ots=46721.4 > thresh=41345.0 (median=4270.0, MAD=2500.7, n=4464)"
1585271561336926077,2025-09-27,216182,redmond (бытовая техника),Малая техника,33526.654,12.302,10.0,"CombinedScore=12.30; OTS_Z=12.30; COUNT_Z=6.19; daily_ots=33526.7 > thresh=27895.2 (median=3431.8, MAD=1650.1, n=550)"
1585271561337020657,2025-09-27,221942,xiaomi,Смартфоны,47001.036,12.0875,10.0,"CombinedScore=12.09; OTS_Z=12.09; COUNT_Z=1.42; daily_ots=47001.0 > thresh=39628.5 (median=4310.7, MAD=2382.2, n=3163)"
2242804895778101824,2025-09-27,281079,samsung galaxy,Смартфоны,70397.33,16.0489,10.0,"CombinedScore=16.05; OTS_Z=16.05; COUNT_Z=2.36; daily_ots=70397.3 > thresh=45631.7 (median=4689.4, MAD=2761.6, n=7433)"
4179347997302420034,2025-09-27,219238,tanix,Крупная техника,35724.764,11.2908,10.0,"CombinedScore=11.29; OTS_Z=11.29; COUNT_Z=1.88; daily_ots=35724.8 > thresh=32110.6 (median=4110.2, MAD=1888.6, n=138)"
4694348524231748224,2025-09-27,213887,obba,Обувь,42693.2,19.2332,10.0,"CombinedScore=19.23; OTS_Z=19.23; COUNT_Z=3.11; daily_ots=42693.2 > thresh=23854.5 (median=3451.1, MAD=1376.2, n=231)"
4764817325728908033,2025-09-27,214142,oneplus,Смартфоны,44497.996,10.9521,10.0,"CombinedScore=10.95; OTS_Z=10.95; COUNT_Z=0.62; daily_ots=44498.0 > thresh=41004.4 (median=4311.5, MAD=2474.9, n=851)"
4764817325728908033,2025-09-27,221942,xiaomi,Смартфоны,66746.994,17.6784,10.0,"CombinedScore=17.68; OTS_Z=17.68; COUNT_Z=1.42; daily_ots=66747.0 > thresh=39628.5 (median=4310.7, MAD=2382.2, n=3163)"
4764817325728908033,2025-09-27,281079,samsung galaxy,Смартфоны,88995.992,20.5915,10.0,"CombinedScore=20.59; OTS_Z=20.59; COUNT_Z=1.77; daily_ots=88996.0 > thresh=45631.7 (median=4689.4, MAD=2761.6, n=7433)"
4899933618508618624,2025-09-27,214393,oukitel,Смартфоны,54943.632,20.0166,10.0,"CombinedScore=20.02; OTS_Z=20.02; COUNT_Z=5.05; daily_ots=54943.6 > thresh=29034.8 (median=3169.0, MAD=1744.6, n=265)"
5197164996113048095,2025-09-27,213474,nike,Одежда,37594.752,10.4009,10.0,"CombinedScore=10.40; OTS_Z=10.40; COUNT_Z=5.23; daily_ots=37594.8 > thresh=36294.6 (median=3864.3, MAD=2187.4, n=707)"
5197164996113048095,2025-09-27,213474,nike,Обувь,50126.336,12.2022,10.0,"CombinedScore=12.20; OTS_Z=12.20; COUNT_Z=4.19; daily_ots=50126.3 > thresh=41879.1 (median=4429.4, MAD=2526.0, n=1795)"
6927906236549392704,2025-09-27,221942,xiaomi,Смартфоны,100489.188,27.2323,10.0,"CombinedScore=27.23; OTS_Z=27.23; COUNT_Z=3.56; daily_ots=100489.2 > thresh=39628.5 (median=4310.7, MAD=2382.2, n=3163)"
6927906236549392704,2025-09-27,281079,samsung galaxy,Смартфоны,83740.99,19.308,10.0,"CombinedScore=19.31; OTS_Z=19.31; COUNT_Z=2.36; daily_ots=83741.0 > thresh=45631.7 (median=4689.4, MAD=2761.6, n=7433)"
7576643904375722625,2025-09-27,213474,nike,Обувь,106562.03,27.272,10.0,"CombinedScore=27.27; OTS_Z=27.27; COUNT_Z=2.40; daily_ots=106562.0 > thresh=41879.1 (median=4429.4, MAD=2526.0, n=1795)"
7576643904375722625,2025-09-27,219744,timberland,Обувь,127874.436,24.7895,10.0,"CombinedScore=24.79; OTS_Z=24.79; COUNT_Z=5.66; daily_ots=127874.4 > thresh=54610.2 (median=5072.3, MAD=3341.3, n=106)"
7576643904375722625,2025-09-27,242139,яндекс,Крупная техника,63937.218,22.3927,10.0,"CombinedScore=22.39; OTS_Z=22.39; COUNT_Z=2.32; daily_ots=63937.2 > thresh=30553.4 (median=3615.0, MAD=1817.0, n=311)"
7791241212634245504,2025-09-27,281079,samsung galaxy,Смартфоны,52796.678,11.75,10.0,"CombinedScore=11.75; OTS_Z=11.75; COUNT_Z=0.59; daily_ots=52796.7 > thresh=45631.7 (median=4689.4, MAD=2761.6, n=7433)"
7998400403885849124,2025-09-27,216194,reebok,Обувь,42605.638,14.275,10.0,"CombinedScore=14.27; OTS_Z=14.27; COUNT_Z=9.40; daily_ots=42605.6 > thresh=31015.5 (median=3904.1, MAD=1828.7, n=356)"
8367700322646860865,2025-09-27,221942,xiaomi,Смартфоны,72145.116,19.2069,10.0,"CombinedScore=19.21; OTS_Z=19.21; COUNT_Z=3.56; daily_ots=72145.1 > thresh=39628.5 (median=4310.7, MAD=2382.2, n=3163)"
8727988444133190403,2025-09-27,213474,nike,Обувь,54424.115,13.3498,10.0,"CombinedScore=13.35; OTS_Z=13.35; COUNT_Z=2.40; daily_ots=54424.1 > thresh=41879.1 (median=4429.4, MAD=2526.0, n=1795)"
1297043776825667136,2025-09-28,218309,sony,Малая техника,78803.6,18.7575,10.0,"CombinedScore=18.76; OTS_Z=18.76; COUNT_Z=3.92; daily_ots=78803.6 > thresh=44075.7 (median=4420.7, MAD=2674.7, n=356)"
1369101347001709768,2025-09-28,199450,balenciaga,Одежда,42416.784,10.7997,10.0,"CombinedScore=10.80; OTS_Z=10.80; COUNT_Z=2.34; daily_ots=42416.8 > thresh=39589.4 (median=4234.4, MAD=2384.7, n=134)"
1585271561336611209,2025-09-28,281079,samsung galaxy,Смартфоны,52364.168,11.6444,10.0,"CombinedScore=11.64; OTS_Z=11.64; COUNT_Z=0.59; daily_ots=52364.2 > thresh=45631.7 (median=4689.4, MAD=2761.6, n=7433)"
1585271561336807123,2025-09-28,242139,яндекс,Аудиотехника,72806.44,20.8649,10.0,"CombinedScore=20.86; OTS_Z=20.86; COUNT_Z=4.37; daily_ots=72806.4 > thresh=36944.9 (median=3938.1, MAD=2226.3, n=2495)"
1585271561337016749,2025-09-28,218283,some by mi,Средства для умывания и ухода за лицом,53660.514,16.1072,10.0,"CombinedScore=16.11; OTS_Z=16.11; COUNT_Z=1.37; daily_ots=53660.5 > thresh=34813.6 (median=3953.6, MAD=2081.5, n=7)"
1585271561337017810,2025-09-28,221942,xiaomi,Смартфоны,61492.79,16.1907,10.0,"CombinedScore=16.19; OTS_Z=16.19; COUNT_Z=2.85; daily_ots=61492.8 > thresh=39628.5 (median=4310.7, MAD=2382.2, n=3163)"
1585271561337026298,2025-09-28,360351,mijia,Крупная техника,27212.52,11.6531,10.0,"CombinedScore=11.65; OTS_Z=11.65; COUNT_Z=3.70; daily_ots=27212.5 > thresh=23811.6 (median=3238.7, MAD=1387.6, n=14)"
1729388589032331985,2025-09-28,215761,purina one,Корм для кошек,34325.065,10.4802,10.0,"CombinedScore=10.48; OTS_Z=10.48; COUNT_Z=0.00; daily_ots=34325.1 > thresh=32929.7 (median=3870.9, MAD=1960.0, n=465)"
2954367870147816130,2025-09-28,209879,lamm,Товары для стирки,41945.565,13.3793,10.0,"CombinedScore=13.38; OTS_Z=13.38; COUNT_Z=3.40; daily_ots=41945.6 > thresh=32310.8 (median=3799.9, MAD=1923.1, n=172)"
4188358270391977168,2025-09-28,203714,duru,Средства для мытья и ухода за руками,26830.257,11.197,10.0,"CombinedScore=11.20; OTS_Z=11.20; COUNT_Z=0.00; daily_ots=26830.3 > thresh=24347.4 (median=3605.0, MAD=1399.1, n=57)"
4261959034835069440,2025-09-28,202932,demix,Одежда,21721.896,10.0163,10.0,"CombinedScore=10.02; OTS_Z=10.02; COUNT_Z=7.06; daily_ots=21721.9 > thresh=21692.3 (median=3532.2, MAD=1224.9, n=92)"
4764817325728908033,2025-09-28,221942,xiaomi,Смартфоны,46939.752,12.0701,10.0,"CombinedScore=12.07; OTS_Z=12.07; COUNT_Z=0.71; daily_ots=46939.8 > thresh=39628.5 (median=4310.7, MAD=2382.2, n=3163)"
4764817325728908033,2025-09-28,281079,samsung galaxy,Смартфоны,70409.628,16.0519,10.0,"CombinedScore=16.05; OTS_Z=16.05; COUNT_Z=1.18; daily_ots=70409.6 > thresh=45631.7 (median=4689.4, MAD=2761.6, n=7433)"
5126527515671367937,2025-09-28,206697,gucci,Одежда,65393.656,20.5455,10.0,"CombinedScore=20.55; OTS_Z=20.55; COUNT_Z=7.12; daily_ots=65393.7 > thresh=33783.6 (median=3808.6, MAD=2021.8, n=63)"
5269224956824505472,2025-09-28,212377,mizuno,Обувь,73898.022,27.2842,10.0,"CombinedScore=27.28; OTS_Z=27.28; COUNT_Z=3.91; daily_ots=73898.0 > thresh=29611.1 (median=3988.3, MAD=1728.3, n=45)"
5332267584642577409,2025-09-28,209892,lanbena,Средства для умывания и ухода за лицом,21275.08,12.2505,10.0,"CombinedScore=12.25; OTS_Z=12.25; COUNT_Z=2.77; daily_ots=21275.1 > thresh=17932.2 (median=3078.0, MAD=1001.9, n=13)"
5413337214202460145,2025-09-28,217838,similac,Детское питание,40807.816,14.5668,10.0,"CombinedScore=14.57; OTS_Z=14.57; COUNT_Z=4.55; daily_ots=40807.8 > thresh=29284.6 (median=4051.6, MAD=1702.0, n=39)"
5548441990942654369,2025-09-28,198484,apple iphone,Смартфоны,62284.005,11.7456,10.0,"CombinedScore=11.75; OTS_Z=11.75; COUNT_Z=3.68; daily_ots=62284.0 > thresh=53838.7 (median=5457.4, MAD=3263.3, n=9860)"
6278622038215673792,2025-09-28,205729,futurino,Детские одежда и обувь,26611.27,11.4537,10.0,"CombinedScore=11.45; OTS_Z=11.45; COUNT_Z=3.19; daily_ots=26611.3 > thresh=23729.9 (median=3909.0, MAD=1336.9, n=110)"
6629304165209877012,2025-09-28,199691,bbk,Крупная техника,39248.097,14.2158,10.0,"CombinedScore=14.22; OTS_Z=14.22; COUNT_Z=3.15; daily_ots=39248.1 > thresh=28540.1 (median=3140.5, MAD=1713.2, n=70)"
6629304165209878003,2025-09-28,218309,sony,Смартфоны,35678.277,10.4038,10.0,"CombinedScore=10.40; OTS_Z=10.40; COUNT_Z=1.68; daily_ots=35678.3 > thresh=34444.0 (median=3879.2, MAD=2061.6, n=311)"
7998400403885849124,2025-09-28,216194,reebok,Обувь,42092.028,14.0856,10.0,"CombinedScore=14.09; OTS_Z=14.09; COUNT_Z=5.88; daily_ots=42092.0 > thresh=31015.5 (median=3904.1, MAD=1828.7, n=356)"
8367700322646860865,2025-09-28,339936,cmf,Смартфоны,36532.35,10.3466,10.0,"CombinedScore=10.35; OTS_Z=10.35; COUNT_Z=2.29; daily_ots=36532.4 > thresh=35435.3 (median=3786.5, MAD=2134.7, n=107)"
8872102004503143591,2025-09-28,221942,xiaomi,Смарт-часы и браслеты,108861.78,32.4258,10.0,"CombinedScore=32.43; OTS_Z=32.43; COUNT_Z=2.36; daily_ots=108861.8 > thresh=36417.1 (median=4113.1, MAD=2178.9, n=862)"
8872102557463947648,2025-09-28,211249,mango,Одежда,43297.768,19.1846,10.0,"CombinedScore=19.18; OTS_Z=19.18; COUNT_Z=1.79; daily_ots=43297.8 > thresh=24324.8 (median=3667.4, MAD=1393.3, n=132)"
8872102557463947648,2025-09-28,219744,timberland,Одежда,64946.652,19.7644,10.0,"CombinedScore=19.76; OTS_Z=19.76; COUNT_Z=-0.67; daily_ots=64946.7 > thresh=34813.6 (median=3953.6, MAD=2081.5, n=2)"
8872102557463947648,2025-09-28,219921,tommy hilfiger,Одежда,43297.768,17.533,10.0,"CombinedScore=17.53; OTS_Z=17.53; COUNT_Z=1.56; daily_ots=43297.8 > thresh=26246.9 (median=3611.8, MAD=1526.7, n=141)"
1297043776825667136,2025-09-29,218309,sony,Малая техника,54526.5,12.6354,10.0,"CombinedScore=12.64; OTS_Z=12.64; COUNT_Z=2.62; daily_ots=54526.5 > thresh=44075.7 (median=4420.7, MAD=2674.7, n=356)"
1306055918923481346,2025-09-29,197548,asics,Обувь,52865.79,13.3733,10.0,"CombinedScore=13.37; OTS_Z=13.37; COUNT_Z=1.08; daily_ots=52865.8 > thresh=40678.3 (median=4548.6, MAD=2436.9, n=512)"
1522327548243721536,2025-09-29,198484,apple iphone,Смартфоны,83008.208,16.0291,10.0,"CombinedScore=16.03; OTS_Z=16.03; COUNT_Z=1.84; daily_ots=83008.2 > thresh=53838.7 (median=5457.4, MAD=3263.3, n=9860)"
1585271561336724594,2025-09-29,198484,apple iphone,Смартфоны,63735.07,12.0455,10.0,"CombinedScore=12.05; OTS_Z=12.05; COUNT_Z=3.68; daily_ots=63735.1 > thresh=53838.7 (median=5457.4, MAD=3263.3, n=9860)"
1585271561336807123,2025-09-29,242139,яндекс,Аудиотехника,57509.767,16.2305,10.0,"CombinedScore=16.23; OTS_Z=16.23; COUNT_Z=4.37; daily_ots=57509.8 > thresh=36944.9 (median=3938.1, MAD=2226.3, n=2495)"
1585271561336914069,2025-09-29,207447,honor,Смартфоны,47187.2,11.5758,10.0,"CombinedScore=11.58; OTS_Z=11.58; COUNT_Z=2.59; daily_ots=47187.2 > thresh=41345.0 (median=4270.0, MAD=2500.7, n=4464)"
1585271561337015543,2025-09-29,217763,siemens,Крупная техника,29229.095,17.3634,10.0,"CombinedScore=17.36; OTS_Z=17.36; COUNT_Z=5.98; daily_ots=29229.1 > thresh=18149.8 (median=3103.4, MAD=1014.9, n=51)"
1585271561337044238,2025-09-29,198484,apple iphone,Смартфоны,55249.404,10.2916,10.0,"CombinedScore=10.29; OTS_Z=10.29; COUNT_Z=3.07; daily_ots=55249.4 > thresh=53838.7 (median=5457.4, MAD=3263.3, n=9860)"
1729388589032331985,2025-09-29,213986,ola,Женская гигиена,67667.632,30.8783,10.0,"CombinedScore=30.88; OTS_Z=30.88; COUNT_Z=3.41; daily_ots=67667.6 > thresh=24259.8 (median=3468.9, MAD=1402.3, n=21)"
2738194092690289732,2025-09-29,219211,tamaris,Обувь,26361.561,11.1766,10.0,"CombinedScore=11.18; OTS_Z=11.18; COUNT_Z=0.00; daily_ots=26361.6 > thresh=23870.4 (median=2697.6, MAD=1428.1, n=156)"
3963174951955398626,2025-09-29,207447,honor,Смартфоны,86107.05,22.0734,10.0,"CombinedScore=22.07; OTS_Z=22.07; COUNT_Z=10.99; daily_ots=86107.1 > thresh=41345.0 (median=4270.0, MAD=2500.7, n=4464)"
4117430308736267392,2025-09-29,204715,faberlic,Средства для умывания и ухода за лицом,32172.942,14.0517,10.0,"CombinedScore=14.05; OTS_Z=14.05; COUNT_Z=1.80; daily_ots=32172.9 > thresh=23874.7 (median=3394.0, MAD=1381.4, n=47)"
4548647573216189508,2025-09-29,215234,poco,Смартфоны,46291.702,10.7903,10.0,"CombinedScore=10.79; OTS_Z=10.79; COUNT_Z=0.57; daily_ots=46291.7 > thresh=43228.0 (median=4459.8, MAD=2614.9, n=3221)"
4548647573216189508,2025-09-29,221535,weissgauff,Крупная техника,115729.255,37.4824,10.0,"CombinedScore=37.48; OTS_Z=37.48; COUNT_Z=2.84; daily_ots=115729.3 > thresh=33757.1 (median=3929.9, MAD=2011.8, n=227)"
4548647573216189508,2025-09-29,281079,samsung galaxy,Смартфоны,46291.702,10.1612,10.0,"CombinedScore=10.16; OTS_Z=10.16; COUNT_Z=0.59; daily_ots=46291.7 > thresh=45631.7 (median=4689.4, MAD=2761.6, n=7433)"
4692759896965140290,2025-09-29,214973,philips,Малая техника,45998.04,10.5179,10.0,"CombinedScore=10.52; OTS_Z=10.52; COUNT_Z=2.82; daily_ots=45998.0 > thresh=43979.5 (median=5000.9, MAD=2629.1, n=702)"
4755806029018135186,2025-09-29,216181,redmi,Крупная техника,25191.369,11.0151,10.0,"CombinedScore=11.02; OTS_Z=11.02; COUNT_Z=3.30; daily_ots=25191.4 > thresh=23109.4 (median=2600.0, MAD=1383.4, n=13)"
5116096277414531212,2025-09-29,198484,apple iphone,Смартфоны,102793.596,20.1186,10.0,"CombinedScore=20.12; OTS_Z=20.12; COUNT_Z=1.84; daily_ots=102793.6 > thresh=53838.7 (median=5457.4, MAD=3263.3, n=9860)"
6341074104264854133,2025-09-29,242139,яндекс,Аудиотехника,62536.804,17.7535,10.0,"CombinedScore=17.75; OTS_Z=17.75; COUNT_Z=7.28; daily_ots=62536.8 > thresh=36944.9 (median=3938.1, MAD=2226.3, n=2495)"
7576643904375722625,2025-09-29,242139,яндекс,Крупная техника,44735.334,15.2646,10.0,"CombinedScore=15.26; OTS_Z=15.26; COUNT_Z=1.16; daily_ots=44735.3 > thresh=30553.4 (median=3615.0, MAD=1817.0, n=311)"
8872102557463947648,2025-09-29,220472,under armour,Одежда,54140.349,24.7398,10.0,"CombinedScore=24.74; OTS_Z=24.74; COUNT_Z=1.67; daily_ots=54140.3 > thresh=23826.2 (median=3259.9, MAD=1387.2, n=39)"
9007204939872883031,2025-09-29,205948,gefest (бытовая техника),Крупная техника,69597.32,20.7256,10.0,"CombinedScore=20.73; OTS_Z=20.73; COUNT_Z=6.25; daily_ots=69597.3 > thresh=35543.9 (median=3794.3, MAD=2141.5, n=302)"
9007204939872883265,2025-09-29,215539,pro plan,Корм для кошек,29948.13,11.1823,10.0,"CombinedScore=11.18; OTS_Z=11.18; COUNT_Z=1.28; daily_ots=29948.1 > thresh=27127.5 (median=3270.1, MAD=1609.2, n=291)"
2233791780476071135,2025-09-30,206925,happyfox,Детские одежда и обувь,44199.916,19.6058,10.0,"CombinedScore=19.61; OTS_Z=19.61; COUNT_Z=3.35; daily_ots=44199.9 > thresh=24586.9 (median=4168.9, MAD=1377.2, n=14)"
2954367870147816270,2025-09-30,204459,estel,Краски для волос,149986.382,47.746,10.0,"CombinedScore=47.75; OTS_Z=47.75; COUNT_Z=11.21; daily_ots=149986.4 > thresh=34785.8 (median=4265.9, MAD=2058.6, n=412)"
3035436765780351298,2025-09-30,228029,елизар,Товары для стирки,42029.822,16.5918,10.0,"CombinedScore=16.59; OTS_Z=16.59; COUNT_Z=3.23; daily_ots=42029.8 > thresh=26655.0 (median=3330.8, MAD=1573.2, n=140)"
4188356816114174594,2025-09-30,242139,яндекс,Аудиотехника,54796.925,15.4086,10.0,"CombinedScore=15.41; OTS_Z=15.41; COUNT_Z=2.91; daily_ots=54796.9 > thresh=36944.9 (median=3938.1, MAD=2226.3, n=2495)"
5630182746138349696,2025-09-30,198484,apple iphone,Смартфоны,77748.03,14.9419,10.0,"CombinedScore=14.94; OTS_Z=14.94; COUNT_Z=3.07; daily_ots=77748.0 > thresh=53838.7 (median=5457.4, MAD=3263.3, n=9860)"
6052843423965704632,2025-09-30,217412,sela,Одежда,33138.06,11.595,10.0,"CombinedScore=11.60; OTS_Z=11.60; COUNT_Z=2.79; daily_ots=33138.1 > thresh=29140.2 (median=4075.5, MAD=1690.6, n=362)"
6557248561836698827,2025-09-30,237729,снежная королева,Одежда,21039.89,11.3966,10.0,"CombinedScore=11.40; OTS_Z=11.40; COUNT_Z=3.44; daily_ots=21039.9 > thresh=18830.5 (median=3011.2, MAD=1067.0, n=43)"
6629304165209876323,2025-09-30,204459,estel,Средства для волос,68914.587,22.8667,10.0,"CombinedScore=22.87; OTS_Z=22.87; COUNT_Z=2.56; daily_ots=68914.6 > thresh=32381.2 (median=3987.6, MAD=1915.2, n=471)"
6629304165209876610,2025-09-30,220410,ugoos,Крупная техника,48146.245,26.954,10.0,"CombinedScore=26.95; OTS_Z=26.95; COUNT_Z=3.40; daily_ots=48146.2 > thresh=19331.4 (median=2335.6, MAD=1146.4, n=72)"
6629304165209876826,2025-09-30,198792,art fact,Средства для умывания и ухода за лицом,26013.006,10.1237,10.0,"CombinedScore=10.12; OTS_Z=10.12; COUNT_Z=0.00; daily_ots=26013.0 > thresh=25743.7 (median=3967.9, MAD=1468.8, n=28)"
7576643904375722625,2025-09-30,207286,hisense,Крупная техника,47822.158,15.0984,10.0,"CombinedScore=15.10; OTS_Z=15.10; COUNT_Z=0.59; daily_ots=47822.2 > thresh=33063.7 (median=4116.5, MAD=1952.5, n=262)"
7576643904375722625,2025-09-30,219744,timberland,Обувь,71733.237,13.4565,10.0,"CombinedScore=13.46; OTS_Z=13.46; COUNT_Z=2.26; daily_ots=71733.2 > thresh=54610.2 (median=5072.3, MAD=3341.3, n=106)"
7576643904375722625,2025-09-30,220328,tuvio,Крупная техника,47822.158,16.0823,10.0,"CombinedScore=16.08; OTS_Z=16.08; COUNT_Z=0.96; daily_ots=47822.2 > thresh=31157.3 (median=3758.2, MAD=1848.1, n=153)"
801651201304651908,2025-10-01,203587,dreame,Малая техника,58046.155,13.3756,10.0,"CombinedScore=13.38; OTS_Z=13.38; COUNT_Z=2.07; daily_ots=58046.2 > thresh=44574.9 (median=4666.7, MAD=2691.8, n=509)"
1585271561336799367,2025-10-01,220411,ugreen,Аудиотехника,12764.78,18.4681,10.0,"CombinedScore=18.47; OTS_Z=18.47; COUNT_Z=1.72; daily_ots=12764.8 > thresh=7899.5 (median=2154.1, MAD=387.5, n=16)"
1585271561336804332,2025-10-01,200656,bosch,Крупная техника,47983.418,14.4725,10.0,"CombinedScore=14.47; OTS_Z=14.47; COUNT_Z=10.32; daily_ots=47983.4 > thresh=34353.4 (median=3878.4, MAD=2055.5, n=351)"
1585271561336901830,2025-10-01,238974,tecno spark,Смартфоны,41243.756,11.5488,10.0,"CombinedScore=11.55; OTS_Z=11.55; COUNT_Z=0.89; daily_ots=41243.8 > thresh=36237.5 (median=3913.1, MAD=2180.3, n=1254)"
1585271561337012809,2025-10-01,199661,baxi,Крупная техника,28489.836,11.9894,10.0,"CombinedScore=11.99; OTS_Z=11.99; COUNT_Z=4.35; daily_ots=28489.8 > thresh=24397.7 (median=3828.2, MAD=1387.4, n=116)"
1585271561337021320,2025-10-01,201225,candy,Малая техника,15496.016,12.2287,10.0,"CombinedScore=12.23; OTS_Z=12.23; COUNT_Z=0.81; daily_ots=15496.0 > thresh=13079.6 (median=2237.0, MAD=731.3, n=12)"
1729388589032331985,2025-10-01,201549,cgpods,Аудиотехника,34973.085,12.7027,10.0,"CombinedScore=12.70; OTS_Z=12.70; COUNT_Z=0.00; daily_ots=34973.1 > thresh=28203.5 (median=3156.1, MAD=1689.4, n=21)"
1729388589032331985,2025-10-01,203587,dreame,Малая техника,69946.17,16.3574,10.0,"CombinedScore=16.36; OTS_Z=16.36; COUNT_Z=0.52; daily_ots=69946.2 > thresh=44574.9 (median=4666.7, MAD=2691.8, n=509)"
1729388589032331985,2025-10-01,203755,dyson,Малая техника,34973.085,11.1016,10.0,"CombinedScore=11.10; OTS_Z=11.10; COUNT_Z=0.00; daily_ots=34973.1 > thresh=31873.6 (median=3737.0, MAD=1897.8, n=454)"
3035563848157528640,2025-10-01,281079,samsung galaxy,Смартфоны,47472.891,10.4497,10.0,"CombinedScore=10.45; OTS_Z=10.45; COUNT_Z=1.18; daily_ots=47472.9 > thresh=45631.7 (median=4689.4, MAD=2761.6, n=7433)"
3098483602160404120,2025-10-01,222295,zarina,Одежда,51198.325,23.1529,10.0,"CombinedScore=23.15; OTS_Z=23.15; COUNT_Z=5.77; daily_ots=51198.3 > thresh=24247.9 (median=3757.8, MAD=1382.1, n=477)"
3467784160333701762,2025-10-01,202087,columbia,Одежда,39952.805,18.7725,10.0,"CombinedScore=18.77; OTS_Z=18.77; COUNT_Z=4.83; daily_ots=39952.8 > thresh=22760.1 (median=3161.9, MAD=1321.9, n=144)"
4035232106963127754,2025-10-01,207447,honor,Смартфоны,53720.346,13.3379,10.0,"CombinedScore=13.34; OTS_Z=13.34; COUNT_Z=3.23; daily_ots=53720.3 > thresh=41345.0 (median=4270.0, MAD=2500.7, n=4464)"
4405994693120169024,2025-10-01,207447,honor,Смартфоны,46329.48,11.3444,10.0,"CombinedScore=11.34; OTS_Z=11.34; COUNT_Z=5.82; daily_ots=46329.5 > thresh=41345.0 (median=4270.0, MAD=2500.7, n=4464)"
4548647573216187331,2025-10-01,281079,samsung galaxy,Смартфоны,54397.734,12.1411,10.0,"CombinedScore=12.14; OTS_Z=12.14; COUNT_Z=2.94; daily_ots=54397.7 > thresh=45631.7 (median=4689.4, MAD=2761.6, n=7433)"
5991482593310920128,2025-10-01,214544,pampers,Подгузники,41653.932,12.0657,10.0,"CombinedScore=12.07; OTS_Z=12.07; COUNT_Z=1.45; daily_ots=41653.9 > thresh=35283.4 (median=4444.3, MAD=2080.1, n=985)"
6196958805535046283,2025-10-01,222481,zolla,Одежда,31663.359,10.2495,10.0,"CombinedScore=10.25; OTS_Z=10.25; COUNT_Z=0.00; daily_ots=31663.4 > thresh=30990.5 (median=4019.3, MAD=1819.2, n=635)"
6278735978234865280,2025-10-01,221942,xiaomi,Смартфоны,43940.445,11.2209,10.0,"CombinedScore=11.22; OTS_Z=11.22; COUNT_Z=1.42; daily_ots=43940.4 > thresh=39628.5 (median=4310.7, MAD=2382.2, n=3163)"
6341074104264853846,2025-10-01,224020,atlant (бытовая техника),Крупная техника,107994.115,38.1507,10.0,"CombinedScore=38.15; OTS_Z=38.15; COUNT_Z=3.46; daily_ots=107994.1 > thresh=31022.1 (median=3679.2, MAD=1844.3, n=361)"
7504138102408131905,2025-10-01,230759,ласка,Товары для стирки,51779.08,19.8847,10.0,"CombinedScore=19.88; OTS_Z=19.88; COUNT_Z=1.51; daily_ots=51779.1 > thresh=27885.8 (median=3713.9, MAD=1630.4, n=267)"
7576643904375722625,2025-10-01,217082,samsung,Крупная техника,46068.334,15.3979,10.0,"CombinedScore=15.40; OTS_Z=15.40; COUNT_Z=1.12; daily_ots=46068.3 > thresh=31154.3 (median=3524.9, MAD=1863.6, n=1271)"
7576643904375722625,2025-10-01,220042,toshiba,Крупная техника,69102.501,30.4767,10.0,"CombinedScore=30.48; OTS_Z=30.48; COUNT_Z=2.35; daily_ots=69102.5 > thresh=24995.9 (median=3456.0, MAD=1452.9, n=137)"
7576643904375722625,2025-10-01,242139,яндекс,Крупная техника,115170.835,41.4115,10.0,"CombinedScore=41.41; OTS_Z=41.41; COUNT_Z=4.64; daily_ots=115170.8 > thresh=30553.4 (median=3615.0, MAD=1817.0, n=311)"
1008813765626946051,2025-10-02,207543,huawei,Смартфоны,44514.776,13.1481,10.0,"CombinedScore=13.15; OTS_Z=13.15; COUNT_Z=2.28; daily_ots=44514.8 > thresh=34773.1 (median=3828.5, MAD=2087.2, n=1984)"
1585271561336609638,2025-10-02,211631,mayoral,Детские одежда и обувь,3725.243,17.4585,10.0,"CombinedScore=17.46; OTS_Z=17.46; COUNT_Z=0.00; daily_ots=3725.2 > thresh=2819.5 (median=1605.2, MAD=81.9, n=17)"
1585271561336914069,2025-10-02,207447,honor,Смартфоны,151394.144,39.6829,10.0,"CombinedScore=39.68; OTS_Z=39.68; COUNT_Z=9.69; daily_ots=151394.1 > thresh=41345.0 (median=4270.0, MAD=2500.7, n=4464)"
1585271561336996560,2025-10-02,199661,baxi,Крупная техника,31429.372,13.4185,10.0,"CombinedScore=13.42; OTS_Z=13.42; COUNT_Z=2.61; daily_ots=31429.4 > thresh=24397.7 (median=3828.2, MAD=1387.4, n=116)"
2098689923357003649,2025-10-02,210662,lonsdale,Одежда,76881.249,40.2138,10.0,"CombinedScore=40.21; OTS_Z=40.21; COUNT_Z=1.51; daily_ots=76881.2 > thresh=21371.2 (median=2998.7, MAD=1239.2, n=85)"
2314863075954556928,2025-10-02,222393,zewa,Туалетная бумага,34687.218,12.4125,10.0,"CombinedScore=12.41; OTS_Z=12.41; COUNT_Z=2.81; daily_ots=34687.2 > thresh=28681.8 (median=3788.7, MAD=1679.0, n=249)"
4107288419676846176,2025-10-02,242139,яндекс,Аудиотехника,117100.92,34.2847,10.0,"CombinedScore=34.28; OTS_Z=34.28; COUNT_Z=2.91; daily_ots=117100.9 > thresh=36944.9 (median=3938.1, MAD=2226.3, n=2495)"
4764817325728908033,2025-10-02,214142,oneplus,Смартфоны,56202.564,14.142,10.0,"CombinedScore=14.14; OTS_Z=14.14; COUNT_Z=1.24; daily_ots=56202.6 > thresh=41004.4 (median=4311.5, MAD=2474.9, n=851)"
5332267584642577413,2025-10-02,216182,redmond (бытовая техника),Малая техника,35350.848,13.0477,10.0,"CombinedScore=13.05; OTS_Z=13.05; COUNT_Z=1.03; daily_ots=35350.8 > thresh=27895.2 (median=3431.8, MAD=1650.1, n=550)"
6133915001473537600,2025-10-02,238974,tecno spark,Смартфоны,42411.6,11.91,10.0,"CombinedScore=11.91; OTS_Z=11.91; COUNT_Z=5.34; daily_ots=42411.6 > thresh=36237.5 (median=3913.1, MAD=2180.3, n=1254)"
6629304165209878917,2025-10-02,221942,xiaomi,Смартфоны,58242.86,15.2705,10.0,"CombinedScore=15.27; OTS_Z=15.27; COUNT_Z=17.78; daily_ots=58242.9 > thresh=39628.5 (median=4310.7, MAD=2382.2, n=3163)"
6638317131229860104,2025-10-02,217412,sela,Детские одежда и обувь,45652.582,17.8648,10.0,"CombinedScore=17.86; OTS_Z=17.86; COUNT_Z=1.06; daily_ots=45652.6 > thresh=27172.4 (median=3675.3, MAD=1584.9, n=94)"
6710375698481685377,2025-10-02,221032,victorias secret,Одежда,55103.268,15.2873,10.0,"CombinedScore=15.29; OTS_Z=15.29; COUNT_Z=6.92; daily_ots=55103.3 > thresh=37724.2 (median=4854.6, MAD=2217.1, n=100)"
8872102004503143591,2025-10-02,216181,redmi,Аудиотехника,53106.566,13.3977,10.0,"CombinedScore=13.40; OTS_Z=13.40; COUNT_Z=1.01; daily_ots=53106.6 > thresh=40640.2 (median=3949.8, MAD=2474.8, n=203)"
1585271561336806904,2025-10-03,217930,skechers,Обувь,29857.944,11.1769,10.0,"CombinedScore=11.18; OTS_Z=11.18; COUNT_Z=5.75; daily_ots=29857.9 > thresh=27055.5 (median=3243.9, MAD=1606.1, n=73)"
1585271561336824147,2025-10-03,221229,vivo (электроника),Смартфоны,55339.632,12.5553,10.0,"CombinedScore=12.56; OTS_Z=12.56; COUNT_Z=5.46; daily_ots=55339.6 > thresh=45028.8 (median=4677.5, MAD=2721.7, n=1154)"
1585271561336934307,2025-10-03,198484,apple iphone,Смартфоны,104128.929,20.3946,10.0,"CombinedScore=20.39; OTS_Z=20.39; COUNT_Z=1.23; daily_ots=104128.9 > thresh=53838.7 (median=5457.4, MAD=3263.3, n=9860)"
1585271561336944162,2025-10-03,208807,karcher,Малая техника,38055.76,11.2193,10.0,"CombinedScore=11.22; OTS_Z=11.22; COUNT_Z=7.26; daily_ots=38055.8 > thresh=34348.3 (median=3941.5, MAD=2050.9, n=479)"
1585271561337050448,2025-10-03,206416,gorenje,Крупная техника,37776.96,12.7106,10.0,"CombinedScore=12.71; OTS_Z=12.71; COUNT_Z=3.22; daily_ots=37777.0 > thresh=30537.5 (median=3829.3, MAD=1801.5, n=318)"
2098689923357003649,2025-10-03,197627,adidas,Одежда,78249.141,21.8439,10.0,"CombinedScore=21.84; OTS_Z=21.84; COUNT_Z=1.11; daily_ots=78249.1 > thresh=38075.3 (median=4156.0, MAD=2287.9, n=697)"
2604256311380796096,2025-10-03,204179,elseve,Средства для волос,40768.184,10.7917,10.0,"CombinedScore=10.79; OTS_Z=10.79; COUNT_Z=3.14; daily_ots=40768.2 > thresh=38109.4 (median=4526.1, MAD=2265.2, n=160)"
3972187335165675456,2025-10-03,198484,apple iphone,Смартфоны,79010.601,15.2028,10.0,"CombinedScore=15.20; OTS_Z=15.20; COUNT_Z=1.23; daily_ots=79010.6 > thresh=53838.7 (median=5457.4, MAD=3263.3, n=9860)"
6629304165209878003,2025-10-03,281079,samsung galaxy,Смартфоны,56221.725,12.5866,10.0,"CombinedScore=12.59; OTS_Z=12.59; COUNT_Z=2.36; daily_ots=56221.7 > thresh=45631.7 (median=4689.4, MAD=2761.6, n=7433)"
6917536153237305201,2025-10-03,198484,apple iphone,Смартфоны,84111.992,16.2572,10.0,"CombinedScore=16.26; OTS_Z=16.26; COUNT_Z=4.29; daily_ots=84112.0 > thresh=53838.7 (median=5457.4, MAD=3263.3, n=9860)"
6927737971451443776,2025-10-03,197627,adidas,Одежда,113840.426,32.3369,10.0,"CombinedScore=32.34; OTS_Z=32.34; COUNT_Z=3.32; daily_ots=113840.4 > thresh=38075.3 (median=4156.0, MAD=2287.9, n=697)"
6927737971451443776,2025-10-03,197627,adidas,Обувь,65051.672,20.5824,10.0,"CombinedScore=20.58; OTS_Z=20.58; COUNT_Z=2.03; daily_ots=65051.7 > thresh=33583.1 (median=3846.3, MAD=2005.7, n=1525)"
7349882510985507136,2025-10-03,216161,red solution,Малая техника,31224.936,10.3377,10.0,"CombinedScore=10.34; OTS_Z=10.34; COUNT_Z=5.35; daily_ots=31224.9 > thresh=30322.4 (median=3595.2, MAD=1802.7, n=112)"
7854284809238590800,2025-10-03,207447,honor,Смартфоны,51559.708,12.7552,10.0,"CombinedScore=12.76; OTS_Z=12.76; COUNT_Z=0.65; daily_ots=51559.7 > thresh=41345.0 (median=4270.0, MAD=2500.7, n=4464)"
8295642745197945921,2025-10-03,242139,яндекс,Аудиотехника,51369.39,14.3702,10.0,"CombinedScore=14.37; OTS_Z=14.37; COUNT_Z=6.55; daily_ots=51369.4 > thresh=36944.9 (median=3938.1, MAD=2226.3, n=2495)"
8430745724812681766,2025-10-03,208828,karmy,Корм для кошек,19570.779,34.9492,10.0,"CombinedScore=34.95; OTS_Z=34.95; COUNT_Z=0.00; daily_ots=19570.8 > thresh=6954.3 (median=1897.4, MAD=341.1, n=56)"
9089387014824778048,2025-10-03,214036,ollin,Средства для волос,53046.411,13.5459,10.0,"CombinedScore=13.55; OTS_Z=13.55; COUNT_Z=3.11; daily_ots=53046.4 > thresh=40323.6 (median=4443.3, MAD=2420.1, n=304)"
1585271561337034979,2025-10-04,281079,samsung galaxy,Смартфоны,46515.372,10.2158,10.0,"CombinedScore=10.22; OTS_Z=10.22; COUNT_Z=1.18; daily_ots=46515.4 > thresh=45631.7 (median=4689.4, MAD=2761.6, n=7433)"
3251612439879604416,2025-10-04,197869,alaska (одежда),Одежда,52373.976,21.3943,10.0,"CombinedScore=21.39; OTS_Z=21.39; COUNT_Z=2.44; daily_ots=52374.0 > thresh=26166.6 (median=3166.2, MAD=1551.4, n=133)"
3901231049869308352,2025-10-04,215722,puma,Обувь,44157.268,10.2654,10.0,"CombinedScore=10.27; OTS_Z=10.27; COUNT_Z=3.34; daily_ots=44157.3 > thresh=43131.7 (median=4493.6, MAD=2606.1, n=408)"
4116604167249567488,2025-10-04,217082,samsung,Малая техника,38139.735,11.7451,10.0,"CombinedScore=11.75; OTS_Z=11.75; COUNT_Z=4.01; daily_ots=38139.7 > thresh=33029.7 (median=3746.9, MAD=1975.1, n=205)"
4260570098204493121,2025-10-04,208796,kappa,Одежда,46534.413,13.8333,10.0,"CombinedScore=13.83; OTS_Z=13.83; COUNT_Z=1.71; daily_ots=46534.4 > thresh=34742.7 (median=3981.8, MAD=2074.8, n=159)"
4764817325728903361,2025-10-04,217050,salomon,Обувь,70656.831,24.0121,10.0,"CombinedScore=24.01; OTS_Z=24.01; COUNT_Z=2.40; daily_ots=70656.8 > thresh=31585.9 (median=3702.3, MAD=1880.8, n=169)"
6341074104264855803,2025-10-04,213658,nordman,Детские одежда и обувь,32039.322,11.8207,10.0,"CombinedScore=11.82; OTS_Z=11.82; COUNT_Z=3.06; daily_ots=32039.3 > thresh=27634.2 (median=3439.5, MAD=1631.9, n=84)"
6341074104264855981,2025-10-04,199520,baon,Одежда,31760.072,10.2482,10.0,"CombinedScore=10.25; OTS_Z=10.25; COUNT_Z=1.29; daily_ots=31760.1 > thresh=31090.1 (median=4093.1, MAD=1820.9, n=56)"
6999901611225248000,2025-10-04,222295,zarina,Одежда,24387.31,10.068,10.0,"CombinedScore=10.07; OTS_Z=10.07; COUNT_Z=1.44; daily_ots=24387.3 > thresh=24247.9 (median=3757.8, MAD=1382.1, n=477)"
7286836340193224256,2025-10-04,210662,lonsdale,Одежда,24772.944,11.8516,10.0,"CombinedScore=11.85; OTS_Z=11.85; COUNT_Z=3.77; daily_ots=24772.9 > thresh=21371.2 (median=2998.7, MAD=1239.2, n=85)"
7720073494878998464,2025-10-04,207447,honor,Смартфоны,42803.481,10.3934,10.0,"CombinedScore=10.39; OTS_Z=10.39; COUNT_Z=3.88; daily_ots=42803.5 > thresh=41345.0 (median=4270.0, MAD=2500.7, n=4464)"
8151526484379737797,2025-10-04,204705,f,Смартфоны,22380.906,12.9937,10.0,"CombinedScore=12.99; OTS_Z=12.99; COUNT_Z=3.48; daily_ots=22380.9 > thresh=17811.2 (median=2546.5, MAD=1029.6, n=11)"
8214571128982578588,2025-10-04,207447,honor,Смарт-часы и браслеты,112017.339,34.8862,10.0,"CombinedScore=34.89; OTS_Z=34.89; COUNT_Z=5.43; daily_ots=112017.3 > thresh=34879.9 (median=3883.9, MAD=2090.7, n=255)"
8214571128982578588,2025-10-04,207543,huawei,Смарт-часы и браслеты,48007.431,13.4743,10.0,"CombinedScore=13.47; OTS_Z=13.47; COUNT_Z=1.38; daily_ots=48007.4 > thresh=36711.3 (median=4198.1, MAD=2193.0, n=956)"
8214571128982578588,2025-10-04,221229,vivo (электроника),Аудиотехника,32004.954,10.5996,10.0,"CombinedScore=10.60; OTS_Z=10.60; COUNT_Z=0.97; daily_ots=32005.0 > thresh=30450.6 (median=4527.9, MAD=1748.5, n=17)"
8358687489347898503,2025-10-04,221942,xiaomi,Смартфоны,122971.167,33.598,10.0,"CombinedScore=33.60; OTS_Z=33.60; COUNT_Z=5.69; daily_ots=122971.2 > thresh=39628.5 (median=4310.7, MAD=2382.2, n=3163)"
8872102004503143591,2025-10-04,215234,poco,Смартфоны,53818.12,12.7317,10.0,"CombinedScore=12.73; OTS_Z=12.73; COUNT_Z=0.57; daily_ots=53818.1 > thresh=43228.0 (median=4459.8, MAD=2614.9, n=3221)"
9910175246783616,2025-10-05,213872,oshade,Обувь,42319.392,16.1245,10.0,"CombinedScore=16.12; OTS_Z=16.12; COUNT_Z=4.32; daily_ots=42319.4 > thresh=27663.8 (median=3734.3, MAD=1614.0, n=183)"
1306110973670995840,2025-10-05,221229,vivo (электроника),Смартфоны,45702.96,10.1671,10.0,"CombinedScore=10.17; OTS_Z=10.17; COUNT_Z=3.12; daily_ots=45703.0 > thresh=45028.8 (median=4677.5, MAD=2721.7, n=1154)"
1585271561336833657,2025-10-05,202932,demix,Детские одежда и обувь,10903.706,14.5575,10.0,"CombinedScore=14.56; OTS_Z=14.56; COUNT_Z=2.68; daily_ots=10903.7 > thresh=8066.3 (median=1840.7, MAD=419.9, n=12)"
1585271561336892349,2025-10-05,199661,baxi,Крупная техника,27196.424,11.3606,10.0,"CombinedScore=11.36; OTS_Z=11.36; COUNT_Z=6.09; daily_ots=27196.4 > thresh=24397.7 (median=3828.2, MAD=1387.4, n=116)"
1585271561337034979,2025-10-05,217763,siemens,Крупная техника,36519.98,22.2091,10.0,"CombinedScore=22.21; OTS_Z=22.21; COUNT_Z=1.00; daily_ots=36520.0 > thresh=18149.8 (median=3103.4, MAD=1014.9, n=51)"
1585271561337051847,2025-10-05,216798,royal canin,Корм для кошек,67011.056,26.0152,10.0,"CombinedScore=26.02; OTS_Z=26.02; COUNT_Z=4.16; daily_ots=67011.1 > thresh=27911.2 (median=3497.0, MAD=1646.7, n=527)"
1666343015431464640,2025-10-05,207543,huawei,Смартфоны,64141.287,19.4906,10.0,"CombinedScore=19.49; OTS_Z=19.49; COUNT_Z=1.52; daily_ots=64141.3 > thresh=34773.1 (median=3828.5, MAD=2087.2, n=1984)"
3251612439879604416,2025-10-05,198484,apple iphone,Смартфоны,132322.625,26.222,10.0,"CombinedScore=26.22; OTS_Z=26.22; COUNT_Z=2.45; daily_ots=132322.6 > thresh=53838.7 (median=5457.4, MAD=3263.3, n=9860)"
3251612439879604416,2025-10-05,201007,burberry,Одежда,52929.05,18.3223,10.0,"CombinedScore=18.32; OTS_Z=18.32; COUNT_Z=1.23; daily_ots=52929.1 > thresh=30467.1 (median=3477.0, MAD=1820.5, n=77)"
3467783911479848960,2025-10-05,204933,felix (корм),Корм для кошек,52929.05,21.077,10.0,"CombinedScore=21.08; OTS_Z=21.08; COUNT_Z=1.35; daily_ots=52929.1 > thresh=26882.5 (median=3368.5, MAD=1586.0, n=725)"
3747000630363940378,2025-10-05,198484,apple iphone,Смартфоны,192249.379,38.6083,10.0,"CombinedScore=38.61; OTS_Z=38.61; COUNT_Z=9.81; daily_ots=192249.4 > thresh=53838.7 (median=5457.4, MAD=3263.3, n=9860)"
3891115984388077643,2025-10-05,198504,apple watch,Смарт-часы и браслеты,32237.11,10.0817,10.0,"CombinedScore=10.08; OTS_Z=10.08; COUNT_Z=1.03; daily_ots=32237.1 > thresh=32006.2 (median=3753.9, MAD=1905.6, n=323)"
4116339792266941760,2025-10-05,198484,apple iphone,Смартфоны,59217.665,11.1118,10.0,"CombinedScore=11.11; OTS_Z=11.11; COUNT_Z=2.45; daily_ots=59217.7 > thresh=53838.7 (median=5457.4, MAD=3263.3, n=9860)"
4116348389294694784,2025-10-05,311362,tecno pova,Смартфоны,52929.05,14.811,10.0,"CombinedScore=14.81; OTS_Z=14.81; COUNT_Z=0.87; daily_ots=52929.1 > thresh=37011.2 (median=3924.7, MAD=2231.7, n=1104)"
4332819951031581440,2025-10-05,198484,apple iphone,Смартфоны,72378.75,13.8321,10.0,"CombinedScore=13.83; OTS_Z=13.83; COUNT_Z=1.23; daily_ots=72378.8 > thresh=53838.7 (median=5457.4, MAD=3263.3, n=9860)"
5116096277414530917,2025-10-05,206402,google pixel,Смартфоны,47596.024,10.0638,10.0,"CombinedScore=10.06; OTS_Z=10.06; COUNT_Z=4.60; daily_ots=47596.0 > thresh=47325.1 (median=4843.7, MAD=2865.4, n=681)"
6206643039465930496,2025-10-05,208796,kappa,Одежда,48402.952,14.4408,10.0,"CombinedScore=14.44; OTS_Z=14.44; COUNT_Z=2.56; daily_ots=48403.0 > thresh=34742.7 (median=3981.8, MAD=2074.8, n=159)"
6341074104264855487,2025-10-05,238974,tecno spark,Смартфоны,37727.1,10.4608,10.0,"CombinedScore=10.46; OTS_Z=10.46; COUNT_Z=1.78; daily_ots=37727.1 > thresh=36237.5 (median=3913.1, MAD=2180.3, n=1254)"
6341075541957838402,2025-10-05,198484,apple iphone,Смартфоны,74967.718,14.3672,10.0,"CombinedScore=14.37; OTS_Z=14.37; COUNT_Z=3.68; daily_ots=74967.7 > thresh=53838.7 (median=5457.4, MAD=3263.3, n=9860)"
6629304165209878779,2025-10-05,205948,gefest (бытовая техника),Крупная техника,40231.21,11.4763,10.0,"CombinedScore=11.48; OTS_Z=11.48; COUNT_Z=6.25; daily_ots=40231.2 > thresh=35543.9 (median=3794.3, MAD=2141.5, n=302)"
7576643904375722625,2025-10-05,221942,xiaomi,Смарт-часы и браслеты,116237.424,34.709,10.0,"CombinedScore=34.71; OTS_Z=34.71; COUNT_Z=3.94; daily_ots=116237.4 > thresh=36417.1 (median=4113.1, MAD=2178.9, n=862)"
7926341023773843088,2025-10-05,211419,marshall (электроника),Аудиотехника,54045.189,12.4525,10.0,"CombinedScore=12.45; OTS_Z=12.45; COUNT_Z=1.92; daily_ots=54045.2 > thresh=44253.0 (median=4326.2, MAD=2693.1, n=199)"
8728923753167630016,2025-10-05,210729,louis vuitton,Обувь,18483.817,30.9933,10.0,"CombinedScore=30.99; OTS_Z=30.99; COUNT_Z=5.10; daily_ots=18483.8 > thresh=7034.5 (median=1580.7, MAD=367.9, n=25)"
8872102004503143591,2025-10-05,206402,google pixel,Смартфоны,107521.54,24.1701,10.0,"CombinedScore=24.17; OTS_Z=24.17; COUNT_Z=1.97; daily_ots=107521.5 > thresh=47325.1 (median=4843.7, MAD=2865.4, n=681)"
8872102004503143591,2025-10-05,207543,huawei,Смарт-часы и браслеты,80641.155,23.5114,10.0,"CombinedScore=23.51; OTS_Z=23.51; COUNT_Z=1.38; daily_ots=80641.2 > thresh=36711.3 (median=4198.1, MAD=2193.0, n=956)"
8872102004503143591,2025-10-05,221942,xiaomi,Смартфоны,80641.155,21.6125,10.0,"CombinedScore=21.61; OTS_Z=21.61; COUNT_Z=1.42; daily_ots=80641.2 > thresh=39628.5 (median=4310.7, MAD=2382.2, n=3163)"
8872102004503143591,2025-10-05,281079,samsung galaxy,Смартфоны,80641.155,18.5509,10.0,"CombinedScore=18.55; OTS_Z=18.55; COUNT_Z=1.18; daily_ots=80641.2 > thresh=45631.7 (median=4689.4, MAD=2761.6, n=7433)"
504410216844887574,2025-10-06,201581,chappi,Корм для собак,52329.88,21.6606,10.0,"CombinedScore=21.66; OTS_Z=21.66; COUNT_Z=1.48; daily_ots=52329.9 > thresh=26127.8 (median=3657.2, MAD=1515.6, n=141)"
1585271561336667188,2025-10-06,204933,felix (корм),Корм для кошек,37842.081,14.6609,10.0,"CombinedScore=14.66; OTS_Z=14.66; COUNT_Z=2.71; daily_ots=37842.1 > thresh=26882.5 (median=3368.5, MAD=1586.0, n=725)"
1585271561336717470,2025-10-06,202042,colgate,Уход за полостью рта,24060.296,11.0894,10.0,"CombinedScore=11.09; OTS_Z=11.09; COUNT_Z=1.70; daily_ots=24060.3 > thresh=21974.8 (median=2831.9, MAD=1291.2, n=132)"
1585271561336747433,2025-10-06,214407,outventure,Одежда,26474.8,11.709,10.0,"CombinedScore=11.71; OTS_Z=11.71; COUNT_Z=6.47; daily_ots=26474.8 > thresh=23103.2 (median=3374.2, MAD=1330.7, n=124)"
1585271561337007884,2025-10-06,218635,starwind,Крупная техника,23540.022,12.1109,10.0,"CombinedScore=12.11; OTS_Z=12.11; COUNT_Z=1.92; daily_ots=23540.0 > thresh=20014.8 (median=3314.9, MAD=1126.4, n=18)"
1585271561337054434,2025-10-06,213486,nikon,Малая техника,53962.106,10.6051,10.0,"CombinedScore=10.61; OTS_Z=10.61; COUNT_Z=6.07; daily_ots=53962.1 > thresh=51185.6 (median=5298.1, MAD=3095.1, n=416)"
3467783911479848960,2025-10-06,219709,tide,Товары для стирки,47813.658,20.2663,10.0,"CombinedScore=20.27; OTS_Z=20.27; COUNT_Z=2.94; daily_ots=47813.7 > thresh=25350.0 (median=3469.1, MAD=1475.9, n=233)"
3747001515156930818,2025-10-06,213486,nikon,Малая техника,73658.025,14.8973,10.0,"CombinedScore=14.90; OTS_Z=14.90; COUNT_Z=2.02; daily_ots=73658.0 > thresh=51185.6 (median=5298.1, MAD=3095.1, n=416)"
4035232106963127754,2025-10-06,207447,honor,Смартфоны,46595.085,11.4161,10.0,"CombinedScore=11.42; OTS_Z=11.42; COUNT_Z=2.59; daily_ots=46595.1 > thresh=41345.0 (median=4270.0, MAD=2500.7, n=4464)"
4179348185308884928,2025-10-06,221942,xiaomi,Смарт-часы и браслеты,86243.64,25.4242,10.0,"CombinedScore=25.42; OTS_Z=25.42; COUNT_Z=7.09; daily_ots=86243.6 > thresh=36417.1 (median=4113.1, MAD=2178.9, n=862)"
4611692333961081287,2025-10-06,200894,brother,Малая техника,36405.558,17.3434,10.0,"CombinedScore=17.34; OTS_Z=17.34; COUNT_Z=5.02; daily_ots=36405.6 > thresh=22519.3 (median=3609.4, MAD=1275.5, n=26)"
4692759896965140290,2025-10-06,214973,philips,Малая техника,111220.648,27.2508,10.0,"CombinedScore=27.25; OTS_Z=27.25; COUNT_Z=7.34; daily_ots=111220.6 > thresh=43979.5 (median=5000.9, MAD=2629.1, n=702)"
4694401212316192064,2025-10-06,198484,apple iphone,Смартфоны,73120.421,13.9854,10.0,"CombinedScore=13.99; OTS_Z=13.99; COUNT_Z=0.00; daily_ots=73120.4 > thresh=53838.7 (median=5457.4, MAD=3263.3, n=9860)"
4764817325728903361,2025-10-06,207563,hugo boss,Одежда,47049.642,16.5065,10.0,"CombinedScore=16.51; OTS_Z=16.51; COUNT_Z=1.58; daily_ots=47049.6 > thresh=29804.3 (median=3299.4, MAD=1787.8, n=53)"
4764817325728903361,2025-10-06,210662,lonsdale,Одежда,23524.821,11.1722,10.0,"CombinedScore=11.17; OTS_Z=11.17; COUNT_Z=0.00; daily_ots=23524.8 > thresh=21371.2 (median=2998.7, MAD=1239.2, n=85)"
6061859049728065089,2025-10-06,198484,apple iphone,Смартфоны,141016.65,28.019,10.0,"CombinedScore=28.02; OTS_Z=28.02; COUNT_Z=8.59; daily_ots=141016.7 > thresh=53838.7 (median=5457.4, MAD=3263.3, n=9860)"
6196958805535046283,2025-10-06,222295,zarina,Одежда,67684.876,31.199,10.0,"CombinedScore=31.20; OTS_Z=31.20; COUNT_Z=1.44; daily_ots=67684.9 > thresh=24247.9 (median=3757.8, MAD=1382.1, n=477)"
6278112036238381505,2025-10-06,214718,patrol,Обувь,19967.066,11.212,10.0,"CombinedScore=11.21; OTS_Z=11.21; COUNT_Z=3.18; daily_ots=19967.1 > thresh=18146.9 (median=3129.8, MAD=1012.9, n=54)"
6278112036238381505,2025-10-06,239221,тофа,Обувь,19967.066,18.6178,10.0,"CombinedScore=18.62; OTS_Z=18.62; COUNT_Z=2.59; daily_ots=19967.1 > thresh=12020.0 (median=2798.4, MAD=622.0, n=33)"
6629304165209877241,2025-10-06,220077,tox,Крупная техника,39249.056,18.9251,10.0,"CombinedScore=18.93; OTS_Z=18.93; COUNT_Z=1.83; daily_ots=39249.1 > thresh=22290.5 (median=3289.6, MAD=1281.6, n=19)"
6629304165209877241,2025-10-06,220410,ugoos,Крупная техника,19624.528,10.1724,10.0,"CombinedScore=10.17; OTS_Z=10.17; COUNT_Z=0.00; daily_ots=19624.5 > thresh=19331.4 (median=2335.6, MAD=1146.4, n=72)"
8872102004503143591,2025-10-06,206402,google pixel,Смартфоны,54953.466,11.7957,10.0,"CombinedScore=11.80; OTS_Z=11.80; COUNT_Z=0.66; daily_ots=54953.5 > thresh=47325.1 (median=4843.7, MAD=2865.4, n=681)"
1585271561336660770,2025-10-07,199911,belwest,Обувь,21163.984,12.9194,10.0,"CombinedScore=12.92; OTS_Z=12.92; COUNT_Z=8.34; daily_ots=21164.0 > thresh=16884.8 (median=2227.2, MAD=988.7, n=124)"
1585271561336915000,2025-10-07,213474,nike,Обувь,78602.364,19.806,10.0,"CombinedScore=19.81; OTS_Z=19.81; COUNT_Z=1.20; daily_ots=78602.4 > thresh=41879.1 (median=4429.4, MAD=2526.0, n=1795)"
1585271561336979665,2025-10-07,213686,northland,Обувь,25216.616,27.3392,10.0,"CombinedScore=27.34; OTS_Z=27.34; COUNT_Z=4.98; daily_ots=25216.6 > thresh=10507.3 (median=2024.0, MAD=572.2, n=35)"
1585271561337052322,2025-10-07,219341,technics,Аудиотехника,23312.444,21.5328,10.0,"CombinedScore=21.53; OTS_Z=21.53; COUNT_Z=1.78; daily_ots=23312.4 > thresh=12047.5 (median=2279.7, MAD=658.8, n=55)"
2820174742291047296,2025-10-07,281079,samsung galaxy,Смартфоны,82646.712,19.0408,10.0,"CombinedScore=19.04; OTS_Z=19.04; COUNT_Z=1.77; daily_ots=82646.7 > thresh=45631.7 (median=4689.4, MAD=2761.6, n=7433)"
3458771820566641206,2025-10-07,207655,hyundai,Малая техника,52401.576,13.4205,10.0,"CombinedScore=13.42; OTS_Z=13.42; COUNT_Z=1.31; daily_ots=52401.6 > thresh=40095.8 (median=4119.2, MAD=2426.6, n=54)"
3757741567770869504,2025-10-07,215274,polaris (бытовая техника),Малая техника,34099.686,10.3197,10.0,"CombinedScore=10.32; OTS_Z=10.32; COUNT_Z=8.09; daily_ots=34099.7 > thresh=33163.6 (median=3887.0, MAD=1974.7, n=593)"
4035232106963127754,2025-10-07,207447,honor,Смартфоны,56352.258,14.0478,10.0,"CombinedScore=14.05; OTS_Z=14.05; COUNT_Z=3.23; daily_ots=56352.3 > thresh=41345.0 (median=4270.0, MAD=2500.7, n=4464)"
4107288419676846085,2025-10-07,213486,nikon,Малая техника,142549.214,29.9103,10.0,"CombinedScore=29.91; OTS_Z=29.91; COUNT_Z=0.00; daily_ots=142549.2 > thresh=51185.6 (median=5298.1, MAD=3095.1, n=416)"
4179348185308884928,2025-10-07,221942,xiaomi,Смарт-часы и браслеты,44333.265,12.4505,10.0,"CombinedScore=12.45; OTS_Z=12.45; COUNT_Z=3.15; daily_ots=44333.3 > thresh=36417.1 (median=4113.1, MAD=2178.9, n=862)"
4755806029018135186,2025-10-07,216800,royal clima,Малая техника,139637.966,37.1537,10.0,"CombinedScore=37.15; OTS_Z=37.15; COUNT_Z=3.77; daily_ots=139638.0 > thresh=40170.7 (median=3539.5, MAD=2470.8, n=13)"
4899922101829706304,2025-10-07,221942,xiaomi,Крупная техника,35440.236,11.1475,10.0,"CombinedScore=11.15; OTS_Z=11.15; COUNT_Z=0.99; daily_ots=35440.2 > thresh=32179.4 (median=3762.4, MAD=1916.7, n=413)"
5341280786910604865,2025-10-07,307401,ulefone,Смартфоны,41790.082,12.1947,10.0,"CombinedScore=12.19; OTS_Z=12.19; COUNT_Z=0.75; daily_ots=41790.1 > thresh=35050.8 (median=4343.1, MAD=2071.2, n=106)"
6052843423965704501,2025-10-07,233149,нанопятки,Товары для ухода за телом,21717.498,10.6781,10.0,"CombinedScore=10.68; OTS_Z=10.68; COUNT_Z=4.73; daily_ots=21717.5 > thresh=20516.3 (median=2803.5, MAD=1194.7, n=26)"
6629304165209877571,2025-10-07,202964,denon,Аудиотехника,54604.227,14.8909,10.0,"CombinedScore=14.89; OTS_Z=14.89; COUNT_Z=1.52; daily_ots=54604.2 > thresh=37875.7 (median=3672.4, MAD=2307.0, n=46)"
6629304165209877571,2025-10-07,219341,technics,Аудиотехника,36402.818,34.9344,10.0,"CombinedScore=34.93; OTS_Z=34.93; COUNT_Z=1.78; daily_ots=36402.8 > thresh=12047.5 (median=2279.7, MAD=658.8, n=55)"
7791241212634245504,2025-10-07,281079,samsung galaxy,Смартфоны,52401.576,11.6535,10.0,"CombinedScore=11.65; OTS_Z=11.65; COUNT_Z=0.59; daily_ots=52401.6 > thresh=45631.7 (median=4689.4, MAD=2761.6, n=7433)"
8872102004503143591,2025-10-07,206402,google pixel,Смартфоны,94081.017,21.0062,10.0,"CombinedScore=21.01; OTS_Z=21.01; COUNT_Z=1.31; daily_ots=94081.0 > thresh=47325.1 (median=4843.7, MAD=2865.4, n=681)"
8872102004503143591,2025-10-07,207543,huawei,Смартфоны,62720.678,19.0315,10.0,"CombinedScore=19.03; OTS_Z=19.03; COUNT_Z=0.76; daily_ots=62720.7 > thresh=34773.1 (median=3828.5, MAD=2087.2, n=1984)"
8935147025123496452,2025-10-07,206519,grass,Универсальные чистящие средства,40158.496,14.0043,10.0,"CombinedScore=14.00; OTS_Z=14.00; COUNT_Z=1.69; daily_ots=40158.5 > thresh=29722.7 (median=3660.9, MAD=1757.9, n=602)"
369305764258770368,2025-10-08,242139,яндекс,Аудиотехника,78406.536,22.5616,10.0,"CombinedScore=22.56; OTS_Z=22.56; COUNT_Z=2.18; daily_ots=78406.5 > thresh=36944.9 (median=3938.1, MAD=2226.3, n=2495)"
1585271561336714584,2025-10-08,204539,eva,Детские одежда и обувь,22327.776,10.2534,10.0,"CombinedScore=10.25; OTS_Z=10.25; COUNT_Z=1.30; daily_ots=22327.8 > thresh=21864.7 (median=3593.3, MAD=1232.4, n=39)"
1585271561336901830,2025-10-08,238974,tecno spark,Смартфоны,85262.692,25.1666,10.0,"CombinedScore=25.17; OTS_Z=25.17; COUNT_Z=2.67; daily_ots=85262.7 > thresh=36237.5 (median=3913.1, MAD=2180.3, n=1254)"
1585271561336970129,2025-10-08,213565,nivea,Средства для волос,8180.034,13.1951,10.0,"CombinedScore=13.20; OTS_Z=13.20; COUNT_Z=0.00; daily_ots=8180.0 > thresh=6891.8 (median=2859.8, MAD=272.0, n=19)"
1585271561337054434,2025-10-08,213486,nikon,Малая техника,52955.448,10.3857,10.0,"CombinedScore=10.39; OTS_Z=10.39; COUNT_Z=8.09; daily_ots=52955.4 > thresh=51185.6 (median=5298.1, MAD=3095.1, n=416)"
1729390231323623488,2025-10-08,221942,xiaomi,Смарт-часы и браслеты,47216.16,13.3429,10.0,"CombinedScore=13.34; OTS_Z=13.34; COUNT_Z=1.58; daily_ots=47216.2 > thresh=36417.1 (median=4113.1, MAD=2178.9, n=862)"
3747000630363940380,2025-10-08,197627,adidas,Обувь,37783.324,11.4125,10.0,"CombinedScore=11.41; OTS_Z=11.41; COUNT_Z=2.03; daily_ots=37783.3 > thresh=33583.1 (median=3846.3, MAD=2005.7, n=1525)"
4260587176099652608,2025-10-08,211784,meizu,Смартфоны,31068.832,11.6272,10.0,"CombinedScore=11.63; OTS_Z=11.63; COUNT_Z=3.35; daily_ots=31068.8 > thresh=27184.8 (median=3315.5, MAD=1610.0, n=86)"
4838217239226069312,2025-10-08,201613,chayka,Малая техника,49814.04,21.8843,10.0,"CombinedScore=21.88; OTS_Z=21.88; COUNT_Z=4.65; daily_ots=49814.0 > thresh=24559.0 (median=3308.1, MAD=1433.4, n=27)"
5269224956824505472,2025-10-08,217050,salomon,Обувь,91099.624,31.3436,10.0,"CombinedScore=31.34; OTS_Z=31.34; COUNT_Z=3.60; daily_ots=91099.6 > thresh=31585.9 (median=3702.3, MAD=1880.8, n=169)"
5908729607245342097,2025-10-08,217082,samsung,Смартфоны,51042.504,15.8301,10.0,"CombinedScore=15.83; OTS_Z=15.83; COUNT_Z=8.25; daily_ots=51042.5 > thresh=33612.7 (median=3716.5, MAD=2016.5, n=1421)"
5980785973690676235,2025-10-08,207447,honor,Смартфоны,80712.325,20.6183,10.0,"CombinedScore=20.62; OTS_Z=20.62; COUNT_Z=2.59; daily_ots=80712.3 > thresh=41345.0 (median=4270.0, MAD=2500.7, n=4464)"
5980785973690676235,2025-10-08,215234,poco,Смартфоны,80712.325,19.6689,10.0,"CombinedScore=19.67; OTS_Z=19.67; COUNT_Z=2.28; daily_ots=80712.3 > thresh=43228.0 (median=4459.8, MAD=2614.9, n=3221)"
5980785973690676235,2025-10-08,216181,redmi,Смартфоны,64569.86,16.8032,10.0,"CombinedScore=16.80; OTS_Z=16.80; COUNT_Z=2.28; daily_ots=64569.9 > thresh=40150.5 (median=4256.6, MAD=2421.0, n=4609)"
6052843423965704808,2025-10-08,242139,яндекс,Аудиотехника,162804.576,48.1315,10.0,"CombinedScore=48.13; OTS_Z=48.13; COUNT_Z=16.73; daily_ots=162804.6 > thresh=36944.9 (median=3938.1, MAD=2226.3, n=2495)"
7421937898647071562,2025-10-08,199865,bella,Женская гигиена,32906.518,12.0816,10.0,"CombinedScore=12.08; OTS_Z=12.08; COUNT_Z=2.30; daily_ots=32906.5 > thresh=27789.7 (median=3208.3, MAD=1658.0, n=132)"
8295997740842871232,2025-10-08,216575,roborock,Крупная техника,3208.213,12.9164,10.0,"CombinedScore=12.92; OTS_Z=12.92; COUNT_Z=0.00; daily_ots=3208.2 > thresh=2859.9 (median=1665.7, MAD=80.6, n=11)"
8655932031432152448,2025-10-08,197627,adidas,Одежда,62891.526,17.3163,10.0,"CombinedScore=17.32; OTS_Z=17.32; COUNT_Z=1.11; daily_ots=62891.5 > thresh=38075.3 (median=4156.0, MAD=2287.9, n=697)"
8944160953299386496,2025-10-08,207543,huawei,Аудиотехника,67713.228,16.6141,10.0,"CombinedScore=16.61; OTS_Z=16.61; COUNT_Z=0.72; daily_ots=67713.2 > thresh=42545.0 (median=4492.8, MAD=2566.6, n=295)"
144122509983743747,2025-10-09,242139,яндекс,Аудиотехника,39404.616,10.7452,10.0,"CombinedScore=10.75; OTS_Z=10.75; COUNT_Z=2.18; daily_ots=39404.6 > thresh=36944.9 (median=3938.1, MAD=2226.3, n=2495)"
1585271561336611209,2025-10-09,281079,samsung galaxy,Смартфоны,51137.548,11.3448,10.0,"CombinedScore=11.34; OTS_Z=11.34; COUNT_Z=0.59; daily_ots=51137.5 > thresh=45631.7 (median=4689.4, MAD=2761.6, n=7433)"
1585271561336999756,2025-10-09,221942,xiaomi,Малая техника,46402.959,16.1053,10.0,"CombinedScore=16.11; OTS_Z=16.11; COUNT_Z=17.74; daily_ots=46403.0 > thresh=30191.1 (median=3637.1, MAD=1791.1, n=919)"
1729388589032331985,2025-10-09,207447,honor,Смартфоны,73259.194,18.608,10.0,"CombinedScore=18.61; OTS_Z=18.61; COUNT_Z=0.65; daily_ots=73259.2 > thresh=41345.0 (median=4270.0, MAD=2500.7, n=4464)"
1729388589032331985,2025-10-09,281079,samsung galaxy,Смартфоны,109888.791,25.6945,10.0,"CombinedScore=25.69; OTS_Z=25.69; COUNT_Z=1.18; daily_ots=109888.8 > thresh=45631.7 (median=4689.4, MAD=2761.6, n=7433)"
1729388589032331985,2025-10-09,369276,iqoo,Смартфоны,73259.194,20.3028,10.0,"CombinedScore=20.30; OTS_Z=20.30; COUNT_Z=0.73; daily_ots=73259.2 > thresh=38107.0 (median=3987.8, MAD=2301.3, n=858)"
2089675984079929121,2025-10-09,206416,gorenje,Крупная техника,37589.52,12.6404,10.0,"CombinedScore=12.64; OTS_Z=12.64; COUNT_Z=1.29; daily_ots=37589.5 > thresh=30537.5 (median=3829.3, MAD=1801.5, n=318)"
3179552246924931267,2025-10-09,213967,okami,Малая техника,40209.168,13.1377,10.0,"CombinedScore=13.14; OTS_Z=13.14; COUNT_Z=3.97; daily_ots=40209.2 > thresh=31599.7 (median=4160.6, MAD=1850.8, n=18)"
3179555089145714112,2025-10-09,204539,eva,Детские одежда и обувь,25964.6,12.2439,10.0,"CombinedScore=12.24; OTS_Z=12.24; COUNT_Z=1.30; daily_ots=25964.6 > thresh=21864.7 (median=3593.3, MAD=1232.4, n=39)"
3467784171369747138,2025-10-09,221942,xiaomi,Смартфоны,93007.128,25.1138,10.0,"CombinedScore=25.11; OTS_Z=25.11; COUNT_Z=3.56; daily_ots=93007.1 > thresh=39628.5 (median=4310.7, MAD=2382.2, n=3163)"
3819059496266608833,2025-10-09,212517,momi,Подгузники,51226.688,10.6929,10.0,"CombinedScore=10.69; OTS_Z=10.69; COUNT_Z=1.39; daily_ots=51226.7 > thresh=48252.4 (median=5327.0, MAD=2895.3, n=197)"
3828751370547352448,2025-10-09,369276,iqoo,Смартфоны,55024.708,14.9584,10.0,"CombinedScore=14.96; OTS_Z=14.96; COUNT_Z=2.20; daily_ots=55024.7 > thresh=38107.0 (median=3987.8, MAD=2301.3, n=858)"
4539635606295686388,2025-10-09,197627,adidas,Обувь,38413.898,11.6245,10.0,"CombinedScore=11.62; OTS_Z=11.62; COUNT_Z=0.68; daily_ots=38413.9 > thresh=33583.1 (median=3846.3, MAD=2005.7, n=1525)"
4620705194905618881,2025-10-09,198484,apple iphone,Смартфоны,101689.232,19.8903,10.0,"CombinedScore=19.89; OTS_Z=19.89; COUNT_Z=4.29; daily_ots=101689.2 > thresh=53838.7 (median=5457.4, MAD=3263.3, n=9860)"
4899922101829706304,2025-10-09,209227,kitfort,Малая техника,44698.53,14.5205,10.0,"CombinedScore=14.52; OTS_Z=14.52; COUNT_Z=1.24; daily_ots=44698.5 > thresh=31982.8 (median=3853.5, MAD=1897.3, n=830)"
5908729607245342097,2025-10-09,217082,samsung,Смартфоны,44477.772,13.6343,10.0,"CombinedScore=13.63; OTS_Z=13.63; COUNT_Z=4.95; daily_ots=44477.8 > thresh=33612.7 (median=3716.5, MAD=2016.5, n=1421)"
5980785973690676235,2025-10-09,215234,poco,Смартфоны,64198.576,15.4092,10.0,"CombinedScore=15.41; OTS_Z=15.41; COUNT_Z=1.71; daily_ots=64198.6 > thresh=43228.0 (median=4459.8, MAD=2614.9, n=3221)"
5980785973690676235,2025-10-09,216181,redmi,Смартфоны,64198.576,16.6998,10.0,"CombinedScore=16.70; OTS_Z=16.70; COUNT_Z=2.28; daily_ots=64198.6 > thresh=40150.5 (median=4256.6, MAD=2421.0, n=4609)"
5980786504561921994,2025-10-09,281079,samsung galaxy,Смартфоны,71778.396,16.3862,10.0,"CombinedScore=16.39; OTS_Z=16.39; COUNT_Z=0.00; daily_ots=71778.4 > thresh=45631.7 (median=4689.4, MAD=2761.6, n=7433)"
6052843423965704808,2025-10-09,242139,яндекс,Аудиотехника,41018.274,11.2341,10.0,"CombinedScore=11.23; OTS_Z=11.23; COUNT_Z=3.64; daily_ots=41018.3 > thresh=36944.9 (median=3938.1, MAD=2226.3, n=2495)"
6927906236549392704,2025-10-09,214142,oneplus,Смартфоны,211632.9,56.5017,10.0,"CombinedScore=56.50; OTS_Z=56.50; COUNT_Z=8.68; daily_ots=211632.9 > thresh=41004.4 (median=4311.5, MAD=2474.9, n=851)"
6927906236549392704,2025-10-09,369276,iqoo,Смартфоны,126979.74,36.0478,10.0,"CombinedScore=36.05; OTS_Z=36.05; COUNT_Z=5.86; daily_ots=126979.7 > thresh=38107.0 (median=3987.8, MAD=2301.3, n=858)"
8368908434252673472,2025-10-09,206402,google pixel,Смартфоны,49562.178,10.5266,10.0,"CombinedScore=10.53; OTS_Z=10.53; COUNT_Z=0.66; daily_ots=49562.2 > thresh=47325.1 (median=4843.7, MAD=2865.4, n=681)"
8368908434252673472,2025-10-09,213768,nubia,Смартфоны,49562.178,15.7366,10.0,"CombinedScore=15.74; OTS_Z=15.74; COUNT_Z=1.38; daily_ots=49562.2 > thresh=32792.9 (median=3560.8, MAD=1971.7, n=138)"
9007204939872883479,2025-10-09,212095,milavitsa,Одежда,24199.912,10.9594,10.0,"CombinedScore=10.96; OTS_Z=10.96; COUNT_Z=4.28; daily_ots=24199.9 > thresh=22371.6 (median=3316.1, MAD=1285.3, n=145)"
1585271561336660410,2025-10-10,201536,cesar,Корм для собак,14887.026,12.4909,10.0,"CombinedScore=12.49; OTS_Z=12.49; COUNT_Z=6.57; daily_ots=14887.0 > thresh=12394.5 (median=2388.0, MAD=674.9, n=46)"
1585271561336775835,2025-10-10,207655,hyundai,Малая техника,52470.908,13.4398,10.0,"CombinedScore=13.44; OTS_Z=13.44; COUNT_Z=3.94; daily_ots=52470.9 > thresh=40095.8 (median=4119.2, MAD=2426.6, n=54)"
1585271561336817322,2025-10-10,220512,unihertz,Смартфоны,47800.098,14.1056,10.0,"CombinedScore=14.11; OTS_Z=14.11; COUNT_Z=1.65; daily_ots=47800.1 > thresh=34962.3 (median=3693.4, MAD=2109.1, n=96)"
1729388589032331985,2025-10-10,216114,realme,Смартфоны,76523.038,18.9155,10.0,"CombinedScore=18.92; OTS_Z=18.92; COUNT_Z=0.63; daily_ots=76523.0 > thresh=42576.5 (median=4500.5, MAD=2568.2, n=3843)"
1729388589032331985,2025-10-10,369276,iqoo,Смартфоны,114784.557,32.4735,10.0,"CombinedScore=32.47; OTS_Z=32.47; COUNT_Z=1.46; daily_ots=114784.6 > thresh=38107.0 (median=3987.8, MAD=2301.3, n=858)"
2242804895778101824,2025-10-10,217082,samsung,Смартфоны,47346.016,14.5937,10.0,"CombinedScore=14.59; OTS_Z=14.59; COUNT_Z=1.65; daily_ots=47346.0 > thresh=33612.7 (median=3716.5, MAD=2016.5, n=1421)"
2242804895778101824,2025-10-10,281079,samsung galaxy,Смартфоны,118365.04,27.7648,10.0,"CombinedScore=27.76; OTS_Z=27.76; COUNT_Z=2.36; daily_ots=118365.0 > thresh=45631.7 (median=4689.4, MAD=2761.6, n=7433)"
2603089841281918144,2025-10-10,339936,cmf,Смартфоны,46461.0,13.4838,10.0,"CombinedScore=13.48; OTS_Z=13.48; COUNT_Z=1.15; daily_ots=46461.0 > thresh=35435.3 (median=3786.5, MAD=2134.7, n=107)"
2738194092690289025,2025-10-10,242139,яндекс,Аудиотехника,51293.162,14.3471,10.0,"CombinedScore=14.35; OTS_Z=14.35; COUNT_Z=0.73; daily_ots=51293.2 > thresh=36944.9 (median=3938.1, MAD=2226.3, n=2495)"
3107495819638272003,2025-10-10,199911,belwest,Обувь,34347.465,21.9137,10.0,"CombinedScore=21.91; OTS_Z=21.91; COUNT_Z=2.38; daily_ots=34347.5 > thresh=16884.8 (median=2227.2, MAD=988.7, n=124)"
3395728048205572672,2025-10-10,216114,realme,Смартфоны,76676.726,18.9558,10.0,"CombinedScore=18.96; OTS_Z=18.96; COUNT_Z=3.77; daily_ots=76676.7 > thresh=42576.5 (median=4500.5, MAD=2568.2, n=3843)"
3747001954464117380,2025-10-10,216181,redmi,Смартфоны,46841.622,11.8641,10.0,"CombinedScore=11.86; OTS_Z=11.86; COUNT_Z=3.80; daily_ots=46841.6 > thresh=40150.5 (median=4256.6, MAD=2421.0, n=4609)"
3747001954464117380,2025-10-10,238974,tecno spark,Смартфоны,39034.685,10.8653,10.0,"CombinedScore=10.87; OTS_Z=10.87; COUNT_Z=3.56; daily_ots=39034.7 > thresh=36237.5 (median=3913.1, MAD=2180.3, n=1254)"
4035232106963127754,2025-10-10,207447,honor,Смартфоны,55643.844,13.8567,10.0,"CombinedScore=13.86; OTS_Z=13.86; COUNT_Z=3.23; daily_ots=55643.8 > thresh=41345.0 (median=4270.0, MAD=2500.7, n=4464)"
4107288419676846091,2025-10-10,213474,nike,Обувь,96736.8,24.6484,10.0,"CombinedScore=24.65; OTS_Z=24.65; COUNT_Z=4.19; daily_ots=96736.8 > thresh=41879.1 (median=4429.4, MAD=2526.0, n=1795)"
5116096277414530917,2025-10-10,198484,apple iphone,Смартфоны,72522.758,13.8618,10.0,"CombinedScore=13.86; OTS_Z=13.86; COUNT_Z=6.13; daily_ots=72522.8 > thresh=53838.7 (median=5457.4, MAD=3263.3, n=9860)"
5341282749928416897,2025-10-10,235171,пожалуйста моя мелодия,Детские одежда и обувь,79357.03,39.7455,10.0,"CombinedScore=39.75; OTS_Z=39.75; COUNT_Z=0.00; daily_ots=79357.0 > thresh=22674.5 (median=3618.6, MAD=1285.3, n=28)"
6052843423965704808,2025-10-10,242139,яндекс,Аудиотехника,54644.408,15.3624,10.0,"CombinedScore=15.36; OTS_Z=15.36; COUNT_Z=5.09; daily_ots=54644.4 > thresh=36944.9 (median=3938.1, MAD=2226.3, n=2495)"
8872102004503143591,2025-10-10,206402,google pixel,Смартфоны,58104.904,12.5375,10.0,"CombinedScore=12.54; OTS_Z=12.54; COUNT_Z=0.66; daily_ots=58104.9 > thresh=47325.1 (median=4843.7, MAD=2865.4, n=681)"
8872103381380754816,2025-10-10,198484,apple iphone,Смартфоны,56455.826,10.5409,10.0,"CombinedScore=10.54; OTS_Z=10.54; COUNT_Z=3.68; daily_ots=56455.8 > thresh=53838.7 (median=5457.4, MAD=3263.3, n=9860)"
946492507505883072,2025-10-11,281079,samsung galaxy,Смартфоны,55627.505,12.4414,10.0,"CombinedScore=12.44; OTS_Z=12.44; COUNT_Z=2.36; daily_ots=55627.5 > thresh=45631.7 (median=4689.4, MAD=2761.6, n=7433)"
1585271561336618120,2025-10-11,200356,blackberry,Смартфоны,60069.91,25.048,10.0,"CombinedScore=25.05; OTS_Z=25.05; COUNT_Z=4.72; daily_ots=60069.9 > thresh=25735.4 (median=2918.7, MAD=1539.0, n=29)"
1585271561336817322,2025-10-11,200371,blackview,Смартфоны,48286.67,15.3832,10.0,"CombinedScore=15.38; OTS_Z=15.38; COUNT_Z=0.74; daily_ots=48286.7 > thresh=32645.1 (median=3588.6, MAD=1959.9, n=145)"
1585271561336817322,2025-10-11,202493,cubot,Смартфоны,48286.67,22.4878,10.0,"CombinedScore=22.49; OTS_Z=22.49; COUNT_Z=0.96; daily_ots=48286.7 > thresh=23025.7 (median=2797.0, MAD=1364.4, n=137)"
1585271561336817322,2025-10-11,214393,oukitel,Смартфоны,48286.67,17.443,10.0,"CombinedScore=17.44; OTS_Z=17.44; COUNT_Z=1.01; daily_ots=48286.7 > thresh=29034.8 (median=3169.0, MAD=1744.6, n=265)"
1585271561336817322,2025-10-11,220512,unihertz,Смартфоны,72430.005,21.9824,10.0,"CombinedScore=21.98; OTS_Z=21.98; COUNT_Z=3.29; daily_ots=72430.0 > thresh=34962.3 (median=3693.4, MAD=2109.1, n=96)"
1585271561336939603,2025-10-11,202102,comfee,Крупная техника,25714.868,10.3489,10.0,"CombinedScore=10.35; OTS_Z=10.35; COUNT_Z=0.00; daily_ots=25714.9 > thresh=24972.0 (median=3682.1, MAD=1436.0, n=37)"
1585271561337050448,2025-10-11,198817,artel (бытовая техника),Крупная техника,43348.032,10.8111,10.0,"CombinedScore=10.81; OTS_Z=10.81; COUNT_Z=3.88; daily_ots=43348.0 > thresh=40466.3 (median=4939.5, MAD=2396.3, n=14)"
2738194092690289025,2025-10-11,242139,яндекс,Аудиотехника,154336.818,45.566,10.0,"CombinedScore=45.57; OTS_Z=45.57; COUNT_Z=3.64; daily_ots=154336.8 > thresh=36944.9 (median=3938.1, MAD=2226.3, n=2495)"
3901257438148375808,2025-10-11,221942,xiaomi,Аудиотехника,51445.606,19.0427,10.0,"CombinedScore=19.04; OTS_Z=19.04; COUNT_Z=1.59; daily_ots=51445.6 > thresh=28736.0 (median=3622.3, MAD=1693.9, n=256)"
3963175209649623032,2025-10-11,216114,realme,Смартфоны,44422.226,10.4847,10.0,"CombinedScore=10.48; OTS_Z=10.48; COUNT_Z=0.63; daily_ots=44422.2 > thresh=42576.5 (median=4500.5, MAD=2568.2, n=3843)"
4107288419676846091,2025-10-11,213474,nike,Обувь,119464.17,30.7172,10.0,"CombinedScore=30.72; OTS_Z=30.72; COUNT_Z=3.59; daily_ots=119464.2 > thresh=41879.1 (median=4429.4, MAD=2526.0, n=1795)"
4116604167249567488,2025-10-11,204439,essence,Средства для волос,48454.58,14.4203,10.0,"CombinedScore=14.42; OTS_Z=14.42; COUNT_Z=0.00; daily_ots=48454.6 > thresh=34813.6 (median=3953.6, MAD=2081.5, n=1)"
4260416483740630784,2025-10-11,203587,dreame,Малая техника,52800.214,12.0611,10.0,"CombinedScore=12.06; OTS_Z=12.06; COUNT_Z=0.52; daily_ots=52800.2 > thresh=44574.9 (median=4666.7, MAD=2691.8, n=509)"
5269224956824505472,2025-10-11,215722,puma,Обувь,45989.036,10.7395,10.0,"CombinedScore=10.74; OTS_Z=10.74; COUNT_Z=1.11; daily_ots=45989.0 > thresh=43131.7 (median=4493.6, MAD=2606.1, n=408)"
5908729607245342098,2025-10-11,214181,oodji,Одежда,29594.625,10.1074,10.0,"CombinedScore=10.11; OTS_Z=10.11; COUNT_Z=3.61; daily_ots=29594.6 > thresh=29318.1 (median=3562.7, MAD=1737.2, n=142)"
5917738752920382337,2025-10-11,207447,honor,Смартфоны,67156.032,16.9619,10.0,"CombinedScore=16.96; OTS_Z=16.96; COUNT_Z=1.94; daily_ots=67156.0 > thresh=41345.0 (median=4270.0, MAD=2500.7, n=4464)"
6567609326341607744,2025-10-11,214505,palace,Одежда,45253.62,10.6356,10.0,"CombinedScore=10.64; OTS_Z=10.64; COUNT_Z=3.07; daily_ots=45253.6 > thresh=42872.1 (median=5402.6, MAD=2527.3, n=22)"
6567609326341607744,2025-10-11,218984,supreme (одежда),Одежда,30169.08,10.7796,10.0,"CombinedScore=10.78; OTS_Z=10.78; COUNT_Z=1.47; daily_ots=30169.1 > thresh=28259.7 (median=3766.1, MAD=1652.1, n=144)"
6927906236549392704,2025-10-11,215234,poco,Смартфоны,60338.16,14.4135,10.0,"CombinedScore=14.41; OTS_Z=14.41; COUNT_Z=1.71; daily_ots=60338.2 > thresh=43228.0 (median=4459.8, MAD=2614.9, n=3221)"
7791241212634245504,2025-10-11,281079,samsung galaxy,Смартфоны,128614.015,30.2681,10.0,"CombinedScore=30.27; OTS_Z=30.27; COUNT_Z=2.36; daily_ots=128614.0 > thresh=45631.7 (median=4689.4, MAD=2761.6, n=7433)"
8214573009054500917,2025-10-11,202932,demix,Одежда,31083.124,15.1712,10.0,"CombinedScore=15.17; OTS_Z=15.17; COUNT_Z=1.41; daily_ots=31083.1 > thresh=21692.3 (median=3532.2, MAD=1224.9, n=92)"
443118580829952448,2025-10-12,198484,apple iphone,Смартфоны,57350.22,10.7258,10.0,"CombinedScore=10.73; OTS_Z=10.73; COUNT_Z=5.52; daily_ots=57350.2 > thresh=53838.7 (median=5457.4, MAD=3263.3, n=9860)"
1306055918923481346,2025-10-12,369276,iqoo,Смартфоны,45816.672,12.2596,10.0,"CombinedScore=12.26; OTS_Z=12.26; COUNT_Z=0.73; daily_ots=45816.7 > thresh=38107.0 (median=3987.8, MAD=2301.3, n=858)"
1585271561336720000,2025-10-12,203103,diadora,Обувь,17476.664,13.9312,10.0,"CombinedScore=13.93; OTS_Z=13.93; COUNT_Z=2.83; daily_ots=17476.7 > thresh=13083.2 (median=1907.3, MAD=753.8, n=16)"
1585271561336817322,2025-10-12,216181,redmi,Смартфоны,46859.028,11.869,10.0,"CombinedScore=11.87; OTS_Z=11.87; COUNT_Z=0.76; daily_ots=46859.0 > thresh=40150.5 (median=4256.6, MAD=2421.0, n=4609)"
1585271561336921096,2025-10-12,207543,huawei,Смартфоны,63828.426,19.3894,10.0,"CombinedScore=19.39; OTS_Z=19.39; COUNT_Z=3.79; daily_ots=63828.4 > thresh=34773.1 (median=3828.5, MAD=2087.2, n=1984)"
1585271561336983258,2025-10-12,221942,xiaomi,Смартфоны,47170.35,12.1354,10.0,"CombinedScore=12.14; OTS_Z=12.14; COUNT_Z=2.85; daily_ots=47170.3 > thresh=39628.5 (median=4310.7, MAD=2382.2, n=3163)"
1585271561337036299,2025-10-12,201496,centek,Малая техника,78417.495,24.8086,10.0,"CombinedScore=24.81; OTS_Z=24.81; COUNT_Z=2.68; daily_ots=78417.5 > thresh=34111.9 (median=4193.0, MAD=2018.0, n=59)"
1585271561337036307,2025-10-12,281079,samsung galaxy,Смартфоны,52119.91,11.5847,10.0,"CombinedScore=11.58; OTS_Z=11.58; COUNT_Z=2.36; daily_ots=52119.9 > thresh=45631.7 (median=4689.4, MAD=2761.6, n=7433)"
1585271561337051847,2025-10-12,204933,felix (корм),Корм для кошек,41206.152,16.0915,10.0,"CombinedScore=16.09; OTS_Z=16.09; COUNT_Z=2.71; daily_ots=41206.2 > thresh=26882.5 (median=3368.5, MAD=1586.0, n=725)"
1666344126885338305,2025-10-12,198684,ariston,Крупная техника,25907.944,11.6745,10.0,"CombinedScore=11.67; OTS_Z=11.67; COUNT_Z=5.84; daily_ots=25907.9 > thresh=22622.8 (median=3004.0, MAD=1323.3, n=141)"
1729388589032331985,2025-10-12,215761,purina one,Корм для кошек,37620.403,11.6142,10.0,"CombinedScore=11.61; OTS_Z=11.61; COUNT_Z=0.00; daily_ots=37620.4 > thresh=32929.7 (median=3870.9, MAD=1960.0, n=465)"
1811764471093953345,2025-10-12,216114,realme,Смартфоны,47754.266,11.3598,10.0,"CombinedScore=11.36; OTS_Z=11.36; COUNT_Z=3.77; daily_ots=47754.3 > thresh=42576.5 (median=4500.5, MAD=2568.2, n=3843)"
2027611165595319872,2025-10-12,242139,яндекс,Аудиотехника,46330.414,12.8435,10.0,"CombinedScore=12.84; OTS_Z=12.84; COUNT_Z=0.73; daily_ots=46330.4 > thresh=36944.9 (median=3938.1, MAD=2226.3, n=2495)"
2233791780476071135,2025-10-12,213565,nivea,Дезодоранты,34606.785,11.2131,10.0,"CombinedScore=11.21; OTS_Z=11.21; COUNT_Z=2.49; daily_ots=34606.8 > thresh=31242.5 (median=3510.4, MAD=1870.5, n=132)"
2242804895778101824,2025-10-12,281079,samsung galaxy,Смартфоны,69495.621,15.8287,10.0,"CombinedScore=15.83; OTS_Z=15.83; COUNT_Z=1.18; daily_ots=69495.6 > thresh=45631.7 (median=4689.4, MAD=2761.6, n=7433)"
4179348047056553453,2025-10-12,198484,apple iphone,Смартфоны,82060.988,15.8333,10.0,"CombinedScore=15.83; OTS_Z=15.83; COUNT_Z=1.84; daily_ots=82061.0 > thresh=53838.7 (median=5457.4, MAD=3263.3, n=9860)"
4908936206957545857,2025-10-12,222286,zara,Одежда,39717.902,11.6847,10.0,"CombinedScore=11.68; OTS_Z=11.68; COUNT_Z=5.29; daily_ots=39717.9 > thresh=34570.0 (median=4013.7, MAD=2061.0, n=171)"
5917742346563017472,2025-10-12,433688,abc (одежда),Товары для стирки,42604.936,15.122,10.0,"CombinedScore=15.12; OTS_Z=15.12; COUNT_Z=5.48; daily_ots=42604.9 > thresh=29485.2 (median=3871.1, MAD=1727.7, n=160)"
6629304165209877093,2025-10-12,281079,samsung galaxy,Смартфоны,146694.744,34.6842,10.0,"CombinedScore=34.68; OTS_Z=34.68; COUNT_Z=0.59; daily_ots=146694.7 > thresh=45631.7 (median=4689.4, MAD=2761.6, n=7433)"
8430746051069922433,2025-10-12,216181,redmi,Смартфоны,53239.152,13.6465,10.0,"CombinedScore=13.65; OTS_Z=13.65; COUNT_Z=1.52; daily_ots=53239.2 > thresh=40150.5 (median=4256.6, MAD=2421.0, n=4609)"
8872103381380754816,2025-10-12,198484,apple iphone,Смартфоны,56366.46,10.5225,10.0,"CombinedScore=10.52; OTS_Z=10.52; COUNT_Z=4.91; daily_ots=56366.5 > thresh=53838.7 (median=5457.4, MAD=3263.3, n=9860)"
8935147025123496477,2025-10-12,202048,colins,Одежда,36218.187,13.1105,10.0,"CombinedScore=13.11; OTS_Z=13.11; COUNT_Z=8.30; daily_ots=36218.2 > thresh=28483.4 (median=3616.3, MAD=1677.3, n=123)"
441361688982367234,2025-10-13,207346,hoka,Обувь,31527.84,14.5465,10.0,"CombinedScore=14.55; OTS_Z=14.55; COUNT_Z=2.89; daily_ots=31527.8 > thresh=22641.1 (median=3094.7, MAD=1318.4, n=38)"
864698737912134848,2025-10-13,207447,honor,Смартфоны,79633.104,20.3272,10.0,"CombinedScore=20.33; OTS_Z=20.33; COUNT_Z=1.94; daily_ots=79633.1 > thresh=41345.0 (median=4270.0, MAD=2500.7, n=4464)"
946552874607559680,2025-10-13,369276,iqoo,Смартфоны,68040.756,18.7733,10.0,"CombinedScore=18.77; OTS_Z=18.77; COUNT_Z=1.46; daily_ots=68040.8 > thresh=38107.0 (median=3987.8, MAD=2301.3, n=858)"
1306055227717714057,2025-10-13,214336,oscal,Смартфоны,14935.29,11.5209,10.0,"CombinedScore=11.52; OTS_Z=11.52; COUNT_Z=3.87; daily_ots=14935.3 > thresh=13320.5 (median=2702.9, MAD=716.2, n=14)"
1378110665222670401,2025-10-13,281079,samsung galaxy,Смарт-часы и браслеты,40369.95,11.1222,10.0,"CombinedScore=11.12; OTS_Z=11.12; COUNT_Z=5.50; daily_ots=40370.0 > thresh=36694.5 (median=3942.5, MAD=2209.1, n=395)"
1585271561336914069,2025-10-13,203587,dreame,Малая техника,93210.04,22.1868,10.0,"CombinedScore=22.19; OTS_Z=22.19; COUNT_Z=4.66; daily_ots=93210.0 > thresh=44574.9 (median=4666.7, MAD=2691.8, n=509)"
1585271561336955795,2025-10-13,207286,hisense,Крупная техника,34721.424,10.5727,10.0,"CombinedScore=10.57; OTS_Z=10.57; COUNT_Z=2.95; daily_ots=34721.4 > thresh=33063.7 (median=4116.5, MAD=1952.5, n=262)"
1585271561337006096,2025-10-13,213565,nivea,Средства для волос,10890.722,19.918,10.0,"CombinedScore=19.92; OTS_Z=19.92; COUNT_Z=1.83; daily_ots=10890.7 > thresh=6891.8 (median=2859.8, MAD=272.0, n=19)"
3251611007714858048,2025-10-13,214553,panasonic,Крупная техника,41906.22,15.9942,10.0,"CombinedScore=15.99; OTS_Z=15.99; COUNT_Z=7.44; daily_ots=41906.2 > thresh=27388.4 (median=3168.7, MAD=1633.6, n=65)"
3395726566295387138,2025-10-13,209227,kitfort,Малая техника,33256.773,10.4529,10.0,"CombinedScore=10.45; OTS_Z=10.45; COUNT_Z=2.49; daily_ots=33256.8 > thresh=31982.8 (median=3853.5, MAD=1897.3, n=830)"
3458771664316827264,2025-10-13,202390,creative,Аудиотехника,35265.696,15.3167,10.0,"CombinedScore=15.32; OTS_Z=15.32; COUNT_Z=3.34; daily_ots=35265.7 > thresh=24696.8 (median=4818.2, MAD=1340.8, n=20)"
4548647573216187331,2025-10-13,198484,apple iphone,Смартфоны,81477.966,15.7128,10.0,"CombinedScore=15.71; OTS_Z=15.71; COUNT_Z=3.07; daily_ots=81478.0 > thresh=53838.7 (median=5457.4, MAD=3263.3, n=9860)"
4548647573216187331,2025-10-13,281079,samsung galaxy,Смартфоны,95057.627,22.0721,10.0,"CombinedScore=22.07; OTS_Z=22.07; COUNT_Z=3.53; daily_ots=95057.6 > thresh=45631.7 (median=4689.4, MAD=2761.6, n=7433)"
4621534128888346560,2025-10-13,198484,apple iphone,Смартфоны,54966.445,10.2331,10.0,"CombinedScore=10.23; OTS_Z=10.23; COUNT_Z=2.45; daily_ots=54966.4 > thresh=53838.7 (median=5457.4, MAD=3263.3, n=9860)"
4692759896965140290,2025-10-13,214973,philips,Малая техника,72508.53,17.3191,10.0,"CombinedScore=17.32; OTS_Z=17.32; COUNT_Z=5.08; daily_ots=72508.5 > thresh=43979.5 (median=5000.9, MAD=2629.1, n=702)"
4755806029018135186,2025-10-13,221942,xiaomi,Малая техника,48233.802,16.7947,10.0,"CombinedScore=16.79; OTS_Z=16.79; COUNT_Z=4.93; daily_ots=48233.8 > thresh=30191.1 (median=3637.1, MAD=1791.1, n=919)"
5917742346563017472,2025-10-13,433688,abc (одежда),Товары для стирки,31523.541,10.7958,10.0,"CombinedScore=10.80; OTS_Z=10.80; COUNT_Z=3.65; daily_ots=31523.5 > thresh=29485.2 (median=3871.1, MAD=1727.7, n=160)"
6350087783588513984,2025-10-13,213872,oshade,Обувь,28205.66,10.2265,10.0,"CombinedScore=10.23; OTS_Z=10.23; COUNT_Z=4.32; daily_ots=28205.7 > thresh=27663.8 (median=3734.3, MAD=1614.0, n=183)"
6629304165209879143,2025-10-13,213703,nothing,Смартфоны,47158.746,11.1947,10.0,"CombinedScore=11.19; OTS_Z=11.19; COUNT_Z=2.10; daily_ots=47158.7 > thresh=42612.2 (median=4555.4, MAD=2566.9, n=276)"
7576643904375722625,2025-10-13,242139,яндекс,Аудиотехника,38662.198,10.5203,10.0,"CombinedScore=10.52; OTS_Z=10.52; COUNT_Z=0.73; daily_ots=38662.2 > thresh=36944.9 (median=3938.1, MAD=2226.3, n=2495)"
8214572793405073281,2025-10-13,206804,haier,Крупная техника,35943.195,10.3296,10.0,"CombinedScore=10.33; OTS_Z=10.33; COUNT_Z=1.37; daily_ots=35943.2 > thresh=34924.6 (median=4019.2, MAD=2084.6, n=729)"
8439778948379488000,2025-10-13,216181,redmi,Смартфоны,42121.418,10.5491,10.0,"CombinedScore=10.55; OTS_Z=10.55; COUNT_Z=0.76; daily_ots=42121.4 > thresh=40150.5 (median=4256.6, MAD=2421.0, n=4609)"
8872102004503143591,2025-10-13,206402,google pixel,Смартфоны,61689.64,13.3814,10.0,"CombinedScore=13.38; OTS_Z=13.38; COUNT_Z=0.66; daily_ots=61689.6 > thresh=47325.1 (median=4843.7, MAD=2865.4, n=681)"
8945870093784339904,2025-10-13,203755,dyson,Малая техника,51397.93,16.9391,10.0,"CombinedScore=16.94; OTS_Z=16.94; COUNT_Z=4.96; daily_ots=51397.9 > thresh=31873.6 (median=3737.0, MAD=1897.8, n=454)"
432351254888983589,2025-10-14,212095,milavitsa,Одежда,28019.046,12.9637,10.0,"CombinedScore=12.96; OTS_Z=12.96; COUNT_Z=2.85; daily_ots=28019.0 > thresh=22371.6 (median=3316.1, MAD=1285.3, n=145)"
648524241621891083,2025-10-14,281079,samsung galaxy,Смартфоны,79058.595,18.1644,10.0,"CombinedScore=18.16; OTS_Z=18.16; COUNT_Z=2.36; daily_ots=79058.6 > thresh=45631.7 (median=4689.4, MAD=2761.6, n=7433)"
864698737912134848,2025-10-14,207447,honor,Смартфоны,44704.59,10.9062,10.0,"CombinedScore=10.91; OTS_Z=10.91; COUNT_Z=1.29; daily_ots=44704.6 > thresh=41345.0 (median=4270.0, MAD=2500.7, n=4464)"
1306055227717714057,2025-10-14,307401,ulefone,Смартфоны,36376.472,10.4317,10.0,"CombinedScore=10.43; OTS_Z=10.43; COUNT_Z=7.54; daily_ots=36376.5 > thresh=35050.8 (median=4343.1, MAD=2071.2, n=106)"
1585271561336969686,2025-10-14,215234,poco,Смартфоны,46828.004,10.9286,10.0,"CombinedScore=10.93; OTS_Z=10.93; COUNT_Z=1.71; daily_ots=46828.0 > thresh=43228.0 (median=4459.8, MAD=2614.9, n=3221)"
1585271561336984926,2025-10-14,200628,bork,Малая техника,143372.14,48.8057,10.0,"CombinedScore=48.81; OTS_Z=48.81; COUNT_Z=1.15; daily_ots=143372.1 > thresh=32217.0 (median=3573.0, MAD=1932.0, n=110)"
1585271561336999191,2025-10-14,206402,google pixel,Смартфоны,63578.526,13.826,10.0,"CombinedScore=13.83; OTS_Z=13.83; COUNT_Z=3.28; daily_ots=63578.5 > thresh=47325.1 (median=4843.7, MAD=2865.4, n=681)"
1585271561337051847,2025-10-14,204933,felix (корм),Корм для кошек,27294.016,10.175,10.0,"CombinedScore=10.17; OTS_Z=10.17; COUNT_Z=1.35; daily_ots=27294.0 > thresh=26882.5 (median=3368.5, MAD=1586.0, n=725)"
2242804895778104131,2025-10-14,236432,родные корма,Корм для собак,21535.114,11.1579,10.0,"CombinedScore=11.16; OTS_Z=11.16; COUNT_Z=1.67; daily_ots=21535.1 > thresh=19527.1 (median=2184.9, MAD=1169.7, n=16)"
2242869852638387712,2025-10-14,214199,oppo (электроника),Смартфоны,49262.504,13.1633,10.0,"CombinedScore=13.16; OTS_Z=13.16; COUNT_Z=2.48; daily_ots=49262.5 > thresh=38433.0 (median=4198.8, MAD=2309.1, n=872)"
2305848744076622012,2025-10-14,218803,strobbs,Обувь,45272.088,15.1928,10.0,"CombinedScore=15.19; OTS_Z=15.19; COUNT_Z=4.04; daily_ots=45272.1 > thresh=31354.9 (median=4554.2, MAD=1807.7, n=166)"
2314863075954556928,2025-10-14,219103,synergetic,Подгузники,35073.222,10.0841,10.0,"CombinedScore=10.08; OTS_Z=10.08; COUNT_Z=0.00; daily_ots=35073.2 > thresh=34813.6 (median=3953.6, MAD=2081.5, n=1)"
3891115984388077827,2025-10-14,221942,xiaomi,Смартфоны,53932.935,14.0502,10.0,"CombinedScore=14.05; OTS_Z=14.05; COUNT_Z=2.85; daily_ots=53932.9 > thresh=39628.5 (median=4310.7, MAD=2382.2, n=3163)"
3901231049869308352,2025-10-14,213474,nike,Обувь,132179.028,34.1124,10.0,"CombinedScore=34.11; OTS_Z=34.11; COUNT_Z=6.59; daily_ots=132179.0 > thresh=41879.1 (median=4429.4, MAD=2526.0, n=1795)"
4260570098204493121,2025-10-14,198484,apple iphone,Смартфоны,59181.992,11.1044,10.0,"CombinedScore=11.10; OTS_Z=11.10; COUNT_Z=1.84; daily_ots=59182.0 > thresh=53838.7 (median=5457.4, MAD=3263.3, n=9860)"
4621534128888346560,2025-10-14,198484,apple iphone,Смартфоны,82226.224,15.8675,10.0,"CombinedScore=15.87; OTS_Z=15.87; COUNT_Z=1.84; daily_ots=82226.2 > thresh=53838.7 (median=5457.4, MAD=3263.3, n=9860)"
5260212023980595118,2025-10-14,198484,apple iphone,Смартфоны,54500.439,10.1368,10.0,"CombinedScore=10.14; OTS_Z=10.14; COUNT_Z=3.68; daily_ots=54500.4 > thresh=53838.7 (median=5457.4, MAD=3263.3, n=9860)"
5260212023980595118,2025-10-14,281079,samsung galaxy,Смартфоны,54500.439,12.1661,10.0,"CombinedScore=12.17; OTS_Z=12.17; COUNT_Z=3.53; daily_ots=54500.4 > thresh=45631.7 (median=4689.4, MAD=2761.6, n=7433)"
6341075541957842305,2025-10-14,221622,whiskas,Корм для кошек,50590.914,20.2997,10.0,"CombinedScore=20.30; OTS_Z=20.30; COUNT_Z=0.97; daily_ots=50590.9 > thresh=26625.4 (median=3357.2, MAD=1569.4, n=656)"
6350266735761193216,2025-10-14,210621,logitech,Аудиотехника,71330.988,12.8115,10.0,"CombinedScore=12.81; OTS_Z=12.81; COUNT_Z=4.12; daily_ots=71331.0 > thresh=56790.1 (median=5071.3, MAD=3488.4, n=101)"
6629304165209877937,2025-10-14,202420,crockid,Детские одежда и обувь,42649.465,10.5134,10.0,"CombinedScore=10.51; OTS_Z=10.51; COUNT_Z=5.03; daily_ots=42649.5 > thresh=40819.4 (median=5174.2, MAD=2404.3, n=157)"
6629304165209878717,2025-10-14,212611,moocie,Обувь,28110.309,11.1467,10.0,"CombinedScore=11.15; OTS_Z=11.15; COUNT_Z=4.37; daily_ots=28110.3 > thresh=25563.8 (median=3356.0, MAD=1497.9, n=36)"
7576643904375722625,2025-10-14,220410,ugoos,Крупная техника,46126.634,25.7657,10.0,"CombinedScore=25.77; OTS_Z=25.77; COUNT_Z=0.85; daily_ots=46126.6 > thresh=19331.4 (median=2335.6, MAD=1146.4, n=72)"
7576643904375722625,2025-10-14,221942,xiaomi,Крупная техника,207569.853,71.7201,10.0,"CombinedScore=71.72; OTS_Z=71.72; COUNT_Z=7.89; daily_ots=207569.9 > thresh=32179.4 (median=3762.4, MAD=1916.7, n=413)"
7576643904375722625,2025-10-14,242139,яндекс,Крупная техника,46126.634,15.7811,10.0,"CombinedScore=15.78; OTS_Z=15.78; COUNT_Z=1.16; daily_ots=46126.6 > thresh=30553.4 (median=3615.0, MAD=1817.0, n=311)"
7576643904375722625,2025-10-14,336545,apple tv,Крупная техника,115316.585,13.3683,10.0,"CombinedScore=13.37; OTS_Z=13.37; COUNT_Z=3.36; daily_ots=115316.6 > thresh=87963.7 (median=6757.1, MAD=5477.4, n=11)"
8944160953299386496,2025-10-14,207543,huawei,Аудиотехника,87011.688,21.6857,10.0,"CombinedScore=21.69; OTS_Z=21.69; COUNT_Z=5.06; daily_ots=87011.7 > thresh=42545.0 (median=4492.8, MAD=2566.6, n=295)"
864698737912134848,2025-10-15,207447,honor,Смартфоны,52209.829,12.9305,10.0,"CombinedScore=12.93; OTS_Z=12.93; COUNT_Z=3.88; daily_ots=52209.8 > thresh=41345.0 (median=4270.0, MAD=2500.7, n=4464)"
1585271561336901830,2025-10-15,238974,tecno spark,Смартфоны,88374.756,26.1294,10.0,"CombinedScore=26.13; OTS_Z=26.13; COUNT_Z=2.67; daily_ots=88374.8 > thresh=36237.5 (median=3913.1, MAD=2180.3, n=1254)"
1585271561336939603,2025-10-15,206804,haier,Крупная техника,40933.416,11.9443,10.0,"CombinedScore=11.94; OTS_Z=11.94; COUNT_Z=0.69; daily_ots=40933.4 > thresh=34924.6 (median=4019.2, MAD=2084.6, n=729)"
1585271561336944162,2025-10-15,242139,яндекс,Аудиотехника,37596.424,10.1974,10.0,"CombinedScore=10.20; OTS_Z=10.20; COUNT_Z=5.09; daily_ots=37596.4 > thresh=36944.9 (median=3938.1, MAD=2226.3, n=2495)"
1585271561336969686,2025-10-15,207447,honor,Смартфоны,46184.492,11.3053,10.0,"CombinedScore=11.31; OTS_Z=11.31; COUNT_Z=1.94; daily_ots=46184.5 > thresh=41345.0 (median=4270.0, MAD=2500.7, n=4464)"
2316166949196710976,2025-10-15,198484,apple iphone,Смартфоны,765205.8,157.0336,10.0,"CombinedScore=157.03; OTS_Z=157.03; COUNT_Z=6.75; daily_ots=765205.8 > thresh=53838.7 (median=5457.4, MAD=3263.3, n=9860)"
2738194092690289087,2025-10-15,198484,apple iphone,Смартфоны,92198.16,17.9286,10.0,"CombinedScore=17.93; OTS_Z=17.93; COUNT_Z=0.61; daily_ots=92198.2 > thresh=53838.7 (median=5457.4, MAD=3263.3, n=9860)"
3963175209649623032,2025-10-15,216114,realme,Смартфоны,45153.28,10.6767,10.0,"CombinedScore=10.68; OTS_Z=10.68; COUNT_Z=0.63; daily_ots=45153.3 > thresh=42576.5 (median=4500.5, MAD=2568.2, n=3843)"
5332267584642577308,2025-10-15,215234,poco,Смартфоны,236657.976,59.8941,10.0,"CombinedScore=59.89; OTS_Z=59.89; COUNT_Z=13.12; daily_ots=236658.0 > thresh=43228.0 (median=4459.8, MAD=2614.9, n=3221)"
5332267584642577413,2025-10-15,198484,apple iphone,Смартфоны,105722.316,20.7239,10.0,"CombinedScore=20.72; OTS_Z=20.72; COUNT_Z=3.07; daily_ots=105722.3 > thresh=53838.7 (median=5457.4, MAD=3263.3, n=9860)"
5557452949714472260,2025-10-15,207943,infinix,Смартфоны,54178.608,14.5578,10.0,"CombinedScore=14.56; OTS_Z=14.56; COUNT_Z=2.13; daily_ots=54178.6 > thresh=38467.1 (median=3995.5, MAD=2325.1, n=1831)"
5836672477688188876,2025-10-15,219687,thunderobot,Аудиотехника,35733.488,10.2981,10.0,"CombinedScore=10.30; OTS_Z=10.30; COUNT_Z=2.31; daily_ots=35733.5 > thresh=34813.6 (median=3953.6, MAD=2081.5, n=4)"
5919328751150185280,2025-10-15,197627,adidas,Одежда,51543.296,13.9706,10.0,"CombinedScore=13.97; OTS_Z=13.97; COUNT_Z=0.55; daily_ots=51543.3 > thresh=38075.3 (median=4156.0, MAD=2287.9, n=697)"
5980785973690676327,2025-10-15,217534,seveki,Средства для умывания и ухода за лицом,30907.326,18.1412,10.0,"CombinedScore=18.14; OTS_Z=18.14; COUNT_Z=5.67; daily_ots=30907.3 > thresh=18779.6 (median=3882.9, MAD=1004.8, n=40)"
6133915128677068544,2025-10-15,220328,tuvio,Малая техника,51543.296,14.9817,10.0,"CombinedScore=14.98; OTS_Z=14.98; COUNT_Z=0.97; daily_ots=51543.3 > thresh=35875.8 (median=4426.0, MAD=2121.3, n=152)"
6196958805535046283,2025-10-15,210647,londa,Краски для волос,33493.779,10.1503,10.0,"CombinedScore=10.15; OTS_Z=10.15; COUNT_Z=2.66; daily_ots=33493.8 > thresh=33061.8 (median=4316.7, MAD=1938.9, n=19)"
6629304165209876610,2025-10-15,220410,ugoos,Крупная техника,49519.76,27.7621,10.0,"CombinedScore=27.76; OTS_Z=27.76; COUNT_Z=3.40; daily_ots=49519.8 > thresh=19331.4 (median=2335.6, MAD=1146.4, n=72)"
6998605659912808066,2025-10-15,212359,mixit,Средства для умывания и ухода за лицом,51178.722,10.3358,10.0,"CombinedScore=10.34; OTS_Z=10.34; COUNT_Z=1.52; daily_ots=51178.7 > thresh=49678.6 (median=5004.3, MAD=3013.3, n=243)"
7576643904375722625,2025-10-15,339936,cmf,Смарт-часы и браслеты,66885.657,27.6675,10.0,"CombinedScore=27.67; OTS_Z=27.67; COUNT_Z=3.84; daily_ots=66885.7 > thresh=26398.7 (median=3482.6, MAD=1545.7, n=19)"
8801543622528988544,2025-10-15,198484,apple iphone,Смартфоны,53850.021,10.0023,10.0,"CombinedScore=10.00; OTS_Z=10.00; COUNT_Z=1.23; daily_ots=53850.0 > thresh=53838.7 (median=5457.4, MAD=3263.3, n=9860)"
5034735006217,2025-10-16,217082,samsung,Малая техника,38478.699,11.8608,10.0,"CombinedScore=11.86; OTS_Z=11.86; COUNT_Z=6.02; daily_ots=38478.7 > thresh=33029.7 (median=3746.9, MAD=1975.1, n=205)"
801651206834379886,2025-10-16,199083,audio technica,Аудиотехника,45118.956,18.4522,10.0,"CombinedScore=18.45; OTS_Z=18.45; COUNT_Z=5.58; daily_ots=45119.0 > thresh=25980.2 (median=3336.8, MAD=1527.3, n=54)"
864698737912134848,2025-10-16,207447,honor,Смартфоны,46812.792,11.4748,10.0,"CombinedScore=11.47; OTS_Z=11.47; COUNT_Z=1.94; daily_ots=46812.8 > thresh=41345.0 (median=4270.0, MAD=2500.7, n=4464)"
946914460040435776,2025-10-16,213474,nike,Обувь,172244.184,44.8108,10.0,"CombinedScore=44.81; OTS_Z=44.81; COUNT_Z=3.59; daily_ots=172244.2 > thresh=41879.1 (median=4429.4, MAD=2526.0, n=1795)"
1585271561336585963,2025-10-16,201263,caprice,Обувь,59405.81,54.7084,10.0,"CombinedScore=54.71; OTS_Z=54.71; COUNT_Z=8.84; daily_ots=59405.8 > thresh=12718.3 (median=2275.7, MAD=704.4, n=95)"
1585271561336939603,2025-10-16,206804,haier,Крупная техника,76136.667,23.3349,10.0,"CombinedScore=23.33; OTS_Z=23.33; COUNT_Z=1.37; daily_ots=76136.7 > thresh=34924.6 (median=4019.2, MAD=2084.6, n=729)"
1666343015431464640,2025-10-16,207543,huawei,Смартфоны,38975.974,11.3582,10.0,"CombinedScore=11.36; OTS_Z=11.36; COUNT_Z=0.00; daily_ots=38976.0 > thresh=34773.1 (median=3828.5, MAD=2087.2, n=1984)"
1666343015431464640,2025-10-16,281079,samsung galaxy,Смартфоны,311807.792,75.0124,10.0,"CombinedScore=75.01; OTS_Z=75.01; COUNT_Z=4.12; daily_ots=311807.8 > thresh=45631.7 (median=4689.4, MAD=2761.6, n=7433)"
1729388589032331985,2025-10-16,211376,mark formelle,Детские одежда и обувь,23177.948,14.3931,10.0,"CombinedScore=14.39; OTS_Z=14.39; COUNT_Z=0.00; daily_ots=23177.9 > thresh=17155.6 (median=3446.9, MAD=924.7, n=13)"
2242869852638387712,2025-10-16,214199,oppo (электроника),Смартфоны,164282.37,46.7613,10.0,"CombinedScore=46.76; OTS_Z=46.76; COUNT_Z=7.43; daily_ots=164282.4 > thresh=38433.0 (median=4198.8, MAD=2309.1, n=872)"
2458979060291587008,2025-10-16,240989,черный жемчуг,Средства для умывания и ухода за лицом,23960.288,10.2517,10.0,"CombinedScore=10.25; OTS_Z=10.25; COUNT_Z=6.22; daily_ots=23960.3 > thresh=23451.4 (median=3229.5, MAD=1364.0, n=113)"
2748908614381779392,2025-10-16,218679,stellary,Макияж для губ,189765.06,51.0966,10.0,"CombinedScore=51.10; OTS_Z=51.10; COUNT_Z=5.36; daily_ots=189765.1 > thresh=40983.2 (median=4780.2, MAD=2441.9, n=54)"
3530830270264484172,2025-10-16,199228,акс,Дезодоранты,49398.114,20.699,10.0,"CombinedScore=20.70; OTS_Z=20.70; COUNT_Z=1.81; daily_ots=49398.1 > thresh=25692.4 (median=3535.4, MAD=1494.5, n=255)"
5557452949714472068,2025-10-16,214365,ostin,Одежда,33764.862,11.1657,10.0,"CombinedScore=11.17; OTS_Z=11.17; COUNT_Z=1.44; daily_ots=33764.9 > thresh=30652.2 (median=3950.1, MAD=1801.1, n=402)"
6133915128677068544,2025-10-16,200549,bona fide,Одежда,25379.571,14.2437,10.0,"CombinedScore=14.24; OTS_Z=14.24; COUNT_Z=0.00; daily_ots=25379.6 > thresh=18984.8 (median=3916.2, MAD=1016.4, n=50)"
6133915128677068544,2025-10-16,207097,hello kitty,Детские одежда и обувь,25379.571,11.9526,10.0,"CombinedScore=11.95; OTS_Z=11.95; COUNT_Z=0.00; daily_ots=25379.6 > thresh=21942.2 (median=4338.3, MAD=1187.4, n=21)"
6638576398521673344,2025-10-16,216181,redmi,Смартфоны,52923.66,13.5586,10.0,"CombinedScore=13.56; OTS_Z=13.56; COUNT_Z=3.04; daily_ots=52923.7 > thresh=40150.5 (median=4256.6, MAD=2421.0, n=4609)"
8079467701476308354,2025-10-16,213377,new rock,Обувь,41885.842,11.3469,10.0,"CombinedScore=11.35; OTS_Z=11.35; COUNT_Z=1.50; daily_ots=41885.8 > thresh=37418.7 (median=4251.7, MAD=2237.1, n=82)"
8872102004503143591,2025-10-16,206402,google pixel,Смартфоны,58271.028,12.5766,10.0,"CombinedScore=12.58; OTS_Z=12.58; COUNT_Z=0.66; daily_ots=58271.0 > thresh=47325.1 (median=4843.7, MAD=2865.4, n=681)"
5034735007357,2025-10-17,208353,jarvi elaman,Корм для собак,12827.991,11.0718,10.0,"CombinedScore=11.07; OTS_Z=11.07; COUNT_Z=3.47; daily_ots=12828.0 > thresh=11773.1 (median=1930.8, MAD=663.9, n=26)"
1585271561336660151,2025-10-17,214553,panasonic,Малая техника,37466.996,13.2745,10.0,"CombinedScore=13.27; OTS_Z=13.27; COUNT_Z=1.88; daily_ots=37467.0 > thresh=29090.8 (median=3510.9, MAD=1725.4, n=261)"
1585271561336912413,2025-10-17,216114,realme,Смартфоны,113477.04,28.6208,10.0,"CombinedScore=28.62; OTS_Z=28.62; COUNT_Z=4.40; daily_ots=113477.0 > thresh=42576.5 (median=4500.5, MAD=2568.2, n=3843)"
1585271561336939603,2025-10-17,200406,blitz (товары для животных),Корм для кошек,76701.321,21.3704,10.0,"CombinedScore=21.37; OTS_Z=21.37; COUNT_Z=1.69; daily_ots=76701.3 > thresh=38056.5 (median=4069.4, MAD=2292.4, n=37)"
1585271561337054434,2025-10-17,213486,nikon,Малая техника,57596.49,11.3971,10.0,"CombinedScore=11.40; OTS_Z=11.40; COUNT_Z=8.77; daily_ots=57596.5 > thresh=51185.6 (median=5298.1, MAD=3095.1, n=416)"
1666343015431464640,2025-10-17,215234,poco,Смартфоны,51135.352,12.0397,10.0,"CombinedScore=12.04; OTS_Z=12.04; COUNT_Z=0.57; daily_ots=51135.4 > thresh=43228.0 (median=4459.8, MAD=2614.9, n=3221)"
2242804895778101824,2025-10-17,207543,huawei,Аудиотехника,44042.202,10.3935,10.0,"CombinedScore=10.39; OTS_Z=10.39; COUNT_Z=0.72; daily_ots=44042.2 > thresh=42545.0 (median=4492.8, MAD=2566.6, n=295)"
2387696738946225729,2025-10-17,242139,яндекс,Аудиотехника,60157.548,17.0327,10.0,"CombinedScore=17.03; OTS_Z=17.03; COUNT_Z=5.82; daily_ots=60157.5 > thresh=36944.9 (median=3938.1, MAD=2226.3, n=2495)"
3098483135638258628,2025-10-17,214142,oneplus,Смартфоны,46158.728,11.4047,10.0,"CombinedScore=11.40; OTS_Z=11.40; COUNT_Z=1.86; daily_ots=46158.7 > thresh=41004.4 (median=4311.5, MAD=2474.9, n=851)"
3828751370547352448,2025-10-17,202837,deerma,Малая техника,38352.969,10.4865,10.0,"CombinedScore=10.49; OTS_Z=10.49; COUNT_Z=1.44; daily_ots=38353.0 > thresh=36782.0 (median=4490.7, MAD=2178.1, n=81)"
3963175209649623032,2025-10-17,217598,sharp,Смартфоны,118492.075,30.0232,10.0,"CombinedScore=30.02; OTS_Z=30.02; COUNT_Z=1.93; daily_ots=118492.1 > thresh=42456.3 (median=4482.5, MAD=2561.3, n=16)"
4179348047056553453,2025-10-17,207447,honor,Смартфоны,76705.545,19.5376,10.0,"CombinedScore=19.54; OTS_Z=19.54; COUNT_Z=1.29; daily_ots=76705.5 > thresh=41345.0 (median=4270.0, MAD=2500.7, n=4464)"
4332926112403708992,2025-10-17,201908,клиар,Средства для волос,29453.448,10.0328,10.0,"CombinedScore=10.03; OTS_Z=10.03; COUNT_Z=1.78; daily_ots=29453.4 > thresh=29369.4 (median=3732.3, MAD=1729.2, n=108)"
4755806029018135186,2025-10-17,220662,vaillant,Крупная техника,50175.75,19.2299,10.0,"CombinedScore=19.23; OTS_Z=19.23; COUNT_Z=4.29; daily_ots=50175.8 > thresh=27958.0 (median=3886.4, MAD=1623.6, n=18)"
5413337214202462417,2025-10-17,213686,northland,Одежда,88191.096,22.8077,10.0,"CombinedScore=22.81; OTS_Z=22.81; COUNT_Z=5.75; daily_ots=88191.1 > thresh=41089.1 (median=4312.7, MAD=2480.6, n=55)"
5557452949714472068,2025-10-17,214365,ostin,Одежда,31912.424,10.4719,10.0,"CombinedScore=10.47; OTS_Z=10.47; COUNT_Z=1.44; daily_ots=31912.4 > thresh=30652.2 (median=3950.1, MAD=1801.1, n=402)"
6196958805535046283,2025-10-17,210647,londa,Краски для волос,92929.302,30.8271,10.0,"CombinedScore=30.83; OTS_Z=30.83; COUNT_Z=2.66; daily_ots=92929.3 > thresh=33061.8 (median=4316.7, MAD=1938.9, n=19)"
6710374448786440788,2025-10-17,281079,samsung galaxy,Смартфоны,167972.848,39.8813,10.0,"CombinedScore=39.88; OTS_Z=39.88; COUNT_Z=4.12; daily_ots=167972.8 > thresh=45631.7 (median=4689.4, MAD=2761.6, n=7433)"
504410216844887574,2025-10-18,220112,transformers,Одежда,25868.977,12.0893,10.0,"CombinedScore=12.09; OTS_Z=12.09; COUNT_Z=0.00; daily_ots=25869.0 > thresh=22037.7 (median=3700.0, MAD=1236.9, n=70)"
1585271561336730527,2025-10-18,234796,пемолюкс,Универсальные чистящие средства,29255.618,13.2504,10.0,"CombinedScore=13.25; OTS_Z=13.25; COUNT_Z=8.72; daily_ots=29255.6 > thresh=22833.7 (median=3076.4, MAD=1332.6, n=103)"
1585271561336804690,2025-10-18,281079,samsung galaxy,Смартфоны,71247.942,16.2566,10.0,"CombinedScore=16.26; OTS_Z=16.26; COUNT_Z=10.01; daily_ots=71247.9 > thresh=45631.7 (median=4689.4, MAD=2761.6, n=7433)"
1585271561336862731,2025-10-18,221942,xiaomi,Смартфоны,40398.701,10.2181,10.0,"CombinedScore=10.22; OTS_Z=10.22; COUNT_Z=4.27; daily_ots=40398.7 > thresh=39628.5 (median=4310.7, MAD=2382.2, n=3163)"
1585271561337036299,2025-10-18,232898,мтс,Смартфоны,25868.977,14.6898,10.0,"CombinedScore=14.69; OTS_Z=14.69; COUNT_Z=0.00; daily_ots=25869.0 > thresh=18488.0 (median=2749.6, MAD=1061.6, n=32)"
1585271561337053064,2025-10-18,214199,oppo (электроника),Смартфоны,61843.775,16.8384,10.0,"CombinedScore=16.84; OTS_Z=16.84; COUNT_Z=4.96; daily_ots=61843.8 > thresh=38433.0 (median=4198.8, MAD=2309.1, n=872)"
2098735651169564096,2025-10-18,206402,google pixel,Смартфоны,52069.113,11.1167,10.0,"CombinedScore=11.12; OTS_Z=11.12; COUNT_Z=1.31; daily_ots=52069.1 > thresh=47325.1 (median=4843.7, MAD=2865.4, n=681)"
2098735651169564096,2025-10-18,215020,pierre cardin,Обувь,52069.113,19.8249,10.0,"CombinedScore=19.82; OTS_Z=19.82; COUNT_Z=2.17; daily_ots=52069.1 > thresh=28032.8 (median=3568.1, MAD=1650.1, n=140)"
2531033574337163863,2025-10-18,360351,mijia,Малая техника,34069.938,12.1631,10.0,"CombinedScore=12.16; OTS_Z=12.16; COUNT_Z=2.88; daily_ots=34069.9 > thresh=28598.1 (median=3301.9, MAD=1706.2, n=181)"
2738194092690289674,2025-10-18,211160,revolution,Макияж для лица,45165.956,12.7295,10.0,"CombinedScore=12.73; OTS_Z=12.73; COUNT_Z=3.53; daily_ots=45166.0 > thresh=36512.3 (median=4807.5, MAD=2138.5, n=12)"
3242598857385035457,2025-10-18,198484,apple iphone,Смартфоны,64272.304,12.1565,10.0,"CombinedScore=12.16; OTS_Z=12.16; COUNT_Z=4.29; daily_ots=64272.3 > thresh=53838.7 (median=5457.4, MAD=3263.3, n=9860)"
6052843423965704425,2025-10-18,214973,philips,Крупная техника,39574.062,10.6519,10.0,"CombinedScore=10.65; OTS_Z=10.65; COUNT_Z=3.80; daily_ots=39574.1 > thresh=37402.8 (median=4098.3, MAD=2246.4, n=176)"
6629304165209876588,2025-10-18,210322,lg,Крупная техника,33422.913,10.4218,10.0,"CombinedScore=10.42; OTS_Z=10.42; COUNT_Z=6.81; daily_ots=33422.9 > thresh=32222.6 (median=3764.0, MAD=1919.5, n=942)"
7719181224280448770,2025-10-18,207447,honor,Смартфоны,42398.972,10.2843,10.0,"CombinedScore=10.28; OTS_Z=10.28; COUNT_Z=3.88; daily_ots=42399.0 > thresh=41345.0 (median=4270.0, MAD=2500.7, n=4464)"
153134773740665347,2025-10-19,207447,honor,Смартфоны,46861.788,11.488,10.0,"CombinedScore=11.49; OTS_Z=11.49; COUNT_Z=3.23; daily_ots=46861.8 > thresh=41345.0 (median=4270.0, MAD=2500.7, n=4464)"
864698737912134848,2025-10-19,207447,honor,Смартфоны,121157.442,31.5273,10.0,"CombinedScore=31.53; OTS_Z=31.53; COUNT_Z=3.23; daily_ots=121157.4 > thresh=41345.0 (median=4270.0, MAD=2500.7, n=4464)"
1161942649620631617,2025-10-19,216181,redmi,Смартфоны,41816.934,10.4643,10.0,"CombinedScore=10.46; OTS_Z=10.46; COUNT_Z=1.52; daily_ots=41816.9 > thresh=40150.5 (median=4256.6, MAD=2421.0, n=4609)"
1585271561337032846,2025-10-19,202420,crockid,Детские одежда и обувь,77460.525,20.2794,10.0,"CombinedScore=20.28; OTS_Z=20.28; COUNT_Z=5.03; daily_ots=77460.5 > thresh=40819.4 (median=5174.2, MAD=2404.3, n=157)"
2531033574337163819,2025-10-19,213658,nordman,Детские одежда и обувь,43888.156,16.718,10.0,"CombinedScore=16.72; OTS_Z=16.72; COUNT_Z=4.59; daily_ots=43888.2 > thresh=27634.2 (median=3439.5, MAD=1631.9, n=84)"
2594080773626550089,2025-10-19,198484,apple iphone,Смартфоны,73832.514,14.1326,10.0,"CombinedScore=14.13; OTS_Z=14.13; COUNT_Z=3.68; daily_ots=73832.5 > thresh=53838.7 (median=5457.4, MAD=3263.3, n=9860)"
2882310110228255577,2025-10-19,307306,tecno camon,Смартфоны,44517.86,12.3662,10.0,"CombinedScore=12.37; OTS_Z=12.37; COUNT_Z=2.45; daily_ots=44517.9 > thresh=36701.5 (median=3668.9, MAD=2228.1, n=806)"
5332267584642577280,2025-10-19,221942,xiaomi,Малая техника,51673.232,18.09,10.0,"CombinedScore=18.09; OTS_Z=18.09; COUNT_Z=0.99; daily_ots=51673.2 > thresh=30191.1 (median=3637.1, MAD=1791.1, n=919)"
5701568878757409536,2025-10-19,281079,samsung galaxy,Смартфоны,159013.152,37.6929,10.0,"CombinedScore=37.69; OTS_Z=37.69; COUNT_Z=6.48; daily_ots=159013.2 > thresh=45631.7 (median=4689.4, MAD=2761.6, n=7433)"
6061856428691210627,2025-10-19,209721,la roche posay,Средства для умывания и ухода за лицом,61689.545,17.5367,10.0,"CombinedScore=17.54; OTS_Z=17.54; COUNT_Z=3.78; daily_ots=61689.5 > thresh=36988.1 (median=4213.4, MAD=2210.7, n=195)"
6061856428691210627,2025-10-19,221015,vichy,Средства для умывания и ухода за лицом,24675.818,10.7504,10.0,"CombinedScore=10.75; OTS_Z=10.75; COUNT_Z=1.58; daily_ots=24675.8 > thresh=23154.8 (median=2886.3, MAD=1367.1, n=56)"
6567609326341607744,2025-10-19,214505,palace,Одежда,70526.196,17.3804,10.0,"CombinedScore=17.38; OTS_Z=17.38; COUNT_Z=3.07; daily_ots=70526.2 > thresh=42872.1 (median=5402.6, MAD=2527.3, n=22)"
6629305709414973060,2025-10-19,218309,sony,Смартфоны,129183.08,40.9961,10.0,"CombinedScore=41.00; OTS_Z=41.00; COUNT_Z=3.35; daily_ots=129183.1 > thresh=34444.0 (median=3879.2, MAD=2061.6, n=311)"
7214778265081625857,2025-10-19,200349,black shark,Смартфоны,121864.792,33.8309,10.0,"CombinedScore=33.83; OTS_Z=33.83; COUNT_Z=4.52; daily_ots=121864.8 > thresh=39395.6 (median=4789.7, MAD=2334.2, n=29)"
7214778265081625857,2025-10-19,215234,poco,Смартфоны,91398.594,22.4253,10.0,"CombinedScore=22.43; OTS_Z=22.43; COUNT_Z=2.85; daily_ots=91398.6 > thresh=43228.0 (median=4459.8, MAD=2614.9, n=3221)"
7576643904375722625,2025-10-19,197627,adidas,Обувь,44213.728,13.5749,10.0,"CombinedScore=13.57; OTS_Z=13.57; COUNT_Z=0.68; daily_ots=44213.7 > thresh=33583.1 (median=3846.3, MAD=2005.7, n=1525)"
7576643904375722625,2025-10-19,198350,anker,Аудиотехника,44213.728,16.2443,10.0,"CombinedScore=16.24; OTS_Z=16.24; COUNT_Z=1.23; daily_ots=44213.7 > thresh=28764.7 (median=4023.9, MAD=1668.8, n=68)"
7576643904375722625,2025-10-19,202423,crocs,Обувь,44213.728,13.2862,10.0,"CombinedScore=13.29; OTS_Z=13.29; COUNT_Z=1.31; daily_ots=44213.7 > thresh=34287.2 (median=4080.8, MAD=2037.4, n=1343)"
7576643904375722625,2025-10-19,214142,oneplus,Аудиотехника,88427.456,12.488,10.0,"CombinedScore=12.49; OTS_Z=12.49; COUNT_Z=2.21; daily_ots=88427.5 > thresh=72113.9 (median=6545.9, MAD=4422.6, n=86)"
7576643904375722625,2025-10-19,216114,realme,Аудиотехника,88427.456,15.6724,10.0,"CombinedScore=15.67; OTS_Z=15.67; COUNT_Z=2.87; daily_ots=88427.5 > thresh=58566.6 (median=5924.6, MAD=3550.7, n=274)"
8367700322646860865,2025-10-19,216114,realme,Смартфоны,72086.868,17.7504,10.0,"CombinedScore=17.75; OTS_Z=17.75; COUNT_Z=3.14; daily_ots=72086.9 > thresh=42576.5 (median=4500.5, MAD=2568.2, n=3843)"
8801543622528988544,2025-10-19,198484,apple iphone,Смартфоны,111153.564,21.8465,10.0,"CombinedScore=21.85; OTS_Z=21.85; COUNT_Z=3.07; daily_ots=111153.6 > thresh=53838.7 (median=5457.4, MAD=3263.3, n=9860)"
8872102557463947648,2025-10-19,201165,calvin klein,Одежда,55052.292,17.2658,10.0,"CombinedScore=17.27; OTS_Z=17.27; COUNT_Z=2.49; daily_ots=55052.3 > thresh=33586.4 (median=4042.7, MAD=1992.7, n=187)"
5034735006831,2025-10-20,219424,tendance,Обувь,27290.165,11.483,10.0,"CombinedScore=11.48; OTS_Z=11.48; COUNT_Z=9.72; daily_ots=27290.2 > thresh=24214.6 (median=3475.9, MAD=1398.8, n=166)"
153134773740665347,2025-10-20,207447,honor,Смартфоны,97332.248,25.1011,10.0,"CombinedScore=25.10; OTS_Z=25.10; COUNT_Z=7.76; daily_ots=97332.2 > thresh=41345.0 (median=4270.0, MAD=2500.7, n=4464)"
1234809583742113409,2025-10-20,218758,stone island,Одежда,21686.53,10.1984,10.0,"CombinedScore=10.20; OTS_Z=10.20; COUNT_Z=1.44; daily_ots=21686.5 > thresh=21324.7 (median=3092.1, MAD=1229.8, n=219)"
1306806058556077568,2025-10-20,198484,apple iphone,Смартфоны,93816.978,18.2632,10.0,"CombinedScore=18.26; OTS_Z=18.26; COUNT_Z=3.07; daily_ots=93817.0 > thresh=53838.7 (median=5457.4, MAD=3263.3, n=9860)"
1585271561336609638,2025-10-20,211631,mayoral,Детские одежда и обувь,7678.458,50.0135,10.0,"CombinedScore=50.01; OTS_Z=50.01; COUNT_Z=1.75; daily_ots=7678.5 > thresh=2819.5 (median=1605.2, MAD=81.9, n=17)"
1585271561336614331,2025-10-20,216798,royal canin,Корм для кошек,42191.319,15.8491,10.0,"CombinedScore=15.85; OTS_Z=15.85; COUNT_Z=2.77; daily_ots=42191.3 > thresh=27911.2 (median=3497.0, MAD=1646.7, n=527)"
1585271561336938714,2025-10-20,218758,stone island,Одежда,26553.83,12.868,10.0,"CombinedScore=12.87; OTS_Z=12.87; COUNT_Z=1.44; daily_ots=26553.8 > thresh=21324.7 (median=3092.1, MAD=1229.8, n=219)"
1585271561337034353,2025-10-20,198476,apple airpods,Аудиотехника,43980.906,10.1058,10.0,"CombinedScore=10.11; OTS_Z=10.11; COUNT_Z=4.43; daily_ots=43980.9 > thresh=43568.0 (median=4544.8, MAD=2632.1, n=531)"
1738401682216574849,2025-10-20,198484,apple iphone,Смартфоны,56151.675,10.4781,10.0,"CombinedScore=10.48; OTS_Z=10.48; COUNT_Z=4.91; daily_ots=56151.7 > thresh=53838.7 (median=5457.4, MAD=3263.3, n=9860)"
2882310110228255577,2025-10-20,238974,tecno spark,Смартфоны,68094.012,19.8552,10.0,"CombinedScore=19.86; OTS_Z=19.86; COUNT_Z=4.45; daily_ots=68094.0 > thresh=36237.5 (median=3913.1, MAD=2180.3, n=1254)"
3684346221097551104,2025-10-20,281079,samsung galaxy,Смартфоны,50698.036,11.2374,10.0,"CombinedScore=11.24; OTS_Z=11.24; COUNT_Z=0.59; daily_ots=50698.0 > thresh=45631.7 (median=4689.4, MAD=2761.6, n=7433)"
4261308455727522880,2025-10-20,201165,calvin klein,Одежда,126789.88,41.5478,10.0,"CombinedScore=41.55; OTS_Z=41.55; COUNT_Z=8.71; daily_ots=126789.9 > thresh=33586.4 (median=4042.7, MAD=1992.7, n=187)"
4692759896965140290,2025-10-20,214973,philips,Малая техника,77457.116,18.5887,10.0,"CombinedScore=18.59; OTS_Z=18.59; COUNT_Z=5.65; daily_ots=77457.1 > thresh=43979.5 (median=5000.9, MAD=2629.1, n=702)"
4980994376076635008,2025-10-20,216181,redmi,Смартфоны,40197.32,10.0131,10.0,"CombinedScore=10.01; OTS_Z=10.01; COUNT_Z=2.28; daily_ots=40197.3 > thresh=40150.5 (median=4256.6, MAD=2421.0, n=4609)"
5044039385649898752,2025-10-20,212017,midea,Малая техника,76045.53,21.0842,10.0,"CombinedScore=21.08; OTS_Z=21.08; COUNT_Z=1.73; daily_ots=76045.5 > thresh=38131.1 (median=3925.4, MAD=2307.2, n=122)"
7277824441388353957,2025-10-20,199389,baden,Обувь,52057.692,21.4098,10.0,"CombinedScore=21.41; OTS_Z=21.41; COUNT_Z=3.84; daily_ots=52057.7 > thresh=26016.0 (median=3192.1, MAD=1539.5, n=147)"
8214572793405073281,2025-10-20,206804,haier,Крупная техника,63747.726,19.3262,10.0,"CombinedScore=19.33; OTS_Z=19.33; COUNT_Z=3.43; daily_ots=63747.7 > thresh=34924.6 (median=4019.2, MAD=2084.6, n=729)"
946228364784665728,2025-10-21,202087,columbia,Одежда,31582.894,14.5018,10.0,"CombinedScore=14.50; OTS_Z=14.50; COUNT_Z=1.21; daily_ots=31582.9 > thresh=22760.1 (median=3161.9, MAD=1321.9, n=144)"
1161942649620632320,2025-10-21,207447,honor,Смартфоны,52466.334,12.9997,10.0,"CombinedScore=13.00; OTS_Z=13.00; COUNT_Z=1.29; daily_ots=52466.3 > thresh=41345.0 (median=4270.0, MAD=2500.7, n=4464)"
1585271561336817322,2025-10-21,205516,francesco donni,Обувь,139688.49,90.0226,10.0,"CombinedScore=90.02; OTS_Z=90.02; COUNT_Z=6.49; daily_ots=139688.5 > thresh=18369.1 (median=3208.5, MAD=1022.6, n=61)"
1585271561337013495,2025-10-21,211419,marshall (электроника),Аудиотехника,50429.682,11.547,10.0,"CombinedScore=11.55; OTS_Z=11.55; COUNT_Z=0.96; daily_ots=50429.7 > thresh=44253.0 (median=4326.2, MAD=2693.1, n=199)"
1585271561337013495,2025-10-21,216181,redmi,Смартфоны,50429.682,12.8638,10.0,"CombinedScore=12.86; OTS_Z=12.86; COUNT_Z=0.76; daily_ots=50429.7 > thresh=40150.5 (median=4256.6, MAD=2421.0, n=4609)"
1585271561337020491,2025-10-21,221942,xiaomi,Смартфоны,45273.594,11.5984,10.0,"CombinedScore=11.60; OTS_Z=11.60; COUNT_Z=1.42; daily_ots=45273.6 > thresh=39628.5 (median=4310.7, MAD=2382.2, n=3163)"
1585271561337034979,2025-10-21,216575,roborock,Малая техника,133040.257,32.2475,10.0,"CombinedScore=32.25; OTS_Z=32.25; COUNT_Z=3.64; daily_ots=133040.3 > thresh=44206.3 (median=4276.4, MAD=2693.3, n=176)"
1729388589032331985,2025-10-21,211376,mark formelle,Детские одежда и обувь,25250.699,15.9051,10.0,"CombinedScore=15.91; OTS_Z=15.91; COUNT_Z=0.00; daily_ots=25250.7 > thresh=17155.6 (median=3446.9, MAD=924.7, n=13)"
1738401682216574849,2025-10-21,198484,apple iphone,Смартфоны,176132.04,35.277,10.0,"CombinedScore=35.28; OTS_Z=35.28; COUNT_Z=3.68; daily_ots=176132.0 > thresh=53838.7 (median=5457.4, MAD=3263.3, n=9860)"
2233802616987598273,2025-10-21,325719,юнармия,Одежда,20907.532,11.4382,10.0,"CombinedScore=11.44; OTS_Z=11.44; COUNT_Z=1.77; daily_ots=20907.5 > thresh=18806.2 (median=4195.5, MAD=985.5, n=31)"
2242869852638387712,2025-10-21,214199,oppo (электроника),Смартфоны,90775.559,25.2895,10.0,"CombinedScore=25.29; OTS_Z=25.29; COUNT_Z=4.96; daily_ots=90775.6 > thresh=38433.0 (median=4198.8, MAD=2309.1, n=872)"
2954368544761414400,2025-10-21,209412,korting,Крупная техника,48436.004,22.5935,10.0,"CombinedScore=22.59; OTS_Z=22.59; COUNT_Z=4.13; daily_ots=48436.0 > thresh=23037.3 (median=2869.2, MAD=1360.3, n=36)"
4764817325728907649,2025-10-21,213686,northland,Обувь,14972.87,15.264,10.0,"CombinedScore=15.26; OTS_Z=15.26; COUNT_Z=1.66; daily_ots=14972.9 > thresh=10507.3 (median=2024.0, MAD=572.2, n=35)"
6052843423965704462,2025-10-21,216798,royal canin,Корм для кошек,50501.398,19.2529,10.0,"CombinedScore=19.25; OTS_Z=19.25; COUNT_Z=1.39; daily_ots=50501.4 > thresh=27911.2 (median=3497.0, MAD=1646.7, n=527)"
6052843423965704462,2025-10-21,222295,zarina,Одежда,25250.699,10.4894,10.0,"CombinedScore=10.49; OTS_Z=10.49; COUNT_Z=0.00; daily_ots=25250.7 > thresh=24247.9 (median=3757.8, MAD=1382.1, n=477)"
7576643904375722625,2025-10-21,209227,kitfort,Малая техника,43975.48,14.2634,10.0,"CombinedScore=14.26; OTS_Z=14.26; COUNT_Z=1.24; daily_ots=43975.5 > thresh=31982.8 (median=3853.5, MAD=1897.3, n=830)"
8214572793405073281,2025-10-21,206804,haier,Крупная техника,35461.605,10.1738,10.0,"CombinedScore=10.17; OTS_Z=10.17; COUNT_Z=1.37; daily_ots=35461.6 > thresh=34924.6 (median=4019.2, MAD=2084.6, n=729)"
8368908434252673472,2025-10-21,213768,nubia,Смартфоны,75752.097,24.6959,10.0,"CombinedScore=24.70; OTS_Z=24.70; COUNT_Z=2.76; daily_ots=75752.1 > thresh=32792.9 (median=3560.8, MAD=1971.7, n=138)"
8368908434252673472,2025-10-21,216180,redmagic,Смартфоны,50501.398,10.8543,10.0,"CombinedScore=10.85; OTS_Z=10.85; COUNT_Z=1.41; daily_ots=50501.4 > thresh=46912.5 (median=4904.7, MAD=2833.4, n=146)"
441361688982367554,2025-10-22,199450,balenciaga,Одежда,51410.85,13.3437,10.0,"CombinedScore=13.34; OTS_Z=13.34; COUNT_Z=1.17; daily_ots=51410.8 > thresh=39589.4 (median=4234.4, MAD=2384.7, n=134)"
864698737912134848,2025-10-22,198484,apple iphone,Смартфоны,60852.729,11.4498,10.0,"CombinedScore=11.45; OTS_Z=11.45; COUNT_Z=1.23; daily_ots=60852.7 > thresh=53838.7 (median=5457.4, MAD=3263.3, n=9860)"
864698737912134848,2025-10-22,207447,honor,Смартфоны,101421.215,26.204,10.0,"CombinedScore=26.20; OTS_Z=26.20; COUNT_Z=2.59; daily_ots=101421.2 > thresh=41345.0 (median=4270.0, MAD=2500.7, n=4464)"
864698737912134848,2025-10-22,214142,oneplus,Смартфоны,101421.215,26.4655,10.0,"CombinedScore=26.47; OTS_Z=26.47; COUNT_Z=2.48; daily_ots=101421.2 > thresh=41004.4 (median=4311.5, MAD=2474.9, n=851)"
1017826062559976640,2025-10-22,281079,samsung galaxy,Смартфоны,46601.17,10.2368,10.0,"CombinedScore=10.24; OTS_Z=10.24; COUNT_Z=2.36; daily_ots=46601.2 > thresh=45631.7 (median=4689.4, MAD=2761.6, n=7433)"
1585271561336741967,2025-10-22,211128,maison margiela,Обувь,48784.26,12.4245,10.0,"CombinedScore=12.42; OTS_Z=12.42; COUNT_Z=7.76; daily_ots=48784.3 > thresh=40081.9 (median=4188.7, MAD=2421.0, n=60)"
1585271561336991274,2025-10-22,216114,realme,Смартфоны,146800.926,37.3727,10.0,"CombinedScore=37.37; OTS_Z=37.37; COUNT_Z=5.03; daily_ots=146800.9 > thresh=42576.5 (median=4500.5, MAD=2568.2, n=3843)"
2954368544761414400,2025-10-22,214199,oppo (электроника),Смартфоны,47945.56,12.7787,10.0,"CombinedScore=12.78; OTS_Z=12.78; COUNT_Z=2.48; daily_ots=47945.6 > thresh=38433.0 (median=4198.8, MAD=2309.1, n=872)"
5197164996113048095,2025-10-22,213474,nike,Обувь,139576.325,36.0876,10.0,"CombinedScore=36.09; OTS_Z=36.09; COUNT_Z=14.37; daily_ots=139576.3 > thresh=41879.1 (median=4429.4, MAD=2526.0, n=1795)"
6052843423965704425,2025-10-22,214973,philips,Крупная техника,58757.661,16.412,10.0,"CombinedScore=16.41; OTS_Z=16.41; COUNT_Z=6.08; daily_ots=58757.7 > thresh=37402.8 (median=4098.3, MAD=2246.4, n=176)"
6196961100373024751,2025-10-22,207447,honor,Смартфоны,77116.275,19.6484,10.0,"CombinedScore=19.65; OTS_Z=19.65; COUNT_Z=1.29; daily_ots=77116.3 > thresh=41345.0 (median=4270.0, MAD=2500.7, n=4464)"
6196961100373024751,2025-10-22,213816,nutrilak,Детское питание,51410.85,14.2549,10.0,"CombinedScore=14.25; OTS_Z=14.25; COUNT_Z=1.57; daily_ots=51410.8 > thresh=37349.4 (median=4301.5, MAD=2229.1, n=230)"
6629304165209876295,2025-10-22,216161,red solution,Малая техника,59134.482,20.7801,10.0,"CombinedScore=20.78; OTS_Z=20.78; COUNT_Z=2.14; daily_ots=59134.5 > thresh=30322.4 (median=3595.2, MAD=1802.7, n=112)"
6629304165209876826,2025-10-22,216181,redmi,Смартфоны,51410.85,13.1371,10.0,"CombinedScore=13.14; OTS_Z=13.14; COUNT_Z=0.76; daily_ots=51410.8 > thresh=40150.5 (median=4256.6, MAD=2421.0, n=4609)"
6629304165209877571,2025-10-22,213014,nad,Аудиотехника,28572.988,11.3012,10.0,"CombinedScore=11.30; OTS_Z=11.30; COUNT_Z=3.48; daily_ots=28573.0 > thresh=25741.1 (median=3976.9, MAD=1468.0, n=11)"
6710377279947371714,2025-10-22,197548,asics,Обувь,42356.212,10.4644,10.0,"CombinedScore=10.46; OTS_Z=10.46; COUNT_Z=1.08; daily_ots=42356.2 > thresh=40678.3 (median=4548.6, MAD=2436.9, n=512)"
6710377279947371714,2025-10-22,213360,new balance,Обувь,63534.318,18.5543,10.0,"CombinedScore=18.55; OTS_Z=18.55; COUNT_Z=1.94; daily_ots=63534.3 > thresh=36096.0 (median=4020.5, MAD=2163.5, n=482)"
8214572793405073281,2025-10-22,219306,tcl (техника),Крупная техника,35556.237,10.2169,10.0,"CombinedScore=10.22; OTS_Z=10.22; COUNT_Z=1.04; daily_ots=35556.2 > thresh=34879.3 (median=3673.6, MAD=2104.8, n=372)"
1306057406386553280,2025-10-23,220800,veet,Товары для ухода за телом,23442.591,11.3464,10.0,"CombinedScore=11.35; OTS_Z=11.35; COUNT_Z=0.00; daily_ots=23442.6 > thresh=21086.0 (median=3582.4, MAD=1180.6, n=19)"
1585271561336618120,2025-10-23,215730,pupa,Макияж для глаз,24511.51,10.3875,10.0,"CombinedScore=10.39; OTS_Z=10.39; COUNT_Z=2.41; daily_ots=24511.5 > thresh=23718.2 (median=3244.4, MAD=1381.0, n=18)"
1585271561336811493,2025-10-23,207501,hotpoint,Крупная техника,41540.192,12.6046,10.0,"CombinedScore=12.60; OTS_Z=12.60; COUNT_Z=2.97; daily_ots=41540.2 > thresh=33827.6 (median=4216.4, MAD=1997.3, n=170)"
1585271561336901830,2025-10-23,216181,redmi,Смартфоны,42960.486,10.7829,10.0,"CombinedScore=10.78; OTS_Z=10.78; COUNT_Z=0.76; daily_ots=42960.5 > thresh=40150.5 (median=4256.6, MAD=2421.0, n=4609)"
1585271561337001691,2025-10-23,207286,hisense,Крупная техника,72546.448,23.6396,10.0,"CombinedScore=23.64; OTS_Z=23.64; COUNT_Z=0.59; daily_ots=72546.4 > thresh=33063.7 (median=4116.5, MAD=1952.5, n=262)"
1585271561337033941,2025-10-23,197557,acoola,Детские одежда и обувь,31386.624,12.7214,10.0,"CombinedScore=12.72; OTS_Z=12.72; COUNT_Z=3.39; daily_ots=31386.6 > thresh=25567.7 (median=4185.6, MAD=1442.2, n=203)"
1585271561337054434,2025-10-23,213486,nikon,Малая техника,63141.104,12.6054,10.0,"CombinedScore=12.61; OTS_Z=12.61; COUNT_Z=7.42; daily_ots=63141.1 > thresh=51185.6 (median=5298.1, MAD=3095.1, n=416)"
2386920338217062273,2025-10-23,206252,gloria jeans,Одежда,39382.85,12.4133,10.0,"CombinedScore=12.41; OTS_Z=12.41; COUNT_Z=5.58; daily_ots=39382.8 > thresh=32536.1 (median=4165.8, MAD=1913.6, n=595)"
2531033574337163656,2025-10-23,221942,xiaomi,Малая техника,56822.39,20.0291,10.0,"CombinedScore=20.03; OTS_Z=20.03; COUNT_Z=3.94; daily_ots=56822.4 > thresh=30191.1 (median=3637.1, MAD=1791.1, n=919)"
3109169289146835200,2025-10-23,197627,adidas,Обувь,34907.982,10.4455,10.0,"CombinedScore=10.45; OTS_Z=10.45; COUNT_Z=1.35; daily_ots=34908.0 > thresh=33583.1 (median=3846.3, MAD=2005.7, n=1525)"
3109169289146835200,2025-10-23,198484,apple iphone,Смартфоны,69815.964,13.3024,10.0,"CombinedScore=13.30; OTS_Z=13.30; COUNT_Z=3.07; daily_ots=69816.0 > thresh=53838.7 (median=5457.4, MAD=3263.3, n=9860)"
3747001954464117380,2025-10-23,198484,apple iphone,Смартфоны,107473.499,21.0859,10.0,"CombinedScore=21.09; OTS_Z=21.09; COUNT_Z=3.68; daily_ots=107473.5 > thresh=53838.7 (median=5457.4, MAD=3263.3, n=9860)"
3819059496266608833,2025-10-23,215201,playtoday,Детские одежда и обувь,76791.627,24.678,10.0,"CombinedScore=24.68; OTS_Z=24.68; COUNT_Z=2.49; daily_ots=76791.6 > thresh=33798.0 (median=4506.9, MAD=1975.7, n=139)"
4116339792266941760,2025-10-23,198484,apple iphone,Смартфоны,83221.9,16.0733,10.0,"CombinedScore=16.07; OTS_Z=16.07; COUNT_Z=2.45; daily_ots=83221.9 > thresh=53838.7 (median=5457.4, MAD=3263.3, n=9860)"
5125106987349937950,2025-10-23,199228,акс,Дезодоранты,66374.118,28.3607,10.0,"CombinedScore=28.36; OTS_Z=28.36; COUNT_Z=3.62; daily_ots=66374.1 > thresh=25692.4 (median=3535.4, MAD=1494.5, n=255)"
6629304165209876610,2025-10-23,215234,poco,Смартфоны,46115.392,10.7448,10.0,"CombinedScore=10.74; OTS_Z=10.74; COUNT_Z=3.99; daily_ots=46115.4 > thresh=43228.0 (median=4459.8, MAD=2614.9, n=3221)"
6638317131229860104,2025-10-23,203210,discreet,Женская гигиена,49134.256,19.3938,10.0,"CombinedScore=19.39; OTS_Z=19.39; COUNT_Z=1.75; daily_ots=49134.3 > thresh=26966.3 (median=3367.8, MAD=1591.7, n=89)"
7061650094407114889,2025-10-23,217050,salomon,Обувь,44416.562,14.6015,10.0,"CombinedScore=14.60; OTS_Z=14.60; COUNT_Z=1.20; daily_ots=44416.6 > thresh=31585.9 (median=3702.3, MAD=1880.8, n=169)"
7576643904375722625,2025-10-23,202144,concept club,Одежда,47076.522,13.19,10.0,"CombinedScore=13.19; OTS_Z=13.19; COUNT_Z=2.91; daily_ots=47076.5 > thresh=36770.1 (median=4462.1, MAD=2179.2, n=22)"
298774987133531328,2025-10-24,198590,aravia,Средства для умывания и ухода за лицом,51490.686,14.3235,10.0,"CombinedScore=14.32; OTS_Z=14.32; COUNT_Z=1.80; daily_ots=51490.7 > thresh=37225.9 (median=4231.9, MAD=2225.4, n=310)"
432351254888982812,2025-10-24,349140,polesie (одежда),Одежда,51490.686,15.4041,10.0,"CombinedScore=15.40; OTS_Z=15.40; COUNT_Z=2.12; daily_ots=51490.7 > thresh=34813.6 (median=3953.6, MAD=2081.5, n=6)"
1585271561336730527,2025-10-24,307362,чистая линия (косметика),Средства для волос,33256.04,14.7455,10.0,"CombinedScore=14.75; OTS_Z=14.75; COUNT_Z=7.78; daily_ots=33256.0 > thresh=23615.7 (median=3300.9, MAD=1370.2, n=115)"
1585271561336811493,2025-10-24,207501,hotpoint,Крупная техника,48019.54,14.7928,10.0,"CombinedScore=14.79; OTS_Z=14.79; COUNT_Z=2.97; daily_ots=48019.5 > thresh=33827.6 (median=4216.4, MAD=1997.3, n=170)"
1585271561336866220,2025-10-24,207447,honor,Смартфоны,48886.306,12.0341,10.0,"CombinedScore=12.03; OTS_Z=12.03; COUNT_Z=3.88; daily_ots=48886.3 > thresh=41345.0 (median=4270.0, MAD=2500.7, n=4464)"
1585271561336872474,2025-10-24,216114,realme,Смартфоны,62069.628,15.1195,10.0,"CombinedScore=15.12; OTS_Z=15.12; COUNT_Z=1.89; daily_ots=62069.6 > thresh=42576.5 (median=4500.5, MAD=2568.2, n=3843)"
3098483135638258628,2025-10-24,207447,honor,Смартфоны,45365.548,11.0844,10.0,"CombinedScore=11.08; OTS_Z=11.08; COUNT_Z=1.94; daily_ots=45365.5 > thresh=41345.0 (median=4270.0, MAD=2500.7, n=4464)"
3098483602160404120,2025-10-24,213474,nike,Обувь,43204.716,10.354,10.0,"CombinedScore=10.35; OTS_Z=10.35; COUNT_Z=1.80; daily_ots=43204.7 > thresh=41879.1 (median=4429.4, MAD=2526.0, n=1795)"
3891115984388077504,2025-10-24,198484,apple iphone,Смартфоны,58140.844,10.8892,10.0,"CombinedScore=10.89; OTS_Z=10.89; COUNT_Z=0.61; daily_ots=58140.8 > thresh=53838.7 (median=5457.4, MAD=3263.3, n=9860)"
4107288419676846091,2025-10-24,197627,adidas,Обувь,64891.899,20.5286,10.0,"CombinedScore=20.53; OTS_Z=20.53; COUNT_Z=1.35; daily_ots=64891.9 > thresh=33583.1 (median=3846.3, MAD=2005.7, n=1525)"
4766328241907346432,2025-10-24,204179,elseve,Средства для волос,51590.748,14.0143,10.0,"CombinedScore=14.01; OTS_Z=14.01; COUNT_Z=5.24; daily_ots=51590.7 > thresh=38109.4 (median=4526.1, MAD=2265.2, n=160)"
8430745561286483382,2025-10-24,311362,tecno pova,Смартфоны,43169.55,11.8613,10.0,"CombinedScore=11.86; OTS_Z=11.86; COUNT_Z=3.48; daily_ots=43169.6 > thresh=37011.2 (median=3924.7, MAD=2231.7, n=1104)"
5034735006047,2025-10-25,211484,massimo dutti,Одежда,31515.657,12.4794,10.0,"CombinedScore=12.48; OTS_Z=12.48; COUNT_Z=2.64; daily_ots=31515.7 > thresh=25961.2 (median=3558.6, MAD=1511.1, n=34)"
2594080773626550032,2025-10-25,238974,tecno spark,Смартфоны,50941.788,14.549,10.0,"CombinedScore=14.55; OTS_Z=14.55; COUNT_Z=0.89; daily_ots=50941.8 > thresh=36237.5 (median=3913.1, MAD=2180.3, n=1254)"
2603412450760346816,2025-10-25,198484,apple iphone,Смартфоны,67806.006,12.8869,10.0,"CombinedScore=12.89; OTS_Z=12.89; COUNT_Z=3.07; daily_ots=67806.0 > thresh=53838.7 (median=5457.4, MAD=3263.3, n=9860)"
3098483602160404120,2025-10-25,214537,palmolive,Средства для мытья и ухода за руками,21601.376,10.0172,10.0,"CombinedScore=10.02; OTS_Z=10.02; COUNT_Z=2.81; daily_ots=21601.4 > thresh=21570.1 (median=3356.1, MAD=1228.5, n=27)"
3674943108267374686,2025-10-25,199172,avene,Средства для умывания и ухода за лицом,23321.641,11.5039,10.0,"CombinedScore=11.50; OTS_Z=11.50; COUNT_Z=0.00; daily_ots=23321.6 > thresh=20644.4 (median=2842.9, MAD=1200.7, n=47)"
4107288419676846091,2025-10-25,197627,adidas,Обувь,190050.157,62.6174,10.0,"CombinedScore=62.62; OTS_Z=62.62; COUNT_Z=6.76; daily_ots=190050.2 > thresh=33583.1 (median=3846.3, MAD=2005.7, n=1525)"
4107288419676846091,2025-10-25,213474,nike,Обувь,86386.435,21.8846,10.0,"CombinedScore=21.88; OTS_Z=21.88; COUNT_Z=2.40; daily_ots=86386.4 > thresh=41879.1 (median=4429.4, MAD=2526.0, n=1795)"
4107288419676846176,2025-10-25,281079,samsung galaxy,Смартфоны,50941.788,11.297,10.0,"CombinedScore=11.30; OTS_Z=11.30; COUNT_Z=0.59; daily_ots=50941.8 > thresh=45631.7 (median=4689.4, MAD=2761.6, n=7433)"
5053062541200284416,2025-10-25,281079,samsung galaxy,Смартфоны,47746.204,10.5164,10.0,"CombinedScore=10.52; OTS_Z=10.52; COUNT_Z=0.59; daily_ots=47746.2 > thresh=45631.7 (median=4689.4, MAD=2761.6, n=7433)"
6998605980629639169,2025-10-25,213474,nike,Детские одежда и обувь,30203.262,11.0505,10.0,"CombinedScore=11.05; OTS_Z=11.05; COUNT_Z=2.49; daily_ots=30203.3 > thresh=27651.3 (median=3357.6, MAD=1638.6, n=120)"
7576643904375722625,2025-10-25,221229,vivo (электроника),Смартфоны,45440.556,10.102,10.0,"CombinedScore=10.10; OTS_Z=10.10; COUNT_Z=0.78; daily_ots=45440.6 > thresh=45028.8 (median=4677.5, MAD=2721.7, n=1154)"
7647124857813028096,2025-10-25,199821,behringer,Аудиотехника,645349.152,134.4932,10.0,"CombinedScore=134.49; OTS_Z=134.49; COUNT_Z=8.22; daily_ots=645349.2 > thresh=52914.6 (median=5326.9, MAD=3209.8, n=117)"
7782225973962771492,2025-10-25,201236,canon,Малая техника,89945.73,24.2359,10.0,"CombinedScore=24.24; OTS_Z=24.24; COUNT_Z=6.19; daily_ots=89945.7 > thresh=39580.9 (median=4202.3, MAD=2386.3, n=381)"
7782225973962771492,2025-10-25,213486,nikon,Малая техника,80951.157,16.4866,10.0,"CombinedScore=16.49; OTS_Z=16.49; COUNT_Z=4.72; daily_ots=80951.2 > thresh=51185.6 (median=5298.1, MAD=3095.1, n=416)"
8935147025123496934,2025-10-25,234796,пемолюкс,Универсальные чистящие средства,25464.611,11.3316,10.0,"CombinedScore=11.33; OTS_Z=11.33; COUNT_Z=0.00; daily_ots=25464.6 > thresh=22833.7 (median=3076.4, MAD=1332.6, n=103)"
360293373317682068,2025-10-26,219127,ttaccardi,Обувь,25440.405,10.3623,10.0,"CombinedScore=10.36; OTS_Z=10.36; COUNT_Z=9.36; daily_ots=25440.4 > thresh=24665.9 (median=3284.9, MAD=1442.1, n=471)"
1306055321721055768,2025-10-26,201926,clever wear,Одежда,17590.261,10.0534,10.0,"CombinedScore=10.05; OTS_Z=10.05; COUNT_Z=0.00; daily_ots=17590.3 > thresh=17511.7 (median=2818.3, MAD=991.1, n=40)"
1513216534290429780,2025-10-26,210662,lonsdale,Одежда,32031.297,15.8022,10.0,"CombinedScore=15.80; OTS_Z=15.80; COUNT_Z=1.51; daily_ots=32031.3 > thresh=21371.2 (median=2998.7, MAD=1239.2, n=85)"
1585271561336690460,2025-10-26,214553,panasonic,Малая техника,29910.012,10.3202,10.0,"CombinedScore=10.32; OTS_Z=10.32; COUNT_Z=6.26; daily_ots=29910.0 > thresh=29090.8 (median=3510.9, MAD=1725.4, n=261)"
1585271561336731414,2025-10-26,202087,columbia,Одежда,33482.924,15.4713,10.0,"CombinedScore=15.47; OTS_Z=15.47; COUNT_Z=3.62; daily_ots=33482.9 > thresh=22760.1 (median=3161.9, MAD=1321.9, n=144)"
1585271561336984926,2025-10-26,207501,hotpoint,Крупная техника,199377.669,65.908,10.0,"CombinedScore=65.91; OTS_Z=65.91; COUNT_Z=1.98; daily_ots=199377.7 > thresh=33827.6 (median=4216.4, MAD=1997.3, n=170)"
2242869852638387712,2025-10-26,214199,oppo (электроника),Смартфоны,51845.46,13.9178,10.0,"CombinedScore=13.92; OTS_Z=13.92; COUNT_Z=1.65; daily_ots=51845.5 > thresh=38433.0 (median=4198.8, MAD=2309.1, n=872)"
2675151659929808384,2025-10-26,281079,samsung galaxy,Смартфоны,73324.76,16.7639,10.0,"CombinedScore=16.76; OTS_Z=16.76; COUNT_Z=5.30; daily_ots=73324.8 > thresh=45631.7 (median=4689.4, MAD=2761.6, n=7433)"
2738194092690289683,2025-10-26,215722,puma,Обувь,80754.245,19.7372,10.0,"CombinedScore=19.74; OTS_Z=19.74; COUNT_Z=4.45; daily_ots=80754.2 > thresh=43131.7 (median=4493.6, MAD=2606.1, n=408)"
3963174951955398626,2025-10-26,207447,honor,Смартфоны,41794.151,10.1212,10.0,"CombinedScore=10.12; OTS_Z=10.12; COUNT_Z=3.88; daily_ots=41794.2 > thresh=41345.0 (median=4270.0, MAD=2500.7, n=4464)"
3963175209649623032,2025-10-26,216114,realme,Смартфоны,73536.288,18.131,10.0,"CombinedScore=18.13; OTS_Z=18.13; COUNT_Z=1.89; daily_ots=73536.3 > thresh=42576.5 (median=4500.5, MAD=2568.2, n=3843)"
4548647573216181123,2025-10-26,201908,клиар,Средства для волос,36896.066,12.9358,10.0,"CombinedScore=12.94; OTS_Z=12.94; COUNT_Z=1.78; daily_ots=36896.1 > thresh=29369.4 (median=3732.3, MAD=1729.2, n=108)"
4621288485247139456,2025-10-26,205867,garmin,Смарт-часы и браслеты,30454.656,12.4142,10.0,"CombinedScore=12.41; OTS_Z=12.41; COUNT_Z=2.49; daily_ots=30454.7 > thresh=25289.9 (median=3896.8, MAD=1443.0, n=153)"
4764817325728907840,2025-10-26,207883,incanto,Одежда,30115.548,11.9287,10.0,"CombinedScore=11.93; OTS_Z=11.93; COUNT_Z=3.53; daily_ots=30115.5 > thresh=25818.8 (median=3540.8, MAD=1502.6, n=57)"
5053062541200284416,2025-10-26,281079,samsung galaxy,Смартфоны,57347.622,12.8616,10.0,"CombinedScore=12.86; OTS_Z=12.86; COUNT_Z=1.18; daily_ots=57347.6 > thresh=45631.7 (median=4689.4, MAD=2761.6, n=7433)"
5197164996113047885,2025-10-26,281079,samsung galaxy,Смартфоны,46240.408,10.1487,10.0,"CombinedScore=10.15; OTS_Z=10.15; COUNT_Z=1.77; daily_ots=46240.4 > thresh=45631.7 (median=4689.4, MAD=2761.6, n=7433)"
5260212023980595118,2025-10-26,207447,honor,Смартфоны,53735.337,13.342,10.0,"CombinedScore=13.34; OTS_Z=13.34; COUNT_Z=5.17; daily_ots=53735.3 > thresh=41345.0 (median=4270.0, MAD=2500.7, n=4464)"
5918369977010725056,2025-10-26,216181,redmi,Смартфоны,45977.486,11.6234,10.0,"CombinedScore=11.62; OTS_Z=11.62; COUNT_Z=0.76; daily_ots=45977.5 > thresh=40150.5 (median=4256.6, MAD=2421.0, n=4609)"
6206643039465930496,2025-10-26,208796,kappa,Одежда,35777.828,10.3365,10.0,"CombinedScore=10.34; OTS_Z=10.34; COUNT_Z=2.56; daily_ots=35777.8 > thresh=34742.7 (median=3981.8, MAD=2074.8, n=159)"
6269028026879258946,2025-10-26,207543,huawei,Смартфоны,55097.988,16.5681,10.0,"CombinedScore=16.57; OTS_Z=16.57; COUNT_Z=3.79; daily_ots=55098.0 > thresh=34773.1 (median=3828.5, MAD=2087.2, n=1984)"
6341072931965192096,2025-10-26,242139,яндекс,Аудиотехника,42677.008,11.7366,10.0,"CombinedScore=11.74; OTS_Z=11.74; COUNT_Z=2.18; daily_ots=42677.0 > thresh=36944.9 (median=3938.1, MAD=2226.3, n=2495)"
6629304165209876826,2025-10-26,242139,яндекс,Аудиотехника,77487.504,22.2831,10.0,"CombinedScore=22.28; OTS_Z=22.28; COUNT_Z=1.46; daily_ots=77487.5 > thresh=36944.9 (median=3938.1, MAD=2226.3, n=2495)"
6629304165209878003,2025-10-26,281079,samsung galaxy,Смартфоны,56649.678,12.6911,10.0,"CombinedScore=12.69; OTS_Z=12.69; COUNT_Z=2.94; daily_ots=56649.7 > thresh=45631.7 (median=4689.4, MAD=2761.6, n=7433)"
8223912547485265408,2025-10-26,216181,redmi,Смартфоны,42121.104,10.549,10.0,"CombinedScore=10.55; OTS_Z=10.55; COUNT_Z=0.76; daily_ots=42121.1 > thresh=40150.5 (median=4256.6, MAD=2421.0, n=4609)"
360295281038589840,2025-10-27,230870,лемакс,Крупная техника,30931.167,11.7477,10.0,"CombinedScore=11.75; OTS_Z=11.75; COUNT_Z=1.94; daily_ots=30931.2 > thresh=26903.0 (median=3854.7, MAD=1554.6, n=29)"
801649609405801345,2025-10-27,208338,janome,Малая техника,37706.295,13.8588,10.0,"CombinedScore=13.86; OTS_Z=13.86; COUNT_Z=8.73; daily_ots=37706.3 > thresh=28154.2 (median=3400.5, MAD=1669.6, n=110)"
1306055918923481346,2025-10-27,221229,vivo (электроника),Смартфоны,52317.825,11.8064,10.0,"CombinedScore=11.81; OTS_Z=11.81; COUNT_Z=3.12; daily_ots=52317.8 > thresh=45028.8 (median=4677.5, MAD=2721.7, n=1154)"
1585271561336710324,2025-10-27,218309,sony,Крупная техника,28615.638,10.161,10.0,"CombinedScore=10.16; OTS_Z=10.16; COUNT_Z=2.47; daily_ots=28615.6 > thresh=28209.0 (median=2949.1, MAD=1703.8, n=118)"
1585271561336731414,2025-10-27,202087,columbia,Одежда,50086.14,23.9431,10.0,"CombinedScore=23.94; OTS_Z=23.94; COUNT_Z=6.03; daily_ots=50086.1 > thresh=22760.1 (median=3161.9, MAD=1321.9, n=144)"
1585271561336939603,2025-10-27,202901,delonghi,Малая техника,52062.85,18.8464,10.0,"CombinedScore=18.85; OTS_Z=18.85; COUNT_Z=1.05; daily_ots=52062.8 > thresh=29302.9 (median=3574.9, MAD=1735.4, n=229)"
1585271561337054434,2025-10-27,213486,nikon,Малая техника,60707.312,12.075,10.0,"CombinedScore=12.08; OTS_Z=12.08; COUNT_Z=9.44; daily_ots=60707.3 > thresh=51185.6 (median=5298.1, MAD=3095.1, n=416)"
1666345625407870272,2025-10-27,238974,tecno spark,Смартфоны,42014.298,11.7871,10.0,"CombinedScore=11.79; OTS_Z=11.79; COUNT_Z=4.45; daily_ots=42014.3 > thresh=36237.5 (median=3913.1, MAD=2180.3, n=1254)"
1873514497487928217,2025-10-27,221229,vivo (электроника),Смартфоны,49678.158,11.1522,10.0,"CombinedScore=11.15; OTS_Z=11.15; COUNT_Z=1.56; daily_ots=49678.2 > thresh=45028.8 (median=4677.5, MAD=2721.7, n=1154)"
2316334052846495361,2025-10-27,216114,realme,Смартфоны,59148.544,14.3524,10.0,"CombinedScore=14.35; OTS_Z=14.35; COUNT_Z=1.89; daily_ots=59148.5 > thresh=42576.5 (median=4500.5, MAD=2568.2, n=3843)"
3026426229517363157,2025-10-27,198484,apple iphone,Смартфоны,59793.9,11.2309,10.0,"CombinedScore=11.23; OTS_Z=11.23; COUNT_Z=3.07; daily_ots=59793.9 > thresh=53838.7 (median=5457.4, MAD=3263.3, n=9860)"
3035438502080357056,2025-10-27,199911,belwest,Обувь,30089.366,19.0087,10.0,"CombinedScore=19.01; OTS_Z=19.01; COUNT_Z=1.19; daily_ots=30089.4 > thresh=16884.8 (median=2227.2, MAD=988.7, n=124)"
4323473004444957760,2025-10-27,198504,apple watch,Смарт-часы и браслеты,70067.012,23.4718,10.0,"CombinedScore=23.47; OTS_Z=23.47; COUNT_Z=3.10; daily_ots=70067.0 > thresh=32006.2 (median=3753.9, MAD=1905.6, n=323)"
4692759896965140290,2025-10-27,214973,philips,Малая техника,78329.383,18.8125,10.0,"CombinedScore=18.81; OTS_Z=18.81; COUNT_Z=5.65; daily_ots=78329.4 > thresh=43979.5 (median=5000.9, MAD=2629.1, n=702)"
4694401212316192064,2025-10-27,242139,яндекс,Аудиотехника,66096.71,18.8321,10.0,"CombinedScore=18.83; OTS_Z=18.83; COUNT_Z=0.00; daily_ots=66096.7 > thresh=36944.9 (median=3938.1, MAD=2226.3, n=2495)"
4764817325728907840,2025-10-27,213159,natura siberica (косметика),Средства для умывания и ухода за лицом,29427.789,10.692,10.0,"CombinedScore=10.69; OTS_Z=10.69; COUNT_Z=1.79; daily_ots=29427.8 > thresh=27726.0 (median=3134.4, MAD=1658.7, n=34)"
5188154264055124614,2025-10-27,203587,dreame,Малая техника,59877.312,13.8344,10.0,"CombinedScore=13.83; OTS_Z=13.83; COUNT_Z=1.04; daily_ots=59877.3 > thresh=44574.9 (median=4666.7, MAD=2691.8, n=509)"
5548442020957777681,2025-10-27,281079,samsung galaxy,Аудиотехника,52881.59,13.2202,10.0,"CombinedScore=13.22; OTS_Z=13.22; COUNT_Z=3.88; daily_ots=52881.6 > thresh=41040.3 (median=4268.5, MAD=2480.3, n=197)"
6341072931965192431,2025-10-27,198484,apple iphone,Смартфоны,72515.814,13.8604,10.0,"CombinedScore=13.86; OTS_Z=13.86; COUNT_Z=3.68; daily_ots=72515.8 > thresh=53838.7 (median=5457.4, MAD=3263.3, n=9860)"
792639191900656642,2025-10-28,216114,realme,Смарт-часы и браслеты,71707.884,10.1937,10.0,"CombinedScore=10.19; OTS_Z=10.19; COUNT_Z=4.43; daily_ots=71707.9 > thresh=70473.7 (median=6748.0, MAD=4298.3, n=76)"
874294004464681344,2025-10-28,198484,apple iphone,Смартфоны,54929.564,10.2255,10.0,"CombinedScore=10.23; OTS_Z=10.23; COUNT_Z=1.84; daily_ots=54929.6 > thresh=53838.7 (median=5457.4, MAD=3263.3, n=9860)"
1161942649620631617,2025-10-28,220042,toshiba,Крупная техника,50384.79,21.7869,10.0,"CombinedScore=21.79; OTS_Z=21.79; COUNT_Z=2.35; daily_ots=50384.8 > thresh=24995.9 (median=3456.0, MAD=1452.9, n=137)"
1585271561336618707,2025-10-28,215274,polaris (бытовая техника),Малая техника,56646.615,18.0211,10.0,"CombinedScore=18.02; OTS_Z=18.02; COUNT_Z=4.04; daily_ots=56646.6 > thresh=33163.6 (median=3887.0, MAD=1974.7, n=593)"
1585271561336937810,2025-10-28,216800,royal clima,Малая техника,48031.755,12.146,10.0,"CombinedScore=12.15; OTS_Z=12.15; COUNT_Z=0.94; daily_ots=48031.8 > thresh=40170.7 (median=3539.5, MAD=2470.8, n=13)"
1811764471093953345,2025-10-28,216114,realme,Смартфоны,66276.0,16.2243,10.0,"CombinedScore=16.22; OTS_Z=16.22; COUNT_Z=5.03; daily_ots=66276.0 > thresh=42576.5 (median=4500.5, MAD=2568.2, n=3843)"
2738194092690288910,2025-10-28,214142,oneplus,Смартфоны,41578.302,10.1564,10.0,"CombinedScore=10.16; OTS_Z=10.16; COUNT_Z=1.24; daily_ots=41578.3 > thresh=41004.4 (median=4311.5, MAD=2474.9, n=851)"
3963175209649623032,2025-10-28,216114,realme,Смартфоны,46705.986,11.0845,10.0,"CombinedScore=11.08; OTS_Z=11.08; COUNT_Z=1.26; daily_ots=46706.0 > thresh=42576.5 (median=4500.5, MAD=2568.2, n=3843)"
4107288419676846176,2025-10-28,281079,samsung galaxy,Смартфоны,77897.955,17.8809,10.0,"CombinedScore=17.88; OTS_Z=17.88; COUNT_Z=1.18; daily_ots=77898.0 > thresh=45631.7 (median=4689.4, MAD=2761.6, n=7433)"
4260665893039022657,2025-10-28,210322,lg,Крупная техника,32794.352,10.2009,10.0,"CombinedScore=10.20; OTS_Z=10.20; COUNT_Z=0.85; daily_ots=32794.4 > thresh=32222.6 (median=3764.0, MAD=1919.5, n=942)"
4908937353777222017,2025-10-28,221942,xiaomi,Смартфоны,86251.6,23.201,10.0,"CombinedScore=23.20; OTS_Z=23.20; COUNT_Z=4.98; daily_ots=86251.6 > thresh=39628.5 (median=4310.7, MAD=2382.2, n=3163)"
5476385132355153731,2025-10-28,209960,lassie,Детские одежда и обувь,45249.892,14.2999,10.0,"CombinedScore=14.30; OTS_Z=14.30; COUNT_Z=4.27; daily_ots=45249.9 > thresh=32885.7 (median=4130.8, MAD=1939.5, n=124)"
5476385132355153731,2025-10-28,213472,nikastyle,Детские одежда и обувь,45249.892,22.8623,10.0,"CombinedScore=22.86; OTS_Z=22.86; COUNT_Z=3.96; daily_ots=45249.9 > thresh=22059.9 (median=4030.4, MAD=1216.1, n=23)"
6350087523696082048,2025-10-28,200782,braun,Малая техника,31238.948,10.6354,10.0,"CombinedScore=10.64; OTS_Z=10.64; COUNT_Z=2.52; daily_ots=31238.9 > thresh=29583.7 (median=3533.4, MAD=1757.1, n=297)"
1306055918923481346,2025-10-29,369276,iqoo,Смартфоны,71813.9,19.8792,10.0,"CombinedScore=19.88; OTS_Z=19.88; COUNT_Z=2.20; daily_ots=71813.9 > thresh=38107.0 (median=3987.8, MAD=2301.3, n=858)"
1585271561336929916,2025-10-29,217082,samsung,Крупная техника,36062.814,11.7765,10.0,"CombinedScore=11.78; OTS_Z=11.78; COUNT_Z=2.24; daily_ots=36062.8 > thresh=31154.3 (median=3524.9, MAD=1863.6, n=1271)"
1585271561337036299,2025-10-29,198484,apple iphone,Смартфоны,77367.006,14.8631,10.0,"CombinedScore=14.86; OTS_Z=14.86; COUNT_Z=1.23; daily_ots=77367.0 > thresh=53838.7 (median=5457.4, MAD=3263.3, n=9860)"
2170746759837790082,2025-10-29,210729,louis vuitton,Одежда,52342.185,16.8146,10.0,"CombinedScore=16.81; OTS_Z=16.81; COUNT_Z=6.04; daily_ots=52342.2 > thresh=32684.1 (median=3837.0, MAD=1945.7, n=39)"
2242869852638387712,2025-10-29,214199,oppo (электроника),Смарт-часы и браслеты,114619.614,26.6821,10.0,"CombinedScore=26.68; OTS_Z=26.68; COUNT_Z=2.70; daily_ots=114619.6 > thresh=46013.2 (median=4887.4, MAD=2773.9, n=11)"
2242869852638387712,2025-10-29,214199,oppo (электроника),Смартфоны,57309.807,15.514,10.0,"CombinedScore=15.51; OTS_Z=15.51; COUNT_Z=1.65; daily_ots=57309.8 > thresh=38433.0 (median=4198.8, MAD=2309.1, n=872)"
2531033574337164798,2025-10-29,207943,infinix,Смартфоны,77367.006,21.2847,10.0,"CombinedScore=21.28; OTS_Z=21.28; COUNT_Z=1.42; daily_ots=77367.0 > thresh=38467.1 (median=3995.5, MAD=2325.1, n=1831)"
2954368644292678146,2025-10-29,221279,vois,Средства для волос,51578.004,13.4757,10.0,"CombinedScore=13.48; OTS_Z=13.48; COUNT_Z=2.87; daily_ots=51578.0 > thresh=39538.5 (median=4899.7, MAD=2336.4, n=85)"
3098483602160404120,2025-10-29,215413,prada,Одежда,63968.196,17.0601,10.0,"CombinedScore=17.06; OTS_Z=17.06; COUNT_Z=1.21; daily_ots=63968.2 > thresh=39107.8 (median=3895.0, MAD=2375.1, n=28)"
3395728048205572672,2025-10-29,214142,oneplus,Смартфоны,82376.46,21.2752,10.0,"CombinedScore=21.28; OTS_Z=21.28; COUNT_Z=2.48; daily_ots=82376.5 > thresh=41004.4 (median=4311.5, MAD=2474.9, n=851)"
3467784016540725761,2025-10-29,200782,braun,Малая техника,35388.576,12.2283,10.0,"CombinedScore=12.23; OTS_Z=12.23; COUNT_Z=1.68; daily_ots=35388.6 > thresh=29583.7 (median=3533.4, MAD=1757.1, n=297)"
5989800476951830080,2025-10-29,199661,baxi,Крупная техника,37085.949,16.1685,10.0,"CombinedScore=16.17; OTS_Z=16.17; COUNT_Z=1.74; daily_ots=37085.9 > thresh=24397.7 (median=3828.2, MAD=1387.4, n=116)"
6341072931965192050,2025-10-29,216181,redmi,Смартфоны,44800.224,11.2954,10.0,"CombinedScore=11.30; OTS_Z=11.30; COUNT_Z=5.32; daily_ots=44800.2 > thresh=40150.5 (median=4256.6, MAD=2421.0, n=4609)"
8872102004503143591,2025-10-29,206402,google pixel,Смартфоны,86342.355,19.1846,10.0,"CombinedScore=19.18; OTS_Z=19.18; COUNT_Z=1.31; daily_ots=86342.4 > thresh=47325.1 (median=4843.7, MAD=2865.4, n=681)"
8872102004503143591,2025-10-29,213703,nothing,Смартфоны,86342.355,21.4907,10.0,"CombinedScore=21.49; OTS_Z=21.49; COUNT_Z=2.10; daily_ots=86342.4 > thresh=42612.2 (median=4555.4, MAD=2566.9, n=276)"
8872102004503143591,2025-10-29,214142,oneplus,Смартфоны,345369.42,92.9492,10.0,"CombinedScore=92.95; OTS_Z=92.95; COUNT_Z=6.82; daily_ots=345369.4 > thresh=41004.4 (median=4311.5, MAD=2474.9, n=851)"
8872102004503143591,2025-10-29,214199,oppo (электроника),Смартфоны,57561.57,15.5875,10.0,"CombinedScore=15.59; OTS_Z=15.59; COUNT_Z=0.83; daily_ots=57561.6 > thresh=38433.0 (median=4198.8, MAD=2309.1, n=872)"
8872102004503143591,2025-10-29,221229,vivo (электроника),Смартфоны,57561.57,13.1059,10.0,"CombinedScore=13.11; OTS_Z=13.11; COUNT_Z=0.78; daily_ots=57561.6 > thresh=45028.8 (median=4677.5, MAD=2721.7, n=1154)"
8872102004503143591,2025-10-29,221942,xiaomi,Смартфоны,201465.495,55.8231,10.0,"CombinedScore=55.82; OTS_Z=55.82; COUNT_Z=4.27; daily_ots=201465.5 > thresh=39628.5 (median=4310.7, MAD=2382.2, n=3163)"
8872102004503143591,2025-10-29,281079,samsung galaxy,Смартфоны,115123.14,26.973,10.0,"CombinedScore=26.97; OTS_Z=26.97; COUNT_Z=1.77; daily_ots=115123.1 > thresh=45631.7 (median=4689.4, MAD=2761.6, n=7433)"
225193009216446528,2025-10-30,202429,cropp,Обувь,26475.606,122.3669,10.0,"CombinedScore=122.37; OTS_Z=122.37; COUNT_Z=3.43; daily_ots=26475.6 > thresh=3634.2 (median=1601.5, MAD=137.1, n=17)"
1306055918923481346,2025-10-30,369276,iqoo,Смартфоны,204047.008,58.6354,10.0,"CombinedScore=58.64; OTS_Z=58.64; COUNT_Z=5.12; daily_ots=204047.0 > thresh=38107.0 (median=3987.8, MAD=2301.3, n=858)"
1585271561336825728,2025-10-30,200242,biorepair,Уход за полостью рта,41563.422,14.2176,10.0,"CombinedScore=14.22; OTS_Z=14.22; COUNT_Z=7.54; daily_ots=41563.4 > thresh=30402.7 (median=3940.7, MAD=1784.9, n=164)"
1585271561337009256,2025-10-30,217033,salamander,Обувь,25598.414,13.0982,10.0,"CombinedScore=13.10; OTS_Z=13.10; COUNT_Z=1.83; daily_ots=25598.4 > thresh=20191.1 (median=2737.9, MAD=1177.2, n=201)"
1585271561337054434,2025-10-30,213486,nikon,Малая техника,52862.432,10.3654,10.0,"CombinedScore=10.37; OTS_Z=10.37; COUNT_Z=8.09; daily_ots=52862.4 > thresh=51185.6 (median=5298.1, MAD=3095.1, n=416)"
2810252842425727873,2025-10-30,198484,apple iphone,Смартфоны,89897.654,17.4531,10.0,"CombinedScore=17.45; OTS_Z=17.45; COUNT_Z=12.88; daily_ots=89897.7 > thresh=53838.7 (median=5457.4, MAD=3263.3, n=9860)"
3963175209649623032,2025-10-30,216114,realme,Смартфоны,51111.136,12.2415,10.0,"CombinedScore=12.24; OTS_Z=12.24; COUNT_Z=0.63; daily_ots=51111.1 > thresh=42576.5 (median=4500.5, MAD=2568.2, n=3843)"
6341072931965192431,2025-10-30,198484,apple iphone,Смартфоны,58665.32,10.9976,10.0,"CombinedScore=11.00; OTS_Z=11.00; COUNT_Z=2.45; daily_ots=58665.3 > thresh=53838.7 (median=5457.4, MAD=3263.3, n=9860)"
8079469907788932736,2025-10-30,207447,honor,Смартфоны,74332.013,18.8974,10.0,"CombinedScore=18.90; OTS_Z=18.90; COUNT_Z=3.88; daily_ots=74332.0 > thresh=41345.0 (median=4270.0, MAD=2500.7, n=4464)"
8800233530290716352,2025-10-30,213703,nothing,Аудиотехника,71187.597,19.5046,10.0,"CombinedScore=19.50; OTS_Z=19.50; COUNT_Z=3.63; daily_ots=71187.6 > thresh=39157.4 (median=5457.5, MAD=2273.1, n=52)"
8800233530290716352,2025-10-30,216114,realme,Аудиотехника,71187.597,12.3975,10.0,"CombinedScore=12.40; OTS_Z=12.40; COUNT_Z=1.92; daily_ots=71187.6 > thresh=58566.6 (median=5924.6, MAD=3550.7, n=274)"
8872102004503143591,2025-10-30,214142,oneplus,Смартфоны,117379.496,30.8147,10.0,"CombinedScore=30.81; OTS_Z=30.81; COUNT_Z=1.86; daily_ots=117379.5 > thresh=41004.4 (median=4311.5, MAD=2474.9, n=851)"
360295281038589837,2025-10-31,216114,realme,Смартфоны,46367.854,10.9957,10.0,"CombinedScore=11.00; OTS_Z=11.00; COUNT_Z=0.63; daily_ots=46367.9 > thresh=42576.5 (median=4500.5, MAD=2568.2, n=3843)"
360295281038589837,2025-10-31,238974,tecno spark,Смартфоны,46367.854,13.134,10.0,"CombinedScore=13.13; OTS_Z=13.13; COUNT_Z=0.89; daily_ots=46367.9 > thresh=36237.5 (median=3913.1, MAD=2180.3, n=1254)"
1585271561336944156,2025-10-31,221229,vivo (электроника),Смартфоны,47492.17,10.6105,10.0,"CombinedScore=10.61; OTS_Z=10.61; COUNT_Z=3.12; daily_ots=47492.2 > thresh=45028.8 (median=4677.5, MAD=2721.7, n=1154)"
1585271561337054434,2025-10-31,213486,nikon,Малая техника,80936.772,16.4835,10.0,"CombinedScore=16.48; OTS_Z=16.48; COUNT_Z=12.82; daily_ots=80936.8 > thresh=51185.6 (median=5298.1, MAD=3095.1, n=416)"
1810524221977767617,2025-10-31,214199,oppo (электроника),Смартфоны,51841.951,13.9168,10.0,"CombinedScore=13.92; OTS_Z=13.92; COUNT_Z=4.96; daily_ots=51842.0 > thresh=38433.0 (median=4198.8, MAD=2309.1, n=872)"
2098735651169564096,2025-10-31,208520,jogel,Одежда,43400.964,14.9707,10.0,"CombinedScore=14.97; OTS_Z=14.97; COUNT_Z=3.33; daily_ots=43401.0 > thresh=30481.2 (median=4489.4, MAD=1753.1, n=20)"
2242869852638387712,2025-10-31,307362,чистая линия (косметика),Средства для умывания и ухода за лицом,55209.76,22.9345,10.0,"CombinedScore=22.93; OTS_Z=22.93; COUNT_Z=6.62; daily_ots=55209.8 > thresh=25941.9 (median=3314.1, MAD=1526.2, n=75)"
3107495819638266880,2025-10-31,208807,karcher,Малая техника,40352.058,11.9745,10.0,"CombinedScore=11.97; OTS_Z=11.97; COUNT_Z=1.61; daily_ots=40352.1 > thresh=34348.3 (median=3941.5, MAD=2050.9, n=479)"
3314654999816724296,2025-10-31,216161,red solution,Малая техника,32043.6,10.644,10.0,"CombinedScore=10.64; OTS_Z=10.64; COUNT_Z=1.07; daily_ots=32043.6 > thresh=30322.4 (median=3595.2, MAD=1802.7, n=112)"
3539841610578587776,2025-10-31,221547,wella,Краски для волос,31070.316,15.9118,10.0,"CombinedScore=15.91; OTS_Z=15.91; COUNT_Z=2.45; daily_ots=31070.3 > thresh=20786.2 (median=3390.5, MAD=1173.3, n=19)"
6196960147642318811,2025-10-31,242139,яндекс,Аудиотехника,45895.803,12.7118,10.0,"CombinedScore=12.71; OTS_Z=12.71; COUNT_Z=1.46; daily_ots=45895.8 > thresh=36944.9 (median=3938.1, MAD=2226.3, n=2495)"
6278860252023740416,2025-10-31,208338,janome,Малая техника,28588.98,10.1756,10.0,"CombinedScore=10.18; OTS_Z=10.18; COUNT_Z=3.12; daily_ots=28589.0 > thresh=28154.2 (median=3400.5, MAD=1669.6, n=110)"
7576643904375722625,2025-10-31,213474,nike,Обувь,90530.088,22.991,10.0,"CombinedScore=22.99; OTS_Z=22.99; COUNT_Z=1.80; daily_ots=90530.1 > thresh=41879.1 (median=4429.4, MAD=2526.0, n=1795)"
7576643904375722625,2025-10-31,218758,stone island,Одежда,22632.522,10.7173,10.0,"CombinedScore=10.72; OTS_Z=10.72; COUNT_Z=0.00; daily_ots=22632.5 > thresh=21324.7 (median=3092.1, MAD=1229.8, n=219)"
7576643904375722625,2025-10-31,219744,timberland,Обувь,90530.088,17.251,10.0,"CombinedScore=17.25; OTS_Z=17.25; COUNT_Z=3.40; daily_ots=90530.1 > thresh=54610.2 (median=5072.3, MAD=3341.3, n=106)"
8430745561286483350,2025-10-31,209316,kodak,Малая техника,20737.088,15.7006,10.0,"CombinedScore=15.70; OTS_Z=15.70; COUNT_Z=1.58; daily_ots=20737.1 > thresh=14544.5 (median=3681.5, MAD=732.7, n=13)"
8872102557463947648,2025-10-31,198484,apple iphone,Смартфоны,58020.012,10.8643,10.0,"CombinedScore=10.86; OTS_Z=10.86; COUNT_Z=1.23; daily_ots=58020.0 > thresh=53838.7 (median=5457.4, MAD=3263.3, n=9860)"
